year,kind,division,award,title,author_affiliation,official_summary,url,local_path,retrieved_at,sha256,bytes,paper_id,page_count,character_count,method_tags,theme_tags,purpose_excerpt,conclusion_excerpt,text_path,note_path
2018,paper,高校生の部,総務大臣賞,本当に日本の医療は危機的状況にあるのか?,大段 利々子(広島大学附属高等学校) 医療問題について、医師数、病院数と人口構成比や自治体の経済力などの関係性を分析した上で、高齢者の地域経済への貢献が重要と指摘,,https://www.nstac.go.jp/sys/files/sites/3/static/statcompe/files/2018/2018H-daijin.pdf,references/awards/raw/2018/high-school/2018H-daijin.pdf,2026-08-17T07:53:46.763074+00:00,e7f020a7b0c244ba133dc8b1075096cd1e9265381d16fb31cd51381c50a0cbb9,658187,2018H-daijin,7,11925,記述統計・可視化 / 相関分析,健康・医療,"研究の目的と 問題意識 の背 景 
 社会の超高齢化、医師の需要と供給のバランスの崩れや地域偏在、さらには医療経済的な視点からも日本の医療
が危 機的 状況 に 陥り つつ あ る と言 われ てい る(1)。 し かし 、 政令 指定 都市 で ある 広島 市 に 住ん でい る私 に は、 これ まで
医療危機を実感することはなかった。そこで、全国の市区町村データから医療および経済に関わるデータを抽出し
て、 「 本 当に 日本 の 医療 は危 機 的状 況に ある の か？ 」を 解 析 した 。 
 
 
2. 研究の方法と 手順 
 SSDSE「都 道 府県 ・ 市区 町村 のす がた （ 社会 ・ 人口 統計 体 系） の 市区 町村 デー タ から 約 100 項目 余を 抜き 出 し、 縦
に市区町村、横にデータ項目が並ぶ表形式のデータに整備したもの」を用い、都道府県別の人口、医師数、病院数
や地 方経 済関 連 のデ ータ を 抽 出し て、 単位 人 口あ たり の 医 師数 、病 院数 な どを 解析 し た 。 
 
 
3. データの抽出、 データセ ッ トへの変数の 追加とそ の出 典、 分析に用い た変数に 行 った変換や加 工など 
 
3.1 医師は本当に 地域偏在 して いるのか？ 
 厚 生労 働省 によ る 「医 師の 需給 に関 する 基 礎資 料」 （平 成29 年 6 月 15 日 ）(2) によ ると 、人 口１ 万 人あ たり 医","考察が的確になるでしょう。 
 
また都道府県別データの全国での分析結果と、 市町村別データの広島県での分析
結果を比較してばらつきの違いを分析していて、 大変興味深い考察もされています。
全国の都道府県は、 必ずしも一様ではありませんので、 データの分布特性や、 各地
域の特徴を示すことができる分析方法などについて、 今後も学習を続けてください。 
 

 1
本当に日本の医療は危機的状況にあるのか？ 
 
 
大段 利々子 
 
 広島大学附属高等学校 1 年 
 
 
 
1. 研究の目的と 問題意識 の背 景 
 社会の超高齢化、医師の需要と供給のバランスの崩れや地域偏在、さらには医療経済的な視点からも日本の医療
が危 機的 状況 に 陥り つつ あ る と言 われ てい る(1)。 し かし 、 政令 指定 都市 で ある 広島 市 に 住ん でい る私 に は、 これ まで
医療危機を実感することはなかった。そこで、全国の市区町村データから医療および経済に関わるデータを抽出し
て、 「 本 当に 日本 の 医療 は危 機 的状 況に ある の か？ 」を 解 析 した 。 
 
 
2. 研究の方法と 手順 
 SSDSE「都 道 府県 ・ 市区 町村 のす がた （ 社会 ・ 人口 統計 体 系） の 市区 町村 デー タ から 約 100 項目 余を 抜き 出 し、 縦
に市区町村、横にデータ項目が並ぶ表形式のデータに整備したもの」を用い、都道府県別の人口、医師数",references/awards/text/2018/high-school/2018H-daijin.txt,references/awards/notes/2018/high-school/2018H-daijin.md
2018,paper,高校生の部,優秀賞,SSDSEデータを活用した全国学習状況調査結果との相関分析,宮本 雨月、金山 瑠依、門脇 俊樹(和歌山県立田辺工業高等学校) 小学生の学習への関心や取組について、家族構成や自治体の教育費等との関係を分析した結果、大家族世帯が学習状況に良い影響を与えると指摘,,https://www.nstac.go.jp/sys/files/sites/3/static/statcompe/files/2018/2018H-yuusyuu.pdf,references/awards/raw/2018/high-school/2018H-yuusyuu.pdf,2026-08-17T07:53:46.763074+00:00,9b7ed60e7bd64a1c0d64afe68c185ddd3f1ceceeccbc0f151378e3230962ac86,503750,2018H-yuusyuu,6,10730,相関分析 / 検定,,"はじめに 
毎年、子供達の学力状況を把握するため文部科学省により全国的な学力調査「全国学力・学習状況調査（全国学
力テスト） 」が実施されている。小学6年生と中学3年生を対象に実施され、結果として国語A・B、算数（数学）
A・B の正答率および学習状況調査の結果が都道府県別に公表されている。結果については、メディア等でも大き
く取り上げられるため世間の関心が高くなっている。 
学習に関する意欲や関心等に関しては本人の要因だけでなく、家庭環境や自治体の政策による影響も考えられ
るため SSDSE のデータの中で、家庭の状況や教育費等の支出に関するデータ項目と学習状況調査結果との関連性
を検討、考察することとした。 
本分析では、 学力である平均正答率には着目せず、 学習状況における学習への関心等のデータに着目して分析を
行うこととし、 特に、 中学生よりは小学生の方が家庭の状況による影響が大きいと考え、 小学生の都道府県別の学
習状況調査結果の数値を基準として、SSDSEのデータ項目を基に加工した関連データとの相関関係を考察した。 
 
2. 研究の方法 
2.1 全国学力・学習状況調査データの活用 
平成 29 年度全国学力・学習状況調査結果資料【小学校・都道府県別】の児童質問紙調査項目
(1)
( 表 1) における学
習に対する関心・意欲・態度（国語への関心等・数学への関心等） 、規範意識・自尊感情、学習の基盤となる活動
習慣（言語活動・読解力・生活習慣・学習習慣）の質問紙結","結論が、 文部科学省などが報告していることに関わるので、 論文の中に、 先行研
究、 参考資料を参照し、 自分たちの分析結果を比較することができれば、 一層優れ
た論文となるでしょう。 
 

SSDSE データを活用した全国学習状況調査結果との相関分析 
 
 
宮本雨月
*1
・金山瑠依
*1
・門脇俊樹
*1
 
 
*1: 和歌山県立田辺工業高等学校 
 
 
 
 
 
1. はじめに 
毎年、子供達の学力状況を把握するため文部科学省により全国的な学力調査「全国学力・学習状況調査（全国学
力テスト） 」が実施されている。小学6年生と中学3年生を対象に実施され、結果として国語A・B、算数（数学）
A・B の正答率および学習状況調査の結果が都道府県別に公表されている。結果については、メディア等でも大き
く取り上げられるため世間の関心が高くなっている。 
学習に関する意欲や関心等に関しては本人の要因だけでなく、家庭環境や自治体の政策による影響も考えられ
るため SSDSE のデータの中で、家庭の状況や教育費等の支出に関するデータ項目と学習状況調査結果との関連性
を検討、考察することとした。 
本分析では、 学力である平均正答率には着目せず、 学習状況における学習への関心等のデータに着目して分析を
行うこととし、 特に、 中学生よりは小学生の方が家庭の状況による影響が大きいと考え、 小学生の都道府県別の学
習状況調査結果の数値を基準として、SSDSEのデータ項目を基に加工した関",references/awards/text/2018/high-school/2018H-yuusyuu.txt,references/awards/notes/2018/high-school/2018H-yuusyuu.md
2018,paper,高校生の部,日本統計協会賞,交流人口増加による愛媛県の活性化,白石 大悟、高田 蒼大、武田 裕喜(愛媛県立松山南高等学校) 人口減少による経済の縮小に対して、外国人旅行者の増加を目指し、温泉旅館の利用促進を提案。様々な公的統計を活用し、経済波及効果も推計,,https://www.nstac.go.jp/sys/files/sites/3/static/statcompe/files/2018/2018H-kyoukai.pdf,references/awards/raw/2018/high-school/2018H-kyoukai.pdf,2026-08-17T07:53:46.763074+00:00,6eafa22aeace1bb44b51f459903714b7f6fd91d131fabf78a54d56c92b93660e,306956,2018H-kyoukai,8,6011,記述統計・可視化,人口・移住,"はじめに 
 現在日本、特に地方部では少子高齢化に伴う大規模な過疎化が進行している（図 1） 。 
2020 年以降は「国立社会保障・人口問題研究所」のデータ（平成 30 年 3 月公表）に基づく推計値では
あるが、首都である東京でさえ人口が減少していくようだ。人口減少に歯止めをかけるべく実行すべき
は人口の増加だろう。しかし、表一のとおり全国のいたるところで人口減少は進んでいるため、他県か
らの移住で愛媛県の人口問題が解決になっても、他県の状況が悪化していくことになる。そこで私たち
が目を付けたのは『交流人口』だ。交流人口とは外部からある地域に目的問わず訪れる人のことで、人
口減少による経済の縮小の穴埋めとして交流人口による経済効果に期待するということだ。 交流人口の
ターゲットとしては外国人旅行客とする。なぜなら、現在、国内総旅行者数と比較して、大幅な増加傾
向を維持しているからだ(図２)。 
 また、交流人口 (外国人)の多い地域と地域の財政力を示す財政力指数の上位１０県を見てみると、東
京都をはじめとする７県が一致した(表１)。 よって私たちは、 「交流人口が増加すれば財政力が強化
されるのではないか」という仮説を立てる。 
 
 
図 1 総人口増減率 
出典：総務省「国勢調査」 、国立社会保障・人口問題研究所「日本の地域別将来推計人口」 
 
 
 
 
 
-8
-6
-4
-2
0
2
4
6
1 9 7 0 1 9 8 0 1 9 9 0 2 0 0 0 2 0","考察する必要があります。 
 
質問項目が多いデータの可視化には、性格の似た項目をまとめるように工夫す
ると考察がしやすいのではないでしょうか。 
 

交流人口増加による愛媛県の活性化 
白石大悟・高田蒼大・武田裕喜 
愛媛県立松山南高等学校 
1. はじめに 
 現在日本、特に地方部では少子高齢化に伴う大規模な過疎化が進行している（図 1） 。 
2020 年以降は「国立社会保障・人口問題研究所」のデータ（平成 30 年 3 月公表）に基づく推計値では
あるが、首都である東京でさえ人口が減少していくようだ。人口減少に歯止めをかけるべく実行すべき
は人口の増加だろう。しかし、表一のとおり全国のいたるところで人口減少は進んでいるため、他県か
らの移住で愛媛県の人口問題が解決になっても、他県の状況が悪化していくことになる。そこで私たち
が目を付けたのは『交流人口』だ。交流人口とは外部からある地域に目的問わず訪れる人のことで、人
口減少による経済の縮小の穴埋めとして交流人口による経済効果に期待するということだ。 交流人口の
ターゲットとしては外国人旅行客とする。なぜなら、現在、国内総旅行者数と比較して、大幅な増加傾
向を維持しているからだ(図２)。 
 また、交流人口 (外国人)の多い地域と地域の財政力を示す財政力指数の上位１０県を見てみると、東
京都をはじめとする７県が一致した(表１)。 よって私たちは、 「交流人口が増加すれば財政力が強化
されるのではないか」という仮説を立てる。",references/awards/text/2018/high-school/2018H-kyoukai.txt,references/awards/notes/2018/high-school/2018H-kyoukai.md
2018,paper,高校生の部,特別賞,機械学習による15歳未満人口の推定,伊藤 寛子(渋谷教育学園幕張高等学校) 機械学習により人口統計データを分析することを試み、その過程を詳細に記載,,https://www.nstac.go.jp/sys/files/sites/3/static/statcompe/files/2018/2018H-tokubetu.pdf,references/awards/raw/2018/high-school/2018H-tokubetu.pdf,2026-08-17T07:53:46.763074+00:00,ee2ce392120faa6ac21575b5fb9c9873afab23047af5f42b02ef30942afb5d19,455705,2018H-tokubetu,7,7646,相関分析 / 重回帰 / 機械学習,人口・移住,"目的を明確にすると良いでしょう。 
 
入力データが「人口総数」 「総面積」 「可住地面積」となっていますが、この３
変数で「15 歳未満人口」を予測することが、なぜ意味があるかなどを示すと良い
でしょう。 
 
この特別賞は社会課題の解決という審査の視点とは少し異なりますが、 「技術
賞」という位置づけと考えて下さい。これからも機械学習の勉強を続けてくださ
い。 
 

機械学習による 15 歳未満人口の推定
伊藤　寛子
渋谷教育学園幕張高等学校１年
1. はじめに
　 近年、都市への人口集中が進んでいるとか、村落において少子化が顕著であるといった報道を目にするこ
とが多い。元々機械学習に興味があった私はこのような報道を見聞きして、市町村別の人口総数・総面積・
可住地面積の値から、回帰モデルを用いた機械学習による15歳未満人口を推定できるではないかと考えた。 
　なぜこれらのデータに目をつけたか。それは、少子化が進んでいる地域は村落が多いと言われることから、
その地域の村落度合いを測ることができるデータ、すなわち人口総数・総面積・可住地面積を用いれば良い
と考えたからだ。 
　本研究の手法が実現することにより、例えば人口急増時の教育施設や福祉施設の需要を予測することが容
易になり、公立学校の運営や、少子化対策に役立つと考えられる。 
　そこで本研究では、線形回帰を用いた機械学習により、市町村別の人口総数・総面積（北方地域及び竹島
を除く）・可住地面積から、15歳未満人口の推定","結論・今後の展望 
5 .1. 15 歳未満人口の推定の精度 
　５回平均の相関係数・決定係数共に 0.9 を超える高い数値が出ており、概ね推定精度は良好であった。ま
た、１回ごとの結果で見ても、決定係数は 0.98 を超える高い数値を安定して出しており、精度はかなり高
いといえよう。 
表１ スコア
回数 スコア
１回目 0.9886389795692969
２回目 0.9908011704351442
３回目 0.9854055839021446
４回目 0.9814707632552758
５回目 0.9905348525568049
平均 0.987370269943733
 15歳未満人口が０人の市町村については、相対誤差による推定値の評価をできないため、ここでは考えな
xi
いものとする。また、以下の相対誤差やそれを用いた指標による評価を行っている部分についても同様であ
る。なお、今回の分析においてテストデータとなった市町村のうち、15歳未満人口が０人の市町村は２市町
村であった。
 5
相対誤差の平均
-0.6
-0.3
0
0.3
0.6
0.9
1.2
1.5
1.8
実際の15歳未満人口（人）
0 37500 75000 112500 150000 187500 225000 262500 300000
0.038
平均値
図３　実際の 15 歳未満人口と推定値の相対誤差

5 .2. 課題 
　図３からもわかるように、実際の15歳未満人口が少ない、概ね 1",references/awards/text/2018/high-school/2018H-tokubetu.txt,references/awards/notes/2018/high-school/2018H-tokubetu.md
2018,paper,大学生・一般の部,総務大臣賞,地方創生における三つの「鍵」,平原 幸輝(早稲田大学人間科学部人間環境科学科) 地方創生のコアである人口増減について、「大学進学率」、「人口当たり医師数」、「労働力人口率」の3つの指標が強い影響力を持っていると指摘。これらの指標に基づき、各市町村を類型化,,https://www.nstac.go.jp/sys/files/sites/3/static/statcompe/files/2018/2018G-daijin.pdf,references/awards/raw/2018/university-general/2018G-daijin.pdf,2026-08-17T07:53:46.763074+00:00,f42cf1ccc81f9c125c530a557f3bdceab50df9f8f17043a63335b82b29efc969,1419372,2018G-daijin,9,28821,記述統計・可視化 / 相関分析 / 重回帰,人口・移住,"はじめに 
 
 現代の⽇本は、 ⼈⼝減少 問題に直⾯している。 総務省統計局『⼈⼝推計』の 「 10 ⽉ 1 ⽇ 現在⼈⼝」の推
移を⾒ ると、 1945 年以降 続いていた ⼈⼝増加は 2004 年をピークに終焉を迎え、 2011 年から 7 年連続で⼈⼝
減少を記録している。また、 国勢調査においても、 調査開始以来初 となる⼈⼝減少 を 2015 年に記録した 。 
 加えて、現代の⽇本は、少⼦⾼齢化 問題にも直⾯している。 15 歳未満の年少 ⼈⼝が総⼈⼝に占める割合は
1975 年以降減少し、 65 歳以上の⽼齢 ⼈⼝が総⼈⼝に占める割合 ( ⾼齢化率 ) は 1948 年以降増加している。世
界保健機関 (WHO) は⾼齢化率に基づいた社会 分類を定義しているが、 ⽇本の⾼齢化率は、 1970 年に「⾼齢
化社会」と⾔われる 7% を超過し、 1994 年には「⾼齢社会」と⾔われる 14% を、 2007 年には「超⾼齢社会」
と⾔われる 21% を超過し、 2017 年には 27.7 % という値を記録するほど、少⼦⾼齢化が深刻化している。 
 ⼈⼝減少と少⼦⾼齢化が深刻化する 今、⼆つの問題を⾷い⽌めなくては、⽇本のさらなる発展どころか、
経済⼒の維持すら困難になるだろう。そして、その解決のために「地⽅創⽣」が必要となるのである 。 
 本稿では、 それぞれの地域で 地⽅創⽣としての 政 策を実施する際に、⾃らの地域がどういった 特性 を持っ
ているかを把握する","考察の手
堅さ、地方創生に資する仮説を示した論文として評価します。 
 
当てはめたモデルの妥当性分析や因果関係の逆転を緩和しようとしている制御
変数の役割など将来議論すべき問題はありますが、人口増減に関する結果の考察
として地域類型化を行い、ビジュアルな地図としてまとめたところに工夫が見ら
れました。 
 
人口増減に関して重回帰分析で「人口増減率」の要因として、 「自然増減率」と
「社会増減率」に分けて分析していますが、結果の考察も要因別に行えばより良
かったでしょう。 
 
大学生単著の論文として高い実証能力を示されており、今後も研鑽を続けてく
ださい。 
 

 1 
地⽅創⽣における 三つの 「鍵」 
― 現代⽇本の現状理解と 地域特性による 類型化― 
 
代表者 ・ 平原 幸輝 
 
早稲⽥⼤学 ⼈間科学部 ⼈間環境科学科 
 
序章・はじめに 
 
 現代の⽇本は、 ⼈⼝減少 問題に直⾯している。 総務省統計局『⼈⼝推計』の 「 10 ⽉ 1 ⽇ 現在⼈⼝」の推
移を⾒ ると、 1945 年以降 続いていた ⼈⼝増加は 2004 年をピークに終焉を迎え、 2011 年から 7 年連続で⼈⼝
減少を記録している。また、 国勢調査においても、 調査開始以来初 となる⼈⼝減少 を 2015 年に記録した 。 
 加えて、現代の⽇本は、少⼦⾼齢化 問題にも直⾯している。 15 歳未満の年少 ⼈⼝が総⼈⼝に占める割合は
1975 年以降減少し、 65 歳以上の⽼齢 ⼈⼝が総",references/awards/text/2018/university-general/2018G-daijin.txt,references/awards/notes/2018/university-general/2018G-daijin.md
2018,paper,大学生・一般の部,優秀賞,人口規模によって異なる保育所数・保育所在所児数・定員充足率の関係,小野島 昂洋(早稲田大学大学院教育学研究科) 保育所数、利用者数、定員充足率は市町村の規模によって、その関係性に差異があることを確認した上で、政策立案においてはこの差異を考慮する必要があると指摘,,https://www.nstac.go.jp/sys/files/sites/3/static/statcompe/files/2018/2018G-yuusyuu.pdf,references/awards/raw/2018/university-general/2018G-yuusyuu.pdf,2026-08-17T07:53:46.763074+00:00,f285b8465f03dfcc050ff3c3d7be0fc3e8f006c7dda676101e13825c490bec2e,377661,2018G-yuusyuu,6,7918,記述統計・可視化 / 相関分析 / 重回帰,人口・移住 / 福祉・子育て,"目的 
 
 近年の日本の人口減少および少子高齢化は、労働力率の低下をもたらしている。 総務省の「労働力調査」
(1)
によれ
ば 1990 年に 63.3% 、 2000 年に 62.4% あった労働力率は 2010 年には 59.6% に下がり、 2017 年にはやや回復して 60.5%
にあがったものの、低い労働力率 は 日本の 課題となっている。こうした状況のもと、 高齢者や女性が 新たな労働力の
担い手と注目されている。 2016 年に閣議決定された「ニッポン一億総活躍プラン」では、 希望出生率 1.8 を目標に、
子育ての環境整備 が掲げられている。 
子育てに大きく関わる保育の受け皿に目を向けると、近年 子どもを保育園に入れるための活動 である「保活」とい
う言葉に代表されるように、 待機児童問題が 喫緊の課題として挙げられている。 政府は 2013 年に「待機児童解消加速
化プラン」に策定し 、 地方自治体の保育の受け皿の拡大を支援している。 厚生労働省の「保育所等関連状況取りまと
め（平成 30 年 4 月 1 日） 」
( 2 )
は 、 プラン策定以後 5 年間で 53.5 万人分の保育 の受け皿が拡大し 、待機児童数も 10 年
ぶりに 2 万人を 下回ったと報告しているが、 政府が目標とする 待機児童数 0 は達成できていない状況にある。 
厚生労働省の 上記の報告では、 待機児童数については地方自治体をベースに報告しているが、保育所等の定員につ
いては","考察したことを高く評
価します。 
 

 
 
人口規模によって異なる 
保育所数・ 保育所在所児数 ・定員充足率の 関係 
 
 
小野島 昂洋 
 
早稲田大学大学院教育学 研究科 
 
 
1. 研究の背景と目的 
 
 近年の日本の人口減少および少子高齢化は、労働力率の低下をもたらしている。 総務省の「労働力調査」
(1)
によれ
ば 1990 年に 63.3% 、 2000 年に 62.4% あった労働力率は 2010 年には 59.6% に下がり、 2017 年にはやや回復して 60.5%
にあがったものの、低い労働力率 は 日本の 課題となっている。こうした状況のもと、 高齢者や女性が 新たな労働力の
担い手と注目されている。 2016 年に閣議決定された「ニッポン一億総活躍プラン」では、 希望出生率 1.8 を目標に、
子育ての環境整備 が掲げられている。 
子育てに大きく関わる保育の受け皿に目を向けると、近年 子どもを保育園に入れるための活動 である「保活」とい
う言葉に代表されるように、 待機児童問題が 喫緊の課題として挙げられている。 政府は 2013 年に「待機児童解消加速
化プラン」に策定し 、 地方自治体の保育の受け皿の拡大を支援している。 厚生労働省の「保育所等関連状況取りまと
め（平成 30 年 4 月 1 日） 」
( 2 )
は 、 プラン策定以後 5 年間で 53.5 万人分の保育 の受け皿が拡大し 、待機児童数も 10 年
ぶりに 2 万",references/awards/text/2018/university-general/2018G-yuusyuu.txt,references/awards/notes/2018/university-general/2018G-yuusyuu.md
2018,paper,大学生・一般の部,日本統計協会賞,地方創生に向けた東京一極集中是正のための定量的都市圏選定指標の提案,池田 泰成、柴辻 優樹、鶏内 朋也、石川 貴啓、佐野 岳史(慶應義塾大学リーディングプログラム) 首都機能を他の都市へ移転することを想定し、地理、経済、生活に係る指標を使って、移転にふさわしい都市を具体的に選定,,https://www.nstac.go.jp/sys/files/sites/3/static/statcompe/files/2018/2018G-kyoukai.pdf,references/awards/raw/2018/university-general/2018G-kyoukai.pdf,2026-08-17T07:53:46.763074+00:00,2f9ffcce4e9dfea1f2a255d7ac8ecff6e85bd7a2e0addbc8a998c5b87a1167dc,445791,2018G-kyoukai,7,9624,相関分析 / クラスタリング,人口・移住,"目的として，現在東京に集中している首都機能を移転する都市圏の中心地としてふさ
わしい都市を選定するための指標を提案し，これをもとに候補都市を選定する． 
 
a. 東京一極集中 とその対応 
現在， 日本は人口や政治・行政， 経済， 文化の諸機能が東京へ集中しており， この状況が問題視されている [1] ．
例えば人口や大学数は東京圏のみで全国の約 30% を占めており，とりわけ所属する学生数は東京圏のみで日本
全国の 40% にのぼる．このような状況は東京圏の優位性を高めることにつながり，この結果さらに東京に人口
や国家の重要な機能を集中させる結果となる． 
東京一極集中は以前より，日本の抱える課題の一つとして議論が行われている．人口が東京圏に集中するこ
とで周辺地域が過密状態となり，これによる住宅問題や通勤時の混雑，大量に発生する廃棄物や環境汚染，犯
罪数の増加等の様々な問題が発生する．東京圏の過密状態は国際政治の観点でも問題となっている．東京の過
密状態は，要人警護の観点では歓迎されるものではなく，その実行を困難にしている．また需要に 伴う地価や
オフィス賃料の向上も，経済的な観点から問題とされる．さらに， 2011 年 3 月 11 日の東日本大震災をはじめと
する近年の日本における災害状況を鑑みれば，政治・経済機能の中枢が東京圏に集中しており，東京が被災し
た際には日本国の主機能が停止しかねない状況は極めて危うい状況にあると考えられる．このような懸念を背
景に，日本にお","結論もインパクトがあります。 
 
一方、結論の妥当性は選択した 16 項目のデータに強く依存しますので、それを
利用した理由や先行研究の記述などがあると良いでしょう。 
 
また、選択した項目間の相関なども示すべきでしょう。公的統計の利用という
意味では、統計モデル的接近も試みることも期待しています。 
 

地方創生に向けた 東京一極集中是正のための 
定量的 都市圏選定指標の提案 
 
 
池田 泰成
*
・ 柴辻 優樹
*
・ 鶏内 朋也
*
・ 石川 貴啓
*
・ 佐野 岳史
*
 
 
*: 慶応義塾 大学 リーディングプログラム 
 
 
1. 背景 
本研究では地方創生を目的として，現在東京に集中している首都機能を移転する都市圏の中心地としてふさ
わしい都市を選定するための指標を提案し，これをもとに候補都市を選定する． 
 
a. 東京一極集中 とその対応 
現在， 日本は人口や政治・行政， 経済， 文化の諸機能が東京へ集中しており， この状況が問題視されている [1] ．
例えば人口や大学数は東京圏のみで全国の約 30% を占めており，とりわけ所属する学生数は東京圏のみで日本
全国の 40% にのぼる．このような状況は東京圏の優位性を高めることにつながり，この結果さらに東京に人口
や国家の重要な機能を集中させる結果となる． 
東京一極集中は以前より，日本の抱える課題の一つとして議論が行われている．人口が東京圏に集中するこ
とで周辺地域が過密状態となり，これによる",references/awards/text/2018/university-general/2018G-kyoukai.txt,references/awards/notes/2018/university-general/2018G-kyoukai.md
2018,paper,大学生・一般の部,特別賞,日本の全市町村における人口の自然増減の分布と説明要因,"小野 恵子(国際基督教大学 社会科学研究所) 宮内 はじめ(Code for Nagoya, OSGeo財団日本支部) 白松 俊(名古屋工業大学大学院 工学研究科) 河口 信夫(名古屋大学大学院 工学研究科) 五十嵐 康伸(パーソルキャリア株式会社) 人口の自然減少について、地理的・時間的な分布を明らかにするとともに、高齢者率、若年女性比、女性・子ども比、都市圏かどうかが影響していると指摘",,https://www.nstac.go.jp/sys/files/sites/3/static/statcompe/files/2018/2018G-tokubetu.pdf,references/awards/raw/2018/university-general/2018G-tokubetu.pdf,2026-08-17T07:53:46.763074+00:00,4ae9f04947a9b20b5359d8ac1f6bd01fa5007da053ab2732b0f9c663c3eb2d2c,1343433,2018G-tokubetu,9,13596,記述統計・可視化 / 相関分析 / 時系列 / 空間分析,人口・移住,"研究の目的と問題意識の背景 
 日本の総人口は 7 年連続で減少し、日本は不可逆的な人口減少時代に突入した。日本における人口
の増減はこれまでの推移と将来予測ともに、地域によって大きな格差があり、大都市圏はむしろ人口
が増え、地方の人口は縮小する傾向が見られる 1）。人口の増減は死亡数と出生数のバランスから来る
自然増減と、転入と転出の差から生まれる社会増減に分けて考えられるが、日本では多くの場合、人
口の自然減と社会減が同時に起こっており、自然減が人口全体の減少にもたらす影響が大きいことが
わかっている 2）。一方で、多産多死から少産少死社会への転換にともなう人口の高齢化、少子化、人
口減少は日本のみならず、多くの先進国で観察されている 3）。欧州では、国レベルで見ると 17 カ国で
人口の自然減が起こっており、地域レベルで見ると欧州全土の郡のうち 58%において死亡数が出生数
を上回っている 4）。米国においても、移民の流入が続いているため人口全体は減っていないものの、
死亡数が出生数を上回ることで人口の自然減が起こっている地域（郡）の数は増加傾向にある 5）。
Johnson らは 2000 年以降のデータを検討し、米国と欧州の両方において多くの郡で人口の自然減が起
こっており、高齢化、出産年齢女性の割合と出生率の低下などがその原因となっていることを示した
4）。 
 日本においては 2000 年代初頭から、近い将来、人口が減少に転じるという「衝撃」6）を踏まえて、
各地の","まとめた統計データを入手・分析しやすいような形で公開するオープン・データの動きが
広がるにつれて、日本の全市町村（1,741）についても、学生や研究者がより体系的で深い調査研究を
行える環境が整いつつある。本研究は、総務省が政府のオープンデータの利活用を促進するために公
開した教育用データセット（ SSDSE、https://www.nstac.go.jp/SSDSE/）に、政府統計の総合窓口 E-Stat
（https://www.e-stat.go.jp/）から得た過去の人口統計を加えて分析を行う。 
 さらに、著者らが開発した、全市町村の人口データを地図上で簡単に見られるデータ可視化ツール
「未来スカウター」についても紹介する。 
 
第 2 章 研究方法と手順 
 人口の自然減少は比較的新しい現象であり、人口動態学においても研究の歴史は深くない。米国では 20
世紀中ごろから一部の地域で自然減が観察されるようになり、 Johnson らは米国での研究で得られた知見を
欧州にも応用し、 21 世紀初頭の欧州・米国の両方で、地域レベルでは広範囲で自然減が起こっていること
な ど を 明 ら か に し た 。 本 論 文 で は 、Johnson ら が 人 口 動 態 研 究 の ト ッ プ 学 術 誌 で あ るPopulation and 
Development Review に発表した分析 4）、分析単位として使われた米国と欧州における County（郡）に最も",references/awards/text/2018/university-general/2018G-tokubetu.txt,references/awards/notes/2018/university-general/2018G-tokubetu.md
2019,paper,高校生の部,総務大臣賞,ワンオペ育児から見る離婚,竹内 遥、江本 もえ、木下 舞、永井 あゆる(お茶の水女子大学附属高等学校) 離婚の要因を探るため、様々な仮説の下、総人口の影響を除いた偏相関係数を用いた相関分析を行った。その結果、離婚要因の一つが、家庭内で女性のみが家事や子育てを行うワンオペ育児にあることを導いた。その上で、ワンオペ育児を防ぐために、男性の育休取得数を増やすことなどを提案している。,,https://www.nstac.go.jp/sys/files/sites/3/static/statcompe/files/2019/2019H1-daijin.pdf,references/awards/raw/2019/high-school/2019H1-daijin.pdf,2026-08-17T07:53:49.443847+00:00,9b0682584038a35515e49298c4243463205f3dc659171110322c8231a2a85c75,478843,2019H1-daijin,8,10294,記述統計・可視化 / 相関分析,,"の目的と問題意識の背景
「３組に１組は離婚している！」という言葉を最近テレビなどでよく耳にする。この数字は「ある一年間に結婚した
数」を「結婚した年にかかわらず、今まで結婚していた全ての人たちの中で離婚した数」で割ることで算出した値であ
るから、統計学的に正しい方法で算出したとは言い難いが、 「離婚」という言葉が社会で大きな話題となっていることは
確かである。離婚は、それにより当事者がどう感じたかに関係なく、当事者にとって大きなストレッサーとなる。離婚
は人生の様々な出来事の中でも、かなりストレスを感じる出来事のうちの 1 つである
(1)。ストレスはあまり大きすぎる
と体に害をきたすので、ストレスと健康の観点で考えれば、離婚はできるだけしないほうが良いだろう。 
ところで、離婚率には地 域差がある（図1） 。離婚率の高い（低い）地域には何か共通する特徴があるのかもしれない。
この地域差から、離婚に影響する因子を探れるのではないかと考えた。 
2. 研究 の方法と手順
この研究では、離婚と関わりのある事柄を、統計学的視点から探ることを目的とする。まず、現代の離婚の特徴につ
いて調べる。次に特徴から離婚数と関わりのある事柄を予想し、仮説を立てる。そして、その仮説が正しいかどうかを
データを分析することによって調べる。県単位で集計したデータと離婚件数の相関を調べる。この時、総人口の影響を
取り除いて分析をするために、総人口を第三の変数とした偏相関係数を用いて分析した。 
3. デー","まとめ（2016） 
育休等取得人数（人） 就業構造基本調査（2012） 
以下の問いに、 「そう思う」 「ややそう思う」と答えた男性の割合（%） 
「自分の家庭
の理想は、 『夫が外で働き、妻が家を守る』ことだ」 
「子どもが小さいうちは、母親は外で働かない方がよい」 
地域における女性の活躍に関する意識
調査（2015） 
図1 都道府県ごとの離婚率（表2より） 

 
 2 
0
5
10
15
20
25
30
35
40
0
1
2
3
4
5
6
7
8
9
10
 
表 2 使用した指標一覧 
指標 計算方法 
離婚率（%） 離婚件数／総人口*1000 
大家族世帯数（件） 一般世帯数 − 核家族世帯数 − 単独世帯数 
「自分の家庭の理想は、『夫が外で働き、妻が家を守る』ことだ」 
と考える男性の割合（%） 
「自分の家庭の理想は、『夫が外で働き、妻が
家を守る』ことだ」という問いに対し 
「そう思う」「ややそう思う」と答えた男性の
割合の合計 
「子どもが小さいうちは、母親は外で働かない方がよい」 
と考える男性の割合（%） 
「子どもが小さいうちは、母親は外で働かない
方がよい」という問いに対し 
「そう思う」「ややそう思う」と答えた男性の
割合の合計 
 
4. データ分析の結果 
4.1 離婚についての基本情報 
離婚した夫婦の、総離婚件数のうち結婚してから離婚するまでの年数の分布（図2）と、同居を解消した時の妻、夫の
それぞれの年齢（図3、4）をヒストグ",references/awards/text/2019/high-school/2019H1-daijin.txt,references/awards/notes/2019/high-school/2019H1-daijin.md
2019,paper,高校生の部,優秀賞,南海トラフ地震に備えて ~指定避難所に3人に1人が避難できず、災害時の医療体制は本当に十分か?~,渡邉 璃里香、吉田 美咲(愛媛県立松山南高等学校) 南海トラフ地震に備えるために、通学している高校から半径3km以内のエリアについて、GISを用い地図上に指定避難所や診療所をプロットすることにより、避難所の分布に空白地帯があり診療所に偏りがあることを指摘した。さらに、幼稚園等の新たな避難所、災害時の医療体制の充実などを提案している。,,https://www.nstac.go.jp/sys/files/sites/3/static/statcompe/files/2019/2019H2-yushu.pdf,references/awards/raw/2019/high-school/2019H2-yushu.pdf,2026-08-17T07:53:49.443847+00:00,250dc130dc40cabc18bb3a105a3ee19bde743adb50113cc4e71ebb6113f67054,1104348,2019H2-yushu,10,6442,空間分析,健康・医療 / 防災・安全,"研究の目的と問題意識の背景 
 政府地震調査研究推進本部によると、現在、３０年以内に南海トラフ地震が起きる確率が 70～80％
と予想されている。また、愛媛県が発表した松山市の被害想定は、最大で震度７の揺れ、火災での焼
失をあわせると建物全壊棟数が３万５千棟を超え、死者数
７１５人、負傷者数５７０７人になると想定
されている(1)。自然災害は避けることができないうえに、ある日突然発生するため、これまで多くの
被害を受けてきた。しかし、日頃から防災対策をし、避難所の確保や負傷者の救護を迅速に行うこと
ができれば、被害を最小限に抑えることができるのではないかと考える。そこで、避難所と災害時の
医療体制の現状とそれらの問題点を明らかにして、改善策を提案することで被害を最小限にしたいと
考えた。 
 
2. 研究方法と手順 
 教育用標準データセット（SSDSE） (2)を使って、各都道府県庁所在地の避難所１か所当たりの人数と
人口１万人あたりの医師数を計算しグラフに表す。ここでは SSDSE のデータから避難所を小学校、中
学校、高等学校、公民館とした。各都道府県庁所在地と松山市を比較して分かることを明確にする。
その後、災害発生時に必要不可欠な医療機関について、外科、産婦人科、小児科、整形外科、内科の
５つに絞り、
jSTAT MAP(3)を用いて松山南高校を中心とした半径 3 ㎞以内の松山市指定避難所と５つの
科を統計 GIS の地図にプロットした。次に、それぞれの分布の特徴、問題","まとめ 
３０年以内に私たちの地域を襲うと言われている南海トラフ地震の被害を少しでも軽減するため、
指定避難所と診療所の現状を地図に表して解析した。その結果、指定避難所や診療所はいずれも共通
して交通に便利な電車の駅付近や主要道路沿いに多く立地し、そこから離れていくにつれ数が少なく
なっていることが分かった。内科は他の科に比べて圧倒的に数が多く災害時にも円滑に対応可能だろ
う。一方で、避難所や内科以外の科がほとんどない地域もある。だが、提案場所を導入することによ
り、距離的な関係で避難することが難しいと考えられる人全員が避難可能となった。また、分布の偏
りも小さくなり、災害時に素早く負傷者の救護を行うことができるため、救うことのできる命は増え
るだろう。少子高齢化の現在、災害時に高齢者や負傷者が自力で遠くへ行くことは難しい。少しでも
災害時の被害を軽減するために、個人だけでなく国や地方公共団体も前もって、指定避難所の設置、
大規模災害時の協定の締結や自衛隊と医療チームの派遣などといった準備をしておくべきである。今
回解析した結果は、南海トラフ地震だけでなく他の自然災害でも役立つと考えられる。過去の出来事
から学んだことを活かして被害を最小限にしていきたい。 
 
8. 参考文献 
 (1) 改訂版まつやま防災マップ 松山市ホームページ 
（http://www.city.matsuyama.ehime.jp/kurashi/bosai/bousai/keihatu/bousaim",references/awards/text/2019/high-school/2019H2-yushu.txt,references/awards/notes/2019/high-school/2019H2-yushu.md
2019,paper,高校生の部,統計数理賞(統計数理研究所賞),過疎地域の現状分析と発展に重要な視点,猪狩 信人(福島工業高等専門学校) 過疎地域の発展に重要な視点を探るため、市区町村を過疎地域とそれ以外に分類し、SSDSEから人口、教育、産業などのデータについて、分布の比較や相関分析を行った。その結果、一次産業の活性化が過疎地域の発展につながることを指摘するとともに、行政機関が資金援助を行うことの必要性を述べている。,,https://www.nstac.go.jp/sys/files/sites/3/static/statcompe/files/2019/2019H3-suri.pdf,references/awards/raw/2019/high-school/2019H3-suri.pdf,2026-08-17T07:53:49.443847+00:00,397a6aafae452791d79b30c4179035e850ee59a963b05a4bb4e50a1273841522,752959,2019H3-suri,9,11875,記述統計・可視化 / 相関分析,人口・移住,"研究の目的 
昭和 30 年代以降の高度経済成長に伴い， 農山漁村地域から都市地域に向けて若者を中心として大きな人口
移動が起こり，農山漁村地域では住民の減少により地域社会の基礎的生活条件の確保にも支障をきたすよう
な，いわゆる過疎問題が発生した(1)。過疎問題は，現代社会の解決すべき問題の一つだろう。本研究では，教
育用標準データセット（以下「SSDSE」とする）とe-Stat(URL: https://www.e-stat.go.jp/)の市区町村デー
タを用いて過疎地域の現状を分析し，過疎地域が発展するために重要な視点を発見することを目標とした。 
 
2. 研究の方法 
2.1. 研究の手順 
始めに，SSDSE-2019A に含まれる 1741 の市区町村を条件に基づいて，過疎地域に該当する市区町村（以下
「過疎地域」とする）と過疎地域に該当しない市区町村（以下「過疎地域外」とする）に分類した。次に，
SSDSE-2019A と e-Stat の市区町村データを用いて，人口，市区町村の財源，産業の視点から，過疎地域と過
疎地域外の違いを分析，考察した。なお，本稿のヒストグラムは，Excel の分析ツールを用いて作成した。 
2.2. 外れ値の検出 
本研究では，データの関係性を正確に捉えるために，3.3.の過疎地域と過疎地域外の分類を除いて，過疎
地域と過疎地域外のそれぞれのデータで外れ値の検出を行い，外れ値を除いたデータで分析を行った。方法
は①と②である(2)。ただ","考察した。なお，本稿のヒストグラムは，Excel の分析ツールを用いて作成した。 
2.2. 外れ値の検出 
本研究では，データの関係性を正確に捉えるために，3.3.の過疎地域と過疎地域外の分類を除いて，過疎
地域と過疎地域外のそれぞれのデータで外れ値の検出を行い，外れ値を除いたデータで分析を行った。方法
は①と②である(2)。ただし，0 で除する計算の場合は，計算結果を 0 とした後で，外れ値の検出を行った。 
任意のデータの名称を𝑥とし，データ𝑥についての𝑖番目のデータを𝑥𝑖とする。 
① データ𝑥の第１四分位数（𝑄1） ，第３四分位数（𝑄3） ，四分位範囲（𝐼𝑄𝑅）を求める。 
② 𝑥𝑖 < 𝑄1 − 1.5 × 𝐼𝑄𝑅 , 𝑄3 + 1.5 × 𝐼𝑄𝑅 < 𝑥𝑖 に該当するデータ𝑥𝑖を発見する。 
2.3. 相関の強さ 
本研究では，２つの変数についての相関係数𝑟を求めたときの相関の強さを，表 1 のようにした(3)。 
表 1 相関の強さ 
0.7 < r ≦ 1 強い正の相関 
0.4 < r ≦ 0.7 中程度の正の相関 
0.2 < r ≦ 0.4 弱い正の相関 
−0.2 < r ≦ 0.2 相関なし 
−0.4 < r ≦ −0.2 弱い負の相関 
−0.7 < r ≦ −0.4 中程度の負の相関 
−1 ≦ r ≦ −0.7 強い負の相関 
 

2 
 
3. データの抽出と追加，加工 
3.1. SSDSE の利用 
本研究で利用した SSDSE の項目",references/awards/text/2019/high-school/2019H3-suri.txt,references/awards/notes/2019/high-school/2019H3-suri.md
2019,paper,高校生の部,統計活用奨励賞(日本統計協会賞),日本で暮らす外国人の動向から見た多民族化,大段 利々子(広島大学附属高等学校) 多民族化が人口問題解決の鍵になるという仮説の下、SSDSEから人口、地方経済関連データを抽出して相関分析を行った。その結果、外国人比率の高い地域が都市部と地場産業を有する地方とに二極化していることなどを示し、新たな産業の展開が外国人の増加、地方創生につながる可能性を指摘している。,,https://www.nstac.go.jp/sys/files/sites/3/static/statcompe/files/2019/2019H4-shorei.pdf,references/awards/raw/2019/high-school/2019H4-shorei.pdf,2026-08-17T07:53:49.443847+00:00,029bea940bd41c0de749c15fa50fb4ee7b512c9b2580c0452191c33701cbfaea,1932424,2019H4-shorei,8,13619,記述統計・可視化 / 相関分析 / 時系列,,研究の目的と問題意識の背景 日本人の人口は連続して減少している一方で、日本に生活・滞在する外国人の人口は増加している。 法務省の調べでは、総人口に占める在留外国人の割合は2019年に2％を超えたとされている(1)。実際、コンビニエンスストアやレストランなどで外国人の店員さんを見る機会が増えたと感じる。一方で、移 民 国 家であるアメリカに比べれば、日本は多民族社会と言うまでには全く至ってなさそうである。今後、 ますます在留外国人が増加することは、 人口減少、 少子高齢化、 地域偏在など、 日本が抱える人口問題の解決につながっていく可能性があるように思う。そこで、 日本に住む外国人の人口の実態や動向を解析し、多民族化の現状と今後について考察した。 2. 研究の方法と手順 SSDSE（教育用標準データセット：Standardized Statistical Data Set for Education）「データ分析のための汎用素材として作成・公開している統計データ：主要な公的統計を地域別に一覧できる表形式のデータセット」の 最 新 版 であるSSDSE-2019A（市区町村データ）とSSDSE-2019B（都道府県・時系列データ）を用い、都道府県別・市町村別の人口、外国人人口、事業数や地方経済関連のデータを抽出して、総人口あたりの外国人人口およびその年次推移などを解析した。日本の総人口に含まれる外国人とは、 本邦内に常住している者 （当該住居に3か月以上にわたって住んでいるか、又は住,"考察
も丁寧で、⽇本に住む外国⼈の⼈⼝の実態や動向を適切に⽰し、結論には意外性はな
いが、ち密な展開が⾏われ論⽂として読みごたえがある。記載された図のひとつは別
のものではないかとの指摘
(注)もあったが、⼤変優秀な論⽂と評価された。 
(注) この論⽂では図を修正済み 
 
 
 

 1 
日本で暮らす外国人の動向から見た多民族化 大段 利々子 広島大学附属高等学校２年 1. 研究の目的と問題意識の背景 日本人の人口は連続して減少している一方で、日本に生活・滞在する外国人の人口は増加している。 法務省の調べでは、総人口に占める在留外国人の割合は2019年に2％を超えたとされている(1)。実際、コンビニエンスストアやレストランなどで外国人の店員さんを見る機会が増えたと感じる。一方で、移 民 国 家であるアメリカに比べれば、日本は多民族社会と言うまでには全く至ってなさそうである。今後、 ますます在留外国人が増加することは、 人口減少、 少子高齢化、 地域偏在など、 日本が抱える人口問題の解決につながっていく可能性があるように思う。そこで、 日本に住む外国人の人口の実態や動向を解析し、多民族化の現状と今後について考察した。 2. 研究の方法と手順 SSDSE（教育用標準データセット：Standardized Statistical Data Set for Education）「データ分析のための汎用素材として作成・公開している統計データ：主要な公的統計を地域別に一覧できる表形式の",references/awards/text/2019/high-school/2019H4-shorei.txt,references/awards/notes/2019/high-school/2019H4-shorei.md
2019,paper,高校生の部,特別賞,旅館及びホテルにおける日本人・外国人宿泊客の都道府県別増減から考える旅館の復活 ―岡山県湯原温泉の視点からインバウンド需要を旅館に取り込む方策―,池田 雅子(岡山県立岡山操山高等学校) 生まれ育った温泉地の復興に向けて、インバウンド消費が重要であるという仮説の下、GISソフトを用いた分析や相関分析などを行った。ビジネスホテルと外国人観光客数には正の相関が観察されることから、設備投資を行い、和風のビジネスホテルにするなど、地方の旅館再生モデルを提案している。,,https://www.nstac.go.jp/sys/files/sites/3/static/statcompe/files/2019/2019H51-toku1.pdf,references/awards/raw/2019/high-school/2019H51-toku1.pdf,2026-08-17T07:53:49.443847+00:00,3e541b12493be298c76c98cafe5c2b1476344ad77f8ac636bd033f54e352026f,1026628,2019H51-toku1,8,5876,記述統計・可視化 / 相関分析 / 空間分析,,"はじめに 
岡山県北部にある湯原温泉の宿泊施設は全部で15 軒ある。宿泊者数はバブル期の1989 年に220,832
人であったが、2018 年には128,274 人まで減少した。私は、その湯原温泉の旅館「米屋」の娘として湯
原温泉で生まれ育った。近年は、日本全体でインバウンドによる観光客と観光収入の増加が話題となっ
ているが、残念ながら湯原温泉がその影響を受けているという実感がない。 
 
2. 目的・方法 
観光振興に外国人宿泊客の重要性を考えるとともに、旅館やホテルといった宿泊タイプの違いと都道
府県別の宿泊客数の増減からそれらに差があることを確認して、観光振興に有効な地域を見出し、その
要因を考察する。それらから、湯原温泉の旅館を生き返らせる方法を考察し、地方の旅館再生のモデル
とする。 
分析や考察に用いた統計データや手法は次のとおりである。 
・2007 年～2016 年における旅館・ホテル営業客室 SSDSE-2019B 厚生労働省政策統括官付参事官付
「衛生行政報告例」 
・2007 年～2018 年日本人及び外国人の延べ宿泊者数 宿泊旅行統計調査（国土交通省観光庁） 
・1989 年～2018 年大人宿泊者数 湯原町旅館協同組合調べ 
・GIS ソフトＭＡＮＤＡＲＡ から都道府県別階級区分図を作成して、地域間の違いを分析 
・MicrosoftExcel を用いてグラフ作成、考察 
・統計ソフトＳＰＳＳを用いて相関の分析","結論に関わる議論がもう少し丁寧に考察されると良いが、テーマも含めて⾯⽩い
レポートと評価された。 
 
 

1 
 
旅館及びホテルにおける 
日本人・外国人宿泊客の都道府県別増減から考える旅館の復活 
―岡山県湯原温泉の視点からインバウンド需要を旅館に取り込む方策― 
岡山県立岡山操山高等学校３年 
池田 雅子 
 
1. はじめに 
岡山県北部にある湯原温泉の宿泊施設は全部で15 軒ある。宿泊者数はバブル期の1989 年に220,832
人であったが、2018 年には128,274 人まで減少した。私は、その湯原温泉の旅館「米屋」の娘として湯
原温泉で生まれ育った。近年は、日本全体でインバウンドによる観光客と観光収入の増加が話題となっ
ているが、残念ながら湯原温泉がその影響を受けているという実感がない。 
 
2. 目的・方法 
観光振興に外国人宿泊客の重要性を考えるとともに、旅館やホテルといった宿泊タイプの違いと都道
府県別の宿泊客数の増減からそれらに差があることを確認して、観光振興に有効な地域を見出し、その
要因を考察する。それらから、湯原温泉の旅館を生き返らせる方法を考察し、地方の旅館再生のモデル
とする。 
分析や考察に用いた統計データや手法は次のとおりである。 
・2007 年～2016 年における旅館・ホテル営業客室 SSDSE-2019B 厚生労働省政策統括官付参事官付
「衛生行政報告例」 
・2007 年～2018 年日本人及び外国人の延べ宿泊者数 宿泊旅行",references/awards/text/2019/high-school/2019H51-toku1.txt,references/awards/notes/2019/high-school/2019H51-toku1.md
2019,paper,高校生の部,特別賞,香川県の交通事故発生の要因を交通違反件数を基に分析する,宇川 昇吾、宮本 紫苑、山地 悠介(香川県立観音寺第一高等学校) 香川県の交通事故発生件数が多いという問題意識の下、交通事故発生要因を解析するため、交通違反件数を説明変数とする重回帰分析を行った。その結果、香川県と人口規模が近い和歌山県との比較を通し、香川県では一時停止違反の多さが交通事故の発生に深く関わっていることを指摘している。,,https://www.nstac.go.jp/sys/files/sites/3/static/statcompe/files/2019/2019H52-toku2.pdf,references/awards/raw/2019/high-school/2019H52-toku2.pdf,2026-08-17T07:53:49.443847+00:00,a48640d75977dce0a94c92d3bb09396930531b4142aca418c7650606022eb35a,492545,2019H52-toku2,8,6559,重回帰 / 時系列,防災・安全,"問題意識の下、交通事故発⽣要因を解析する
ため、交通違反件数を説明変数とする重回帰分析を⾏った。その結果、⾹川県と⼈⼝
規模が近い和歌⼭県との⽐較を通し、⾹川県では⼀時停⽌違反の多さが交通事故の発
⽣に深く関わっていることを指摘している。 
 
論⽂審査会コメント 
社会問題を扱った統計データを⽤いたレポートとしては、論⽂の書き⽅にもう少し⼯
夫が必要かもしれないが、データ解析の流れは⾃然であり、⾼く評価された。
SSDSEの活⽤については、不⾜との指摘もあったが、注⽬した問題からすればやむ
を得ないものと認められる。 
 
 

1 
 
 
⾹川県の交通事故発⽣の要因を交通違反件数を基に分析する 
 
宇川 昇吾 宮本 紫苑 ⼭地 悠介 
観⾳寺第⼀⾼等学校 2 年 
 
1. 研究目的と問題意識の背景 
香川県の交通事故状況は全国的に見て長年かなり悪い状況にある。最近は少しずつ改善されてはきてい
るが、それでもなお、交通事故件数は多い状態である。そこで、本研究では香川県と人口の差が最も小さ
く、人口 10 万人あたりの交通事故件数がかなり少ない和歌山県のデータを香川県のデータと比較し、香
川県の交通事故が多い要因を解析することを目的とした。 
2. 研究方法と手順 
香川県の交通事故件数が多い要因を分析するために、SSDSE(都道府県・時系列データ)や警察庁などの
データから自動車運転の違反行為などの交通事故と関係の深い変数を選出し、それを基に重回帰分析を行
った。この研究","考察し、交通事
故数が多い要因を考えた。 
3. データおよび利用する変数の加工 
 回帰分析をする際に変数選択を行い、その結果、分析に使う変数はどちらも６つずつとした。 
3.1 教育用標準データセットからの変数 
SSDSE に含まれるデータからは、「人口総数（A1101）」を使用した。 
3.2 教育用標準データセット以外からの変数 
無免許運転、飲酒運転、最高速度違反、整備不良違反、一時停止違反、駐停車違反などの取り締まり件
数や総交通事故件数、人口 10 万人あたりの交通事故件数の平成 14 年～平成 29 年のデータを使用した。 
なお、人口 10 万人当たりの交通事故件数のデータ以外はすべて「警察庁」のデータを使用し、人口 10
万人当たりの交通事故件数については e-stat「統計でみる都道府県のすがた 2019」のデータを使用した。 
3.3 各変数の要約統計量 
e-stat による「統計でみる都道府県のすがた 2019」によると、香川県と和歌山県の総人口数は 39 位、
40 位とさほど変わりわないが、人口 10 万人当たりの交通事故発生件数は香川県が 6 位 633.5 件、和歌山県
が 36 位 274.2 件と大きく異なる。図１は香川と和歌山の比較のグラフ、図２、図３は人口 10 万人あたり
の交通事故件数と人口総数のグラフである。 

2 
 
 
 
 
 
4. 分析 
4.1 重回帰分析 
警察庁のデータから選出した速度違反件数、飲酒運転件数、",references/awards/text/2019/high-school/2019H52-toku2.txt,references/awards/notes/2019/high-school/2019H52-toku2.md
2019,paper,大学生・一般の部,総務大臣賞,地方創生目標指標に関する変化要因ネットワークの推定とそれに基づく地域間連携策の提案,張 瀚天、白鳥 友風(筑波大学大学院システム情報工学研究科) 地方創生の設定目標について、目標指標に影響を与える変数の相互関係を明らかにするため、共分散行列を用いて要因ネットワーク図を作成し、lasso法による分析を行った。その結果、地域の稼ぐ力が地方創生に重要であることを指摘するとともに、地理的な制約にとらわれない地域間連携を提案している。,,https://www.nstac.go.jp/sys/files/sites/3/static/statcompe/files/2019/2019U1-daijin.pdf,references/awards/raw/2019/university-general/2019U1-daijin.pdf,2026-08-17T07:53:49.443847+00:00,cd357b0f96956e0415ec181819d58dceac976b0ebffbf49e360a7401eaa73ebb,3281609,2019U1-daijin,9,30875,時系列 / 機械学習,人口・移住,,"結論も探索的なものではあるが興味深いものもあった。 
 
 

͢ΔมԽཁҼωοτϫʔΫͷਪఆͱ
ͷఏҊ
ு ᖦఱɾനௗ ༑෩
߈
1 ͸͡Ίʹ
ʹՋ͕ͳ͍ɽಛʹ஍ํʹ͓͍ͯ
͸2015ͷ໿ 28.4% Ͱ͋Δ͕ɼ ͜Ε
͸ 2010 ೥ͷ໿ 27.8% ͔Β 0.6% ͷ૿Ճɼਓ਺ʹͯ͠໿ 51 ສ 3 ઍਓͷ૿Ճͱͳ͍ͬͯΔ [4]গ
ࣄ
͸ 2015 ೥ʹୈ 1ఆͨ͠ [9]ɽ͜ͷํ਑Ͱ͸ɼ ʮ஍ํ૑ੜʯΛୡ੒͢Δ
ຊ໨ඪͱͯ͠ʮ1Λͭ͘Γɼ҆৺ͯ͠ಇ͚ΔΑ͏ʹ͢Δʯ ɼ ʮ2ɽ஍ํ΁ͷ৽͍͠ͻͱͷྲྀΕΛͭ
͘Δʯ ɼ ʮ3๬Λ͔ͳ͑Δʯ ɼ ʮ4୅ʹ͋ͬͨ஍ҬΛͭ͘Γɼ҆৺ͳ͘Β͠Λक
͢Δʯͷ 4ɼ໨ඪ 1ʙ໨ඪ 4ͿʣΛઃఆ͍ͯ͠Δɽͭ·Γɼ͜ΕΒͷ
ʹͳΔͱ͍͏ํ਑͕ଧͪ
ग़͞Ε͍ͯΔɽ͞Βʹ, ͜ΕΒ໨ඪͷୡ੒ΛఆྔతʹධՁ͢Δ΂͘ ,ઓུͰ͸, ͜ΕΒͷ
ຊ໨ඪʹରͯ͠ 15݅,ͯ͠ 116ͷ KPI (key performance indicator) ͕ઃఆ͞Ε͍ͯΔ [12].
͚༷ͯʑͳऔΓ૊Έ͕ͳ͞Ε͓ͯΓ,૝ʯ͸ͦͷ 1 ͭͰ͋Δ.த
૝͸ฏ੒ 26Ͱల։͞Ε͍ͯΔ੍౓Ͱ͋Γ,͢Δ
Λ
Ͱ͋Δ . ͜ΕʹΑΓ, 2019 ೥ 9ͱͯ͠ 32͕ͳ͞Ε͍ͯΔঢ়
ʹ͋Δ [5]. ҰํͰ,ఠ͕͋ΔΑ͏ʹ,·Εͳ͍஍
ΛѱԽͤ͞ΔՄೳੑ͕͋Δ͜
͛ΒΕΔ [13]ఠ͞Ε͍ͯΔΑ͏ʹ [7]ঢ়ͷ͢΂ͯͷ஍ํʹରͯ͠,޿
͑ΒΕΔɽ
·ͨ,ຊ໨ඪ͸ͦΕͧΕಠཱ",references/awards/text/2019/university-general/2019U1-daijin.txt,references/awards/notes/2019/university-general/2019U1-daijin.md
2019,paper,大学生・一般の部,優秀賞,我が国における人口増減の決定要因,竹内 太郎(大阪大学医学部) 都道府県の人口増減について決定要因を探るため、教育、健康・医療分野の指標を説明変数として回帰分析を行った。その結果、高等学校卒業者の進学率、一般診療所数、医師数の増加などが人口増加に影響しているとの結果を得ており、人口減少を克服するための政策立案の基礎資料として提案している。,,https://www.nstac.go.jp/sys/files/sites/3/static/statcompe/files/2019/2019U2-yushu.pdf,references/awards/raw/2019/university-general/2019U2-yushu.pdf,2026-08-17T07:53:49.443847+00:00,fbcf471d24b2afa31778e7ec7705016b6ca01d6c882e7a2781edad6f87e497fd,779949,2019U2-yushu,9,9064,相関分析 / 重回帰 / パネルデータ / 時系列 / 検定,人口・移住,"研究目的 
日本における人口減少は社会的な問題である。2010年の国勢調査において1億 2806万人であった我が国の総
人口は、2060年には8674万人に減少すると推計されている[1]。 
人口減少は、次の3段階に分けて捉えることができる[1]。第1段階：若年人口は減少するが、高齢者は増加す
る時期、第2段階：若年人口の減少が加速するとともに、高齢者人口が微減へと転じる時期、第3段階：若年人
口の減少がより一層加速化し、高齢者人口も減少する時期、の3つである。日本は今、第1段階にあるが、やが
て第2段階に転じることが予想されている。若年人口は一貫して減少しており、今後その傾向はますます顕著に
なると予想されている。一方、老年人口割合（65歳以上人口）は増加し続けており、2060年にはおよそ40%に
達すると推計されている[1]。 
人口減少がもたらす影響は、経済、地域社会、財政等広範にわたる[1]。経済面では、老年人口の増加に伴い就
業者数が減少し、経済成長が停滞することが懸念されている[2] [3]。地域社会では、労働人口減少や消費の停滞に
より地域経済社会の減少が懸念されている[1]。社会保障では、社会保障の担い手である生産年齢人口が減少する
ことで、社会保障や財政維持が困難になることが懸念されている。 
以上のように、人口減少が日本社会にもたらす影響は広範にわたり、人口減少を克服するための効果的な政策
の立案が必要である。これまでも、医療、教育、労働、財政基盤といった各分","考察
や結論を発展させることが期待できる。 
 
 

 
 1 
我が国における人口増減の決定要因 
竹内太郎*1 
*1: 大阪大学医学部医学科 5 年
1. 研究背景・研究目的 
日本における人口減少は社会的な問題である。2010年の国勢調査において1億 2806万人であった我が国の総
人口は、2060年には8674万人に減少すると推計されている[1]。 
人口減少は、次の3段階に分けて捉えることができる[1]。第1段階：若年人口は減少するが、高齢者は増加す
る時期、第2段階：若年人口の減少が加速するとともに、高齢者人口が微減へと転じる時期、第3段階：若年人
口の減少がより一層加速化し、高齢者人口も減少する時期、の3つである。日本は今、第1段階にあるが、やが
て第2段階に転じることが予想されている。若年人口は一貫して減少しており、今後その傾向はますます顕著に
なると予想されている。一方、老年人口割合（65歳以上人口）は増加し続けており、2060年にはおよそ40%に
達すると推計されている[1]。 
人口減少がもたらす影響は、経済、地域社会、財政等広範にわたる[1]。経済面では、老年人口の増加に伴い就
業者数が減少し、経済成長が停滞することが懸念されている[2] [3]。地域社会では、労働人口減少や消費の停滞に
より地域経済社会の減少が懸念されている[1]。社会保障では、社会保障の担い手である生産年齢人口が減少する
ことで、社会保障や財政維持が困難になることが懸念されている。",references/awards/text/2019/university-general/2019U2-yushu.txt,references/awards/notes/2019/university-general/2019U2-yushu.md
2019,paper,大学生・一般の部,統計数理賞(統計数理研究所賞),マルチレベル分析を用いた市町村大学等進学率の決定要因分析,松本 洋輔(一橋大学経済学部) 大学等進学率の地域格差の要因を探るため、都道府県レベルと市区町村レベルの複数の説明変数を同時に扱うマルチレベル分析を行った。結果として、都道府県レベルでは東京または京都までの距離と大学収容率、市区町村レベルでは課税対象所得、知識集約型産業従事者率等が、大学等進学率に影響していると指摘している。,,https://www.nstac.go.jp/sys/files/sites/3/static/statcompe/files/2019/2019U3-suri.pdf,references/awards/raw/2019/university-general/2019U3-suri.pdf,2026-08-17T07:53:49.443847+00:00,af7ae77e44c15bef830616d302fe4a7ef2c0d1fc5d412c07e7d0e602c1204789,1870849,2019U3-suri,9,13123,記述統計・可視化 / 相関分析 / 重回帰 / 時系列,教育,"目的 
 
 日本の大学等進学率は戦後から上昇傾向を維持しており、近年では全国平均でみると 50%超を記録して
いる。しかしながら、進学率には無視することのできない大きさの地域格差が依然として存在していること
もまた事実である。全国学力調査の結果を参考にする限りでは、中学時代の学力と大学等進学率に殆ど相関
がみられないにも関わらず、このような格差が生まれるのは一体なぜなのであろうか(図 1 参照)。 
図 1 各都道府県の大学等進学率と中学校第３学年対象全国学力調査正答率(出典 学校基本調査 (文部科学省 2014 年)と全国学力調
査結果(文部科学省 2010 年)より作成) 相関係数 0.226 
 
この大学等進学率1の地域格差問題は機会均等や人材有効活用等の観点において興味深い研究対象であ
り、実際に国内でも要因分析を行った先行研究が数多く存在する。上山(2011)(3)では親の所得・職業・学歴
や地域の大学収容率が、友田(1970)(5)では前述のものに加えて人口が大学進学率に影響を与えるとしてい
る。また大井(2013)(1)は大学進学率が全国平均で約 50%であるにも関わらず、未だ大きな地域格差が存在し
ているのは経済的要因だけでは説明不十分であるとし、経済要因を均等化した場合の都道府県別大学進学率
を予測し、地域特有の要因の存在について示唆を出している。 
 しかし、これらの研究はあくまで都道府県単位での大学進学率に対しての研究であり、市町村単位での分
析ではない","考察と共に⼀定の結果を導いており⾼く評価された。 
 
 

1 
 
マルチレベル分析を用いた 
市町村大学等進学率の決定要因分析 
松本 洋輔 
 
一橋大学経済学部 
 
 
第１章 研究の背景と目的 
 
 日本の大学等進学率は戦後から上昇傾向を維持しており、近年では全国平均でみると 50%超を記録して
いる。しかしながら、進学率には無視することのできない大きさの地域格差が依然として存在していること
もまた事実である。全国学力調査の結果を参考にする限りでは、中学時代の学力と大学等進学率に殆ど相関
がみられないにも関わらず、このような格差が生まれるのは一体なぜなのであろうか(図 1 参照)。 
図 1 各都道府県の大学等進学率と中学校第３学年対象全国学力調査正答率(出典 学校基本調査 (文部科学省 2014 年)と全国学力調
査結果(文部科学省 2010 年)より作成) 相関係数 0.226 
 
この大学等進学率1の地域格差問題は機会均等や人材有効活用等の観点において興味深い研究対象であ
り、実際に国内でも要因分析を行った先行研究が数多く存在する。上山(2011)(3)では親の所得・職業・学歴
や地域の大学収容率が、友田(1970)(5)では前述のものに加えて人口が大学進学率に影響を与えるとしてい
る。また大井(2013)(1)は大学進学率が全国平均で約 50%であるにも関わらず、未だ大きな地域格差が存在し
ているのは経済的要因だけでは説明不十分であるとし、経済要因を均等",references/awards/text/2019/university-general/2019U3-suri.txt,references/awards/notes/2019/university-general/2019U3-suri.md
2019,paper,大学生・一般の部,統計活用奨励賞(日本統計協会賞),市区町村別でみる合計特殊出生率推移の特徴分析,村松 波、熊野 翔、川田 瑛貴(武蔵野大学工学部) 少子化問題の特徴を明らかにするため、子ども女性比を用いて市区町村別に合計特殊出生率(TFR)の推定を行い、2015年までの増減について検証を行った。結果として、東京都区部では港区等の増分が大きいことと、TFRの増分は納税者一人あたり所得の増分との相関が高いことを指摘している。,,https://www.nstac.go.jp/sys/files/sites/3/static/statcompe/files/2019/2019U4-shorei.pdf,references/awards/raw/2019/university-general/2019U4-shorei.pdf,2026-08-17T07:53:49.443847+00:00,c97f4dff69c03c643387f72deef178e2be5710e014073ff8565decab2a26ee29,1183887,2019U4-shorei,9,12707,記述統計・可視化 / 相関分析 / 時系列,,"目的 
日本の総人口は 2011 年以来減少を続けており、人口減少の根本的な要因である少子化問題は昨今のわが国
の最重要課題の 1 つとなっている。少子化の指標である合計特殊出生率（Total Fertility Rate（TFR）、以
下 TFR と記す）は、2005 年には 1.26 と過去最低を記録しており、その後少しずつ上昇しているが、人口安定
のための人口置換水準の 2.07 には遠く及んでいない。少子化問題の解決には、TFR を大幅に向上させる必要
があり、そのためには TFR に効いている要因を明らかにし、有効な対策を迅速に打ち出していくことが求め
られる。TFR には多数の要因が相互に絡み合い，複雑な因果関係を形成していることが知られている
1）。一
方、TFR には地域差があることがわかっており、例えば提供データ SSDSE の項目のうち「合計特殊出生率」を
都道府県ごとにグラフ化すると（図 1）、沖縄は他都道府県に比べて高い値で推移している（図 2）。その決定
要因を解明するために，都道府県データを用いた研究
1）、2）などが多くなされてきた。しかし、都道府県単位
では、TFR や様々な指標の市区町村単位のばらつきが平均化されてしまい、特徴が見つけにくくなると考え
られることから、市区町村別にみた TFR データを用いた研究3）、4）も最近行われ始めた。また、TFR の決定要
因やこれまでの施策の効果を探るためには、TFR の時系列変化のデータの利用が重要であ","考察（まとめ） 
研究結果 4.1、4.2、4.3 より、TFR（ベイズ推定）のデータが存在しない年にまで拡張することが出来た
ため、市区町村単位で 20 年間に渡る TFR の推定値の時系列データを取得することが出来た。研究結果 4.4
について、領域を 3 つに絞って少子化問題の要因を検討した。抽出した領域-1-1、領域-2-1，領域-3-3 は
それぞれ表 13 のような特徴がみられた。 
全体的にいえることをまとめると、以下のようになる。 
１）領域の地理的な特徴付け 
①各地方の中では領域分類の傾向が似ているが、地方が異なると領域分類の傾向も異ることがわかった。 
②また領域-1-1 や領域-3-3 など顕著な傾向を持つ自治体は、その周りが同様な傾向をもつ場合もあるが、
図 14 東京都市区町村の TFR 
の年次推移 
図 15 東京都市区町村の納税
義務者一人当たり所得の年次
推移 
図 16 東京都市区町村の納税
義務者一人当たり所得と TFR
の散布図 

8 
 
周りと全く異なり、モザイク的なパターンを持つ場合（例えば北海道）もある。 
２）領域の TFR 関連要因による特徴付け 
①各領域は、大まかにはハイライトされる要因の数によって特徴付けられる傾向にある。 
②各領域内を詳しく見ると、ハイライトされる要因の異なるパターンが複数あるように見える。このことは
各領域を成り立たせるための異なる要因の組み合わせが複数存在することを示唆するものと考えられる。",references/awards/text/2019/university-general/2019U4-shorei.txt,references/awards/notes/2019/university-general/2019U4-shorei.md
2019,paper,大学生・一般の部,特別賞,潜在患者数に対する医師偏在の可視化,眞田 英毅、三浦 萌実(東北大学大学院文学研究科、株式会社社会情報サービス) 医療需要を踏まえた医師偏在の実態を把握するため、潜在的医療需要として入院患者数を二次医療圏別に算出した上でジニ係数を用いて検証を行い、都道府県比較を行った。結果として、医師偏在は、おもに西日本で発生していることを指摘し、都道府県内の医師の割振り配置について提案を行っている。,,https://www.nstac.go.jp/sys/files/sites/3/static/statcompe/files/2019/2019U51-toku1.pdf,references/awards/raw/2019/university-general/2019U51-toku1.pdf,2026-08-17T07:53:49.443847+00:00,492dafd46659c03fc57970c64c2646d37b6ab945a68fd7fa2fdf9bd4ca11e900,576504,2019U51-toku1,7,13006,記述統計・可視化 / 因果推論,健康・医療,"研究の目的と問題意識の背景 1.1 問題意識 医療格差、という言葉はここ数十年で日本において浸透してきた。医療格差は多くの格差を含む包括的な概念であるが、特に高齢化が進む中で、医療へのアクセスにおける格差が社会的課題としての重要性を増している。平成20年度以降、医学部の入学定員は過去最大規模まで増員され、医師数は着実に増加してきた一方、医師の地域偏在・診療科偏在は依然として解消されておらず、地域・診療科によってはいまだ「医師不足」との指摘がある(1)。 
 図1 医師数の推移(2) 地域ごとの医師数の比較には、これまで一般的に人口10万人対医師数が用いられて、この指標をもとに医師偏在が語られてきた。しかしこの指標では「医療需要（ニーズ） 」などの要素が考慮されておらず、医師の地域偏在・診療科偏在を統一的に測る「ものさし」にはなっていない(2)。厚生労働省医政局が実施する医師需給分科会第2次中間取りまとめでは、医師偏在対策の基本的考え方として「都道府県が主体的・実効的に医師偏在対策を講じることができる体制の構築」が掲げられており(3)、新しい指標の開発は急務といえる。そこで本稿では新しく入院患者数という情報を用いる。人口だけではどれほど医療需要があるのか判然としないが、入院患者は実際に医療を必要としていている人の数であり、その都道府県における潜在的な医療需要とみなすことができる。都道府県を一つの単位として、地域ごとの医師数の比較に医療需要の要素を取り入れることで医療へのアクセスの実",まとめでは、医師偏在対策の基本的考え方として「都道府県が主体的・実効的に医師偏在対策を講じることができる体制の構築」が掲げられており(3)、新しい指標の開発は急務といえる。そこで本稿では新しく入院患者数という情報を用いる。人口だけではどれほど医療需要があるのか判然としないが、入院患者は実際に医療を必要としていている人の数であり、その都道府県における潜在的な医療需要とみなすことができる。都道府県を一つの単位として、地域ごとの医師数の比較に医療需要の要素を取り入れることで医療へのアクセスの実態を明らかにするとともに、従来の人口対医師数では明らかにすることのできなかった医師偏在の現状を提示する。 1.2 先行研究 日本における医師偏在については、地理的分布の観点からアプローチした小林ら（1992）(4)、鳥谷部（2009）(5)の研究がある。小林らは、全国の市町村について、医師数と人口を用いて2時点のローレンツ曲線を描き、ジニ係数を比較した。そして1980年と1990年の間で増加した医師によって、医師偏在が改善されたか否かを検証した。鳥谷部は、ジニ係数に加えてアトキンソン尺度、タイル尺度を用いて小林らと同様の研究を行っており、1996年から2006年までの間の医師数とその偏在の変化を追っている。 これらの研究はいずれも、全国の市町村について医師偏在の様子を異なる時点間で比較しているが、同じ時点での医師偏在を明らかにした研究としては、三浦ら（2010）(6)がある。この研究では、人口10,references/awards/text/2019/university-general/2019U51-toku1.txt,references/awards/notes/2019/university-general/2019U51-toku1.md
2019,paper,大学生・一般の部,特別賞,外国人人口と市区町村の特性との関係性,西尾 春香(関西学院大学経済学部) 外国人人口と自治体の特性との関係について分析するため、市区町村別の統計指標を用いた重回帰分析を行い、人口密度や製造業等との相関が高いという結果を得た。また、決定木分析、ランダムフォレスト等の追加分析を行い、都市化、働き手不足、特定産業等が外国人人口に影響していることを指摘している。,,https://www.nstac.go.jp/sys/files/sites/3/static/statcompe/files/2019/2019U52-toku2.pdf,references/awards/raw/2019/university-general/2019U52-toku2.pdf,2026-08-17T07:53:49.443847+00:00,c39b962373e8a5fa79d983990fe0a0ba72816dc9f9479a781dce7676cc30559f,580197,2019U52-toku2,9,12236,相関分析 / 重回帰 / 機械学習 / 因果推論,人口・移住,"研究の目的 
近年、日本に住む外国人に対して大きな関心が集まっている(1) (2)。その背景として、1980 年代後半から外
国人人口の増加が顕著になり、リーマンショックや東日本大震災の影響で一時的に減少する時期もあるもの
の、最近も依然として増加傾向にある。さらに、2015 年以降は対前年増減率においても増加の割合が大きく
なっており、総務省が発表した 2019 年 1 月 1 日時点での住民基本台帳に基づく人口、人口動態及び世帯数調
査によると、外国人人口は前年より約 17 万人増えて過去最多、さらに全国の人口総数のうち外国人住民の占
める割合が初めて 2％を超えた。一方で、日本人人口は前年より約 43 万人少なく、10 年連続の減少となっ
た。このように、日本人人口が減少を続けることで不足する労働力を補うためにも年々増加する外国人は欠
かせない存在となっている。加えて、2019 年 4 月 1日より人手不足が深刻な産業分野において在留資格「特
定技能」が新設され、一定の専門性・技能を有する新たな外国人材の受入れが可能となった。特に、熟練者
を想定した特定技能 2 号では定期的な審査を経て、家族の帯同が認められる長期の滞在が可能になる。これ
らの点を踏まえると、在留外国人の増加傾向は今後も続くと考えられる。それに伴い、受け入れの各自治体
では自然災害時の多言語対応や子弟の就学支援など、異なる文化的背景を持つ外国人が生活するための環境
整備に早急に取り組む必要がある
(3)。","考察を深めていきたい。 
 
2. 分析の方法と手順 
本研究の分析においては、外国人人口（10 万人あたり）を目的変数、自治体の多様な特性を説明変数とし
て、両者の間に存在する関係性をいくつかの統計手法を用いて推測する。外国人人口と自治体特性の関連を
分析するための簡潔な手法としては、個々の特性と外国人人口の相関係数を個別に計算することが考えられ
るが、この方法では説明変数間の相関関係を無視することになる。そこで、本研究では重回帰分析を行うこ
とで、外国人人口とすべての特性の関係性を同時に推定する。加えて、分析においては自治体の多面的な特
性を十分記述するために多くの説明変数を用いるが（表 1 参照）、それらすべてが実際に外国人人口と関係が
あるとは限らないため、結果としてパラメータ数が多くなり過ぎてデータへの過適合を招く恐れがある。そ
こで、Best Subset Selection を用いて説明変数の中から目的変数をよく説明すると考えられる部分集合を

 2 
選び出す。 
重回帰分析は目的変数と説明変数の線形関係に基づくが、近年、この線型性を仮定しない機械学習の統計
手法が自然科学、社会科学問わずに様々な分野で広く用いられている(11)。そこで、データを段階的に分割す
る木構造に基づく決定木回帰、さらに複数の木を組み合わせることで予測精度を向上させるランダムフォレ
ストも追加して分析を行う。 
最後に、これら 4 つの分析手法の推定結果を得たあとで 10-fold クロス",references/awards/text/2019/university-general/2019U52-toku2.txt,references/awards/notes/2019/university-general/2019U52-toku2.md
2019,paper,大学生・一般の部,特別賞,「広域連携の政策検証」 ―空間計量経済学的手法による実証分析―,原 康熙、福田 和生、柳田 はづき(早稲田大学政治経済学部、商学部、社会科学部) 地方自治体の広域連携の効果について検証するため、Moran統計量による空間相関分析を行った。その結果、ごみ処理費用については広域連携の効果が確認され、待機児童についても共通の政策目標が形成された自治体の広域連携においては待機児童数が減少し、行政の効率化を促す可能性を指摘している。,,https://www.nstac.go.jp/sys/files/sites/3/static/statcompe/files/2019/2019U53-toku3.pdf,references/awards/raw/2019/university-general/2019U53-toku3.pdf,2026-08-17T07:53:49.443847+00:00,e935cf9686b8cad8f7ad2e976ce6f2efa33f6f16cbd63588929c3cdc31d26e09,1103221,2019U53-toku3,9,14908,記述統計・可視化 / 相関分析 / 重回帰 / 時系列 / 空間分析,労働・経済 / 政治・行政,"はじめに 
1999年から2010年 に か け て 、 総 務 省 の 主 導 に よ る 市 町 村 合 併 の 推 進 、 所 謂 「 平 成 の 合 併 」 が 行 わ れ た 。 こ れ は 財
政 的 に 余 裕 の な い 自 治 体 同 士 の 合 併 を 行 な う こ と に よ り 、 財 政 の 効 率 化 及 び 財 政 基 盤 の 強 化 等 を 図 る 政 策 で あ り 、 当 該
10 年間で約1500程 度 の 市 町 村 の 合 併 が 行 わ れ た 。(1) （図1） 
そ し て 、 そ の 次 段 階 と し て 現 在 進 め ら れ て い る 政 策 と し て 「 広 域 連 携 の 推 進 」 が あ る 。 総 務 省 ホ ー ム ペ ー ジ に よ る
と 、 広 域 連 携 と は 「 地 方 公 共 団 体 が 、 広 域 に わ た り 処 理 す る こ と が 適 当 で あ る と 認 め ら れ る 事 務 を 処 理 す る た め に 設 け
る 特 別 地 方 公 共 団 体 。 国 又 は 都 道 府 県 か ら 直 接 に 権 限 や 事 務 の 移 譲 を 受 け る こ と が で き る 。 」(2)と 説 明 さ れ 、 こ の 制 度
の 活 用 に よ っ て 、 国 や 都 道 府 県 主 導 で は な く 、 市 町 村 主 導 に よ る 一 層 の 行 政 運 営 の 効 率","結論
を導いている図の不備、⼀部の引⽤に誤解があるのではないかなどの批判はあった。 
 
 

「広域連携の政策検証」 
―空間計量経済学的手法による実証分析― 
 
 
原康熙*1・福田和生*2・柳田はづき*3 
 
*1: 早稲田大学政治経済学部 
*2: 早稲田大学商学部 
*3: 早稲田大学社会科学部 
 
1. はじめに 
1999年から2010年 に か け て 、 総 務 省 の 主 導 に よ る 市 町 村 合 併 の 推 進 、 所 謂 「 平 成 の 合 併 」 が 行 わ れ た 。 こ れ は 財
政 的 に 余 裕 の な い 自 治 体 同 士 の 合 併 を 行 な う こ と に よ り 、 財 政 の 効 率 化 及 び 財 政 基 盤 の 強 化 等 を 図 る 政 策 で あ り 、 当 該
10 年間で約1500程 度 の 市 町 村 の 合 併 が 行 わ れ た 。(1) （図1） 
そ し て 、 そ の 次 段 階 と し て 現 在 進 め ら れ て い る 政 策 と し て 「 広 域 連 携 の 推 進 」 が あ る 。 総 務 省 ホ ー ム ペ ー ジ に よ る
と 、 広 域 連 携 と は 「 地 方 公 共 団 体 が 、 広 域 に わ た り 処 理 す る こ と が 適 当 で あ る と 認 め ら れ る 事 務 を 処 理 す る た め に 設 け
る 特 別 地 方 公 共 団 体 。 国",references/awards/text/2019/university-general/2019U53-toku3.txt,references/awards/notes/2019/university-general/2019U53-toku3.md
2019,paper,大学生・一般の部,特別賞,地方創生実現のロジック ―地域経済活性化のメカニズムを解明する―,平原 幸輝(早稲田大学大学院人間科学研究科) 地域経済活性化のメカニズムを解明するため、市区町村別の付加価値額を事業従事者数等から重回帰分析により推計し、人口と付加価値額への影響をパス解析により分析した。結果として、労働・医療・福祉・教育といった社会環境の充実が、人口増加と経済活性化を引き起こし地方創生につながると指摘している。,,https://www.nstac.go.jp/sys/files/sites/3/static/statcompe/files/2019/2019U54-toku4.pdf,references/awards/raw/2019/university-general/2019U54-toku4.pdf,2026-08-17T07:53:49.443847+00:00,d47200d3b6c9c96fec7f5b70c096d73068701130a1a44b911c850ec0e915d725,1758955,2019U54-toku4,9,17505,相関分析 / 重回帰,人口・移住 / 労働・経済,はじめに 『⼈⼝動態調査』と『住⺠基本台帳⼈⼝移動報告』によると、2017年に⼈⼝減少を記録した市区町村の割合は全国で82.4%、⾃然減少は89.8%、社会減少は72.4%となっており、⽇本における⼈⼝減少の深刻さがわかる。加えて、2013年から2017年にかけて5年連続で⼈⼝減少となっている市区町村の割合は全国で71.5%、⾃然減少は81.0%、社会減少は51.2%であり、多くの⾃治体が慢性的な⼈⼝減少に直⾯している。 この深刻かつ慢性的な⼈⼝減少問題の解決を期待されている政策が「地⽅創⽣」であるが、この「地⽅創⽣」を実現するためには、「 地 ⽅ 創 ⽣ 」 が 実 現 す るロジックを根本から理解する必要がある。本稿では、地域における経済の活性化に関するメカニズムを解明することによって、 「地⽅創⽣」 実現のロジックを導き出す。 第1章・地⽅創⽣に関する研究 2014年から安倍晋三政権が進めてきた「地⽅創⽣」政策であるが、その⽬標について⽯破茂地⽅創⽣担当⼤⾂(当時)は「景気回復を全国津々浦々まで実感できるようにすること」 、 安倍晋三⾸相は 「(景気回復を実現した上で)⼈⼝減少を克服する」 ことと、2014年10⽉2⽇の参議院本会議においてそれぞれ述べていることが国会会議録で確認できる。このように地⽅における経済成⻑の達成と⼈⼝減少の克服を⽬指して⾏われてきた「地⽅創⽣」であるが、実はこの「地⽅創⽣」には2つの段階が設定されている。 「地⽅創⽣」の司令塔とも⾔える内閣官房ま,"まとめてきたが、ここからはその結果に対する解釈を加えながら、今後の「地⽅創⽣」政策におけるポイントについて述べていく。 本稿では、各市区町村の事業所数と事業従事者数から付加価値総額を推定するモデルを作成し、この推定式に基づき⽇本全国の付加価値額に関するデータを網羅することが可能となった。 このデータを、2012年と2016年で⽐較すると、約8割の⾃治体において経済活動の⽣産量と⽣産性が向上していることが⽰された。 

 8 
 また、この⽇本全国の付加価値額に関するデータを⽤いて、経済と⼈⼝の構造を解明する分析も⾏った。本稿における分析では「保育」環境の充実が「⼈⼝増減」に対する正の影響を有していることは確認されなかったが、 「労働」 「医療」 「福祉」 「教育」といった社会環境の充実が、⾃然増加や社会増加、そして⼈⼝増加に繋がり、市区町村単位の経済活動の⽣産量と⽣産性の向上に繋がることは統計的に明⽩となった。そして、 「⾃然増減」と「社会増減」の両者が、経済活動の⽣産量と⽣産性の向上に寄与しているとわかった。 このように、地⽅⾃治体における経済的な⽣産活動には「⼈⼝増減」が強く影響を与えている。この点を踏まえると、地域経済の活性化は、各⾃治体における⼈⼝減少の克服、そして⼈⼝増加を達成した上で、実現するものであると⾔える。 つまり、 「地⽅創⽣」 として地域の活性化を達成するためには、 ⼤前提として 「⼈⼝減少問題の解消」が求められており、⼈⼝減少問題を解消することによって地域",references/awards/text/2019/university-general/2019U54-toku4.txt,references/awards/notes/2019/university-general/2019U54-toku4.md
2020,paper,高校生の部,総務大臣賞,人口増加と「住みやすい街」の関係,朝倉翔汰(慶應義塾湘南藤沢高等部) 市区町村の人口増加について、住みやすさに関する項目との相関分析を行ってヒートマップを作成し、安心度、利便性、住環境、労働等が人口増加の要因となることを示して、地域の実情や特色を活かした「住みやすい」街に向けた地方自治体の取り組みが大切であることを指摘している。,,https://www.nstac.go.jp/sys/files/sites/3/static/statcompe/files/2020/2020H1-daijin.pdf,references/awards/raw/2020/high-school/2020H1-daijin.pdf,2026-08-17T07:53:53.879159+00:00,03022691ed1cc10854fff98ac35a3f6a96d04b69505e784ff691c2c4063409d9,1150459,2020H1-daijin,9,11292,記述統計・可視化 / 相関分析 / 時系列 / 検定,人口・移住,"はじめに 
2019 年の人口動態統計で日本人の国内出生数が初めて 90 万人を割った。この現状を少子化社会対策白
書では「86 万ショック」と表現され、世の中の関心事となった。このままでは、出生数は減少する一方で少子高齢
化が加速していくと見込まれており、人口減少に歯止めがかからないのは日本のこれからの 発展を考えるうえで
深刻な問題となっている。 
 少子高齢化対策を考えるということは、人が定住し、子供を産み、育てることを考えることだ。その上で、 人々の
生活のしやすさ、つまり「住みやすさ」 は重要な要素の一つである。今回 、人口増加と市区町村単位での「住み
やすさ」の関係性について分析を行った。人口増加については自然増減と社会増減の 2 つに分けて考え、「住
みやすさ」については医療・福祉、 教育などの【安心度】、飲食・小売店などの 【利便性】、人口密度、人口構成
などの【住環境】、完全失業率などの【労働】の 4 つ観点に分け、人口規模ごとに市区町村をⅠ～Ⅳに分類した
うえで、それぞれで人口増加と「住みやすさ」の各項目との相関関係を分析・考察した。 
 
２． 研究の方法 
２．１ SSDSE-2020A データの活用 
 SSDSE-2020A のデータの内、以下のデータ（表１）を活用し、それぞれの相関関係について分析を行った。 
人口増減や「住みやすさ」に関するデータ項目は東洋経済オンラインの「住みよさランキング 2020」の指標を参
考に追加削除して作成した 【1】【","考察した。 
 
２． 研究の方法 
２．１ SSDSE-2020A データの活用 
 SSDSE-2020A のデータの内、以下のデータ（表１）を活用し、それぞれの相関関係について分析を行った。 
人口増減や「住みやすさ」に関するデータ項目は東洋経済オンラインの「住みよさランキング 2020」の指標を参
考に追加削除して作成した 【1】【3】。人口増減は「自然増減（＝出生数―死亡数）」と「社会増減（＝転入数―転出
数）」。自然増減と社会増減それぞれで「住みやすさ」に関する項目についての相関を分析することにした。 
 
２．２ 人口規模の区分 
 日本の全市区町村のうち、三大都市圏と地方圏では同じ人口増加・減少でも 、要因が一律ではない と考え、
総務省「地方公共団体の区分」【2】 に基づいて全市区町村を人口規模 毎にⅠ～Ⅳの 4 つに分類して分析を行
った（表 2）。分類した中で、SSDSE「出生数・死亡数・転入数・転出数・総人口」の市区町村データから前年人口、
自然増減率、社会増減率をそれぞれ算出し、自然増減率と社会増減率の正負のマトリクスを作成した 。（表 3）
のようにⅠ～Ⅳのいずれの区分でも自然増減率、社会増減率ともに減少している市区町村の割合が最も高く、
人口規模が小さくなるほど自然増減率、社会増減率共に減少している市区町村の割合が高くなる。 
カテゴリー
総人口 総人口（女） 15歳未満人口 15歳未満人口（女） 転出数 出生数
65歳以上人口 15~64歳人口 就",references/awards/text/2020/high-school/2020H1-daijin.txt,references/awards/notes/2020/high-school/2020H1-daijin.md
2020,paper,高校生の部,優秀賞,気温と脳卒中の発症リスクについて,山野瑞起・岩見拓海・黒子風大・柏木創太(兵庫県立姫路西高等学校) 三大疾病の1つである脳卒中が冬に多くなることに着目し、気温や室温との因果関係について仮説を立てて偏相関分析を行い、ヒートショックのリスクを低くする床暖房の普及率の影響を除くことで、気温と脳卒中の相関関係がより強くなることを示している。,,https://www.nstac.go.jp/sys/files/sites/3/static/statcompe/files/2020/2020H2-yushu.pdf,references/awards/raw/2020/high-school/2020H2-yushu.pdf,2026-08-17T07:53:53.879159+00:00,f8d66c7e0182d24c7d469c2577b4abf5a1effbe59655460cbfc9583e3485a277,1317817,2020H2-yushu,8,2553,相関分析,,,,references/awards/text/2020/high-school/2020H2-yushu.txt,references/awards/notes/2020/high-school/2020H2-yushu.md
2020,paper,高校生の部,統計数理賞,観光業による観音寺市の少子高齢化による問題解決,藤村小桜・石川花鈴・石川桜大・川崎泰治・佐藤龍之介・宮武颯樹(香川県立観音寺第一高等学校) 都道府県別の転入者数について、宿泊施設の宿泊者数と相関が見られることを示し、観光業を発展させて観光客が多く来るような場所にすることで移住を増やし、居住地の観音寺市における少子高齢化の問題を解決することを提案している。,,https://www.nstac.go.jp/sys/files/sites/3/static/statcompe/files/2020/2020H3-suri.pdf,references/awards/raw/2020/high-school/2020H3-suri.pdf,2026-08-17T07:53:53.879159+00:00,6d6b6dc04aac73d85ea474ca8a2e321f901cb9a5da60307e8179c9c5c5b6cdfc,1294891,2020H3-suri,8,7365,相関分析,観光・文化,"研究の目的と問題意識の背景 
 現在日本では、少子高齢化が進んでいる。2006年から2017年までの12年間を通して、日本全体で15
歳未満の人口の割合と、15歳から64歳の人口の割合は年々減少している。一方で、65歳以上の人口の
割合は増加し続けている。（図1）また、同様に私たちの住む観音寺市でも年々少子高齢化が進んで
いる。また日本全体と比較すると、観音寺市は老年人口の割合が大きいため、より高齢化が進んでい
ることが分かる。（図2）少子高齢化が進むことで人口減少、労働力の低下とそれに伴う経済の衰
退、医療費の増大など様々な問題が起こっていると考えられている。 
 ここで私たちは、観音寺市の少子高齢化を止め、これらの問題を解決したいと考えた。そのために
「市の観光を発展させ移住したいと思う人を増やすことで、少子高齢化によって生じる問題の解決に
つながるのではないか」という仮説を立て分析を進めた。 
図
1 日本の少子高齢化の現状 図2 観音寺市の少子高齢化の現状
出典：SSDSEー2020B 
SSDSEー2020Bに含まれるデータから各都道府県の過去12年間の「15歳未満人口（A1301）」、「15～64歳人口（A13010
1）」、「65歳以上人口（A1303）」、「総人口（A1101）」を使用しExcelを用いて作成した。
統計局日本の統計2020人口の推移と将来人口 統計かんおんじ‐観音寺市ホームページ
2．研究の手順 
 初めに少子高齢化の問題を解決するために移住者を","考察 
 
4.1 少子高齢化による問題 
 図3より、少子高齢化の進行により、日本の生産年齢人口は1995年をピークに減少をはじ
め、総人口もすでに減少をはじめていることがわかる。総務省の国勢調査によると、2015年
の人口は1億2,520万人、生産年齢人口は7,592万人である。国立社会保障・人口問題研究所
の将来推計人口（出生中位・死亡中位推計）によると、総人口は2048年に1億人を割り、206

 
3 
0年には8,674万人にまで減少すると推計されている。ここから、少子高齢化が進むことで人
口が減少することがわかる。 
図4より、香川県において、老年人口率の増加と並行して総人口が減っていることがわか
る。香川県では年少人口率の変化はあまり見られないが、総人口が減っているため年少人口
は減っていることがわかる。少子高齢化が進むことは人口減少にかかわっていると考えられ
る。 
 
 
 
 
 
 図5より高齢者である65歳以上
は労働力人口がとても少なく25.
4％である。ここから、このまま
高齢化が進むと労働力が不足す
ると考えられる。 
 少子高齢化が進む地域では、人口
を増やすこと、労働力を補う必要が
あることがわかる。ここで、移住者
を増やすことができればこの問題の
解決につながると考えた。 
 
4.2 移住者と観光業の関係 
 観光業が発展すれば、それをきっかけとして移住者が増えると仮定し、都道府県別宿泊者数と転入
者数の相関関係をとる。 
図3 香川県の人",references/awards/text/2020/high-school/2020H3-suri.txt,references/awards/notes/2020/high-school/2020H3-suri.md
2020,paper,高校生の部,統計活用奨励賞,自治体ごとのふるさと納税の必要性を定義する,岡本涼夏(慶應義塾湘南藤沢高等部) 市区町村の歳入及び転入超過数について人口密度と相関が見られることを示し、地方創生を目的とするふるさと納税の必要性の指標として、人口密度を用いることで、必要性が低い自治体が過剰なふるさと納税を集めないように制限を設けることを提案している。,,https://www.nstac.go.jp/sys/files/sites/3/static/statcompe/files/2020/2020H4-shorei.pdf,references/awards/raw/2020/high-school/2020H4-shorei.pdf,2026-08-17T07:53:53.879159+00:00,5ac30eabb675598aca35324a140722cef69f954bd69f690962e927ec3f8ffd5e,1439278,2020H4-shorei,9,9168,記述統計・可視化 / 相関分析,,"目的とするふるさと納税の必要性の指標として、人口密度を用いることで、
必要性が低い自治体が過剰なふるさと納税を集めないように制限を設けることを提案
している。 
論文
審査会コメント 
ふるさと納税の制度問題について仮説を立てて多面的に検証し、異質である特定の
地域の抽出に取り組んでいるのは興味深い。 

1 
自治体ごとのふるさと納税の必要性を定義する 
岡本涼夏 
慶應湘南藤沢高等部 
1. 研究のテーマと目的
1.1 研究の目的と問題意識の背景 
ふるさと納税は納税者が年々増加し、 自治体の歳入増加だけに留まらず、 地域商社・ガバ
メントクラウドファンディング・災害支援・広域連携・交流人口においても重要な役割を果
たすようになっている(1)。一方で、 ふるさと納税のお礼品や特典などが、 制度の目的を逸脱
する過度なお礼品競争になっているとして、問題視されることも少なくない。 実際に、 泉佐
野市はふるさと納税をめぐって裁判が行われていた。そこで、地方創生において地域ごとの
ふるさと納税の必要性という観点から、お礼品競争の是正について考察した。 
1.2 ふるさと納税の定義 
ふるさと納税とは 2008 年から始まった、納税者が任意の都道府県・市区町村へ寄付をす
ることができるという制度である。 その目的は、 地方創生だ。 現在の日本は、 地方に生まれ
地方の行政サービスを受けて育った人たちが、都会に出て都会で生活することで都会の自
治体に税を納めている。 つまり、 地方は行","考察した。 
1.2 ふるさと納税の定義 
ふるさと納税とは 2008 年から始まった、納税者が任意の都道府県・市区町村へ寄付をす
ることができるという制度である。 その目的は、 地方創生だ。 現在の日本は、 地方に生まれ
地方の行政サービスを受けて育った人たちが、都会に出て都会で生活することで都会の自
治体に税を納めている。 つまり、 地方は行政サービスを提供し人材を育てても将来的に税収
にはならず、都会は都会で育った人からも地方で育った人からも税収を得られるというこ
とだ。 その状況を少しでも改善するために、 納税者が税制を通じてふるさとへ貢献できるよ
うにと生まれた制度がふるさと納税制度だ。 
総務省によると、ふるさと納税には 3 つの大きな意義がある(2)。1 つ目は、納税者が寄付
先を選択することができ、 その使われ方を考えるきっかけになること。2 つ目は、 お世話に
なった地域・応援したい地域の力になることができること。3 つ目は、 自治体が国民に取り
組みをアピールすることで、 地域のあり方を改めて考えるきっかけになること。上記の 3 つ
の大きな意義のもと、ふるさと納税制度が作られた。 
納税者は、 確定申告とワンストップ制度のどちらかの処理を行うことで、 寄付を行うこと
ができる。 寄付金のうち2000 円は自己負担となり、残りの部分は住民税や所得税から控除
される(図 1(3))。 
図 1 ふるさと納税の仕組み 

2 
 
2. 研究の方法と手順 
この",references/awards/text/2020/high-school/2020H4-shorei.txt,references/awards/notes/2020/high-school/2020H4-shorei.md
2020,paper,高校生の部,特別賞(統計分析),空き家増加問題を相関関係から読み解く,好田駿成(学習院高等科),,https://www.nstac.go.jp/sys/files/sites/3/static/statcompe/files/2020/2020H51-toku1.pdf,references/awards/raw/2020/high-school/2020H51-toku1.pdf,2026-08-17T07:53:53.879159+00:00,e8d966a700154d1fb3574ed3ecb7cf0cd2d2deca84e941947270b27053ccf746,1050525,2020H51-toku1,9,6845,記述統計・可視化 / 相関分析,,"目的
空き家の増加により、防災、防犯、衛生、景観など、様々な社会的問題が、近年発生しており、平
成二十六年には、国土交通省において、「空家等対策の推進に関する特別措置法（空家法）」も制定
され、政府による空き家対策が徐々に進行しているところである。しかしながら、平成三十年度住
宅・土地統計調査（以下、住宅・土地統計調査とする）によると、全国の空き家は約849万戸にも及
んでおり、それが全住宅に占める割合はおよそ13.60％となっている。これを5年前の平成二十五年の
データと比較するとおよそ30万戸増加しており、20年前の平成十年のデータと比較すると、空き家
の総数はこの20年で272万戸増加しており、約1.5倍にも増加しているのが現状である。 
　このような増加の一途をたどっている空き家については、学術レベルで様々な研究がなされてはい
るものの、各種統計データを使用して発生にかかわる要素を分析した研究論文は見当たらなかった。
そこで本研究では、統計データを使って、空き家増加問題への要因分析をすることを目的とする。 
2. 研究の方法と手順
この研究では、空き家と関係があると推測される要素、例えば、総人口に対する高齢者率、全世帯
に対する核家族世帯率や可住地域面積割合などの様々な要素を、教育用標準データの市区町村別デー
タとe-Stat（https://www.e-stat.go.jp/）の住宅・土地統計調査データから抽出し、Rを用いて相
関関係を明らかにした。加えて、それらの相関","考察を加え、地方公共団体の財政健全度を向上させるなどにより、空き家増加抑止が可能であ
るという政策提言も行った。 
1. 研究のテーマと目的
空き家の増加により、防災、防犯、衛生、景観など、様々な社会的問題が、近年発生しており、平
成二十六年には、国土交通省において、「空家等対策の推進に関する特別措置法（空家法）」も制定
され、政府による空き家対策が徐々に進行しているところである。しかしながら、平成三十年度住
宅・土地統計調査（以下、住宅・土地統計調査とする）によると、全国の空き家は約849万戸にも及
んでおり、それが全住宅に占める割合はおよそ13.60％となっている。これを5年前の平成二十五年の
データと比較するとおよそ30万戸増加しており、20年前の平成十年のデータと比較すると、空き家
の総数はこの20年で272万戸増加しており、約1.5倍にも増加しているのが現状である。 
　このような増加の一途をたどっている空き家については、学術レベルで様々な研究がなされてはい
るものの、各種統計データを使用して発生にかかわる要素を分析した研究論文は見当たらなかった。
そこで本研究では、統計データを使って、空き家増加問題への要因分析をすることを目的とする。 
2. 研究の方法と手順
この研究では、空き家と関係があると推測される要素、例えば、総人口に対する高齢者率、全世帯
に対する核家族世帯率や可住地域面積割合などの様々な要素を、教育用標準データの市区町村別デー
タとe-Stat（https",references/awards/text/2020/high-school/2020H51-toku1.txt,references/awards/notes/2020/high-school/2020H51-toku1.md
2020,paper,高校生の部,特別賞(統計活用),高校生と高齢者の利用で中央商店街を活性化しよう!!,田中千遥・玉井菜実(愛媛県立松山南高等学校),,https://www.nstac.go.jp/sys/files/sites/3/static/statcompe/files/2020/2020H52-toku2.pdf,references/awards/raw/2020/high-school/2020H52-toku2.pdf,2026-08-17T07:53:53.879159+00:00,a4d46ae93556981ef11cf40bfc414921ac071b31bd38589c2c70a36d4fb2e2c3,1636958,2020H52-toku2,9,7209,時系列,,"目的 
私たちの通う高校の近くにある中央商店街（ 銀天街と大街道）は、近年、空き店舗数が
増え、通行量が減少し、活気不足であると 感じる。そこで中央商店街の現状と周辺住人の
状況を分析し、中央商店街の活性化のための施策を考える。 
２．研究の方法と手順 
中央商店街の状況を知るために、松山市のオープンデータを活用し、中央商店街の通行
量や空き店舗数の推移を調べた。 また、 SSDSE（教育用標準データセット） の最新版である
SSDSE-2020A （市区町村データ）と SSDSE-2020B （都 道府県・時系列データ）を用いて、愛
媛県と松山市の人口と、愛媛県の人口推移を調べた。さらに、詳しく見ていくため、松山
市の人口推移を調べ、e- Stat 地図で見る統計（ jSTAT MAP）を用いて、中央商店街周辺の
エリア分析レポートを作成し、年齢別人口状況、世帯人員別状況、経済センサスを分析し
た。また、高校生が中央商店街に何を望んでいるのか調べるために、通っている高校の全
校生徒を対象にアンケートを 実施した。 
３．データセットの加工と追加 
3.1 SSDSE の利用 
表１ 利用した SSDSE の項目 
項目名 年度 出典 
愛媛県 
総人口、年少人口 
生産年齢人口、老年人口 
2010,2015 国勢調査 
松山市 
総人口、年少人口 
生産年齢人口、老年人口 
2015 国勢調査 

3.2 追加データ 
表２ 利用した追加データ 
項目名 年度 出典 
愛媛県","結論・展望 
愛媛県や松山市の人口減少と、中央商店街の現状についてデータから読み取り、私たち
の通う高校の近くにある中央商店街が活気不足であることが分かった。そこで、高校生と
高齢者、 単身世帯者をターゲットとして、中央商店街を活性化させるための具体的な施策
を考えた。 
考えた施策について実際に企業の方にお話を聞くことで、自分たちの考えた施策の課題
と実現性が分かった。加えて、中央商店街を運営する側と利用する側に壁があるのではな
いかということが分かった。運営する側では、消費者が利用できる施設や要望を受け入れ
る仕組みがある反面に、私たち消費者の間にその施設や仕組みがあまり知られていない。
この中央商店街を運営する企業と、利用する人々の声をつなぐ役割が必要なのだと思う。
私たちが、 この研究を通して考えた施策でその役割を担い、中央商店街の活性化へとつな
げていきたい。 
 
７. 引用・参考文献 
・総務省｢国勢調査｣ 
・国立社会保障・人口問題研究所｢日本の地域別将来推計人口｣ 
・松山市ホームページ「 中心市街地の現状と課題」 
https://www.city.matsuyama.ehime.jp/shisei/machizukuri/toshikeikaku/Urban
design/kouminittaigata- 1.files/shiryou1.pdf （2020.8.31 確認） 
・e-Stat 地図で見る統計（ jSTAT MAP）エリア分析レポート（ H2",references/awards/text/2020/high-school/2020H52-toku2.txt,references/awards/notes/2020/high-school/2020H52-toku2.md
2020,paper,高校生の部,特別賞(統計活用),空き家を減らすために,田中月霧・福永奈々花・冨谷伊吹・美安健志(兵庫県立姫路西高等学校),,https://www.nstac.go.jp/sys/files/sites/3/static/statcompe/files/2020/2020H53-toku3.pdf,references/awards/raw/2020/high-school/2020H53-toku3.pdf,2026-08-17T07:53:53.879159+00:00,0da6a8c307957b22662cc7235d5e0d6652eca18c26ebee7c7cde250e3a3b35a0,1309297,2020H53-toku3,8,5752,記述統計・可視化 / 相関分析,,"目的 
社会問題として増加傾向にある空き家問題に対して、 空き家を減らすための取り組みはあまり知られ
ておらず、空き家の分布や、空き家と他の事象の相関関係などを調査することで空き家を減らすための
効果的な方法を見つけることを目的としている。 
１－３
 課題に対する背景 
現在の日本の空き家は、①賃貸用の住宅、②売却用の住宅、③二次的住宅、④その他の住宅と分類さ
れている。本研究は、 「その他の住宅」に焦点を当てる。これは、その他の住宅に属する空き家が最も
周辺に損害を与えていると考えているからである。 
現在
、空き家は増加傾向にあり、このままでは老朽化した空き家の倒壊や景観の悪化、管理がないこ
とによる放火、不審者が住みつくなどの問題が発生する。よって早期の解決が必要である。 
第２章
 研究方法と手順 
 空き家問題を解決するための原因分析を第３章で行う。仮説を検証するために、細分化した仮説をデ
ータ分析から検証していく。それらの仮説を組み合わせて、大きな仮説を検証していく。そして、現状
空き家問題が解決しづらい原因を費用面から推測する。 

第３章 空き家問題に関する仮説とデータ分析による検証 
 
３－１ 仮説① 空き家は過疎地域ほど多い 
過疎地域は、人口密度が少なく、人口が過密地域に 
流出しやすいので、その時に住宅を放棄して、空き 
家となる場合が多いと考えている。 
 
 
 
 
 
（出典 過疎地域の現況‐総務省より過疎地域の現況 - 総務省 www.so","結論 
仮説①－１、①－２、①－３より、空き家高齢者率とその他の空き家の数が互いに強く結びついてい
ることが明確に示された。 
 
３－２ 仮説② 次の世帯がない高齢者が、 住宅を維持できず放棄することが空き家増加の原因である。 
 
仮説①から、空き家と過疎地域には正の相関がみられることが読み取れる。過疎地域の特徴として、
高齢化が進んでいることがあげられる。これらのことから、空き家が増加する大きな原因として高齢者
が退いた後の管理が行き届かなくなることが挙げられるのではないかと考え、 このような仮説を立て研
究を進めた。 
３－２－１ 
仮説②－１ 高齢者のみの住宅割合と空き家の割合は正の相関がある。 
高齢者が、引き継ぎ手がないために、空き家を手放してしまうのなら、高齢者の みの世帯の割合と、
空き家の割合には、正の相関関係があるのではないかと考え、図７のように相関関係を調べた。 
 
 
 
 
 
・検証②－１ 
 調査した結果、高齢者世帯とその他の空き家の割合には正の相関がみられる。高齢者が死亡し、その
後住宅の管理が行き届かなくなることが仮説②－１のような結果が得られた原因ではないかと考え、 仮
説②-２を立てた。 
 
 
３－２－２ 仮説②－２ 
空き家になる大きな原因の１つは、居住者の死亡である。仮説②－２においては、空き家とな
った原因について、図８のアンケートデータを使用する。 
 
y = 0.3785x + 5.6395
5
10
15
20
7 12",references/awards/text/2020/high-school/2020H53-toku3.txt,references/awards/notes/2020/high-school/2020H53-toku3.md
2020,paper,大学生・一般の部,総務大臣賞,観光消費額の地域間差異に関するパネルデータ分析,藤原浩高(鳥取大学地域学部地域政策学科) 日本経済および地域経済の活性化に必要な観光産業について、固有効果と年次効果を考慮したパネルデータ分析を行うことで、「温泉・健康」、「都市型観光」、「スポーツ・レクリエーション」等が都道府県の観光消費額に有意に影響していることを示し、既存研究と異なる知見を見出した。,,https://www.nstac.go.jp/sys/files/sites/3/static/statcompe/files/2020/2020U1-daijin.pdf,references/awards/raw/2020/university-general/2020U1-daijin.pdf,2026-08-17T07:53:53.879159+00:00,1c3aa61f4033bfffd4b093e828c158d8f4e7555d2a95be100a47801c52ada3d1,1013800,2020U1-daijin,9,15742,記述統計・可視化 / 相関分析 / 重回帰 / パネルデータ / 時系列 / クラスタリング,観光・文化,"はじめに
観光産業は、 大きく成長が見込まれる産業分野のひとつである。 旅行 ・ 観光分野国内の消費規模の調査であ
る「旅行・観光消費動向調査」 （国土交通省観光庁, 2019）によると、2018 年の日本人国内旅行消費額は20.5
兆円である(1)。さらに、観光消費によってもたらされる経済波及効果は、生産波及効果46.7 兆円（対国民経
済計算産出額:5.3%） 、付加価値誘発効果28.2 兆円（対名GDP:5.2%） 、雇用誘発効果441 万人（対全国就業者
数:6.4%）とされる(2)。このように観光はそれ自体の消費だけでなく、関連消費を誘発させるため、日本経済
および地域経済の活性化に必要な産業のひとつであると考えられる。 
各自治体や観光地域づくり法人（DMO）が観光客の誘致を目指して様々な取り組みをみせており、観光分野
に関する学術研究も数多く行われている。た とえば、文化資源を活用した観光施策に関する事例研究（須
賀,2017）(3)や、観光客の地域属性に注目した旅行消費動向に関する実証研究（栗原ら,2014）(4)、観光地域の
持つ魅力（アメニティ）と観光客誘致に関する実証研究（田村,2012）(5)などが挙げられる。しかし、意外な
ことに、 地域を分析単位として観光消費額の規定要因を解明しようと試みた実証研究はほとんどない。 その理
由として、 我が国では、 観光客に関する自治体レベルのデータがほとんどなかったことが挙げられる。 希少な
既存研究として、尾崎 （","考察 
本研究の知見は3 つある。第1 に、都道府県の固有効果を統制した結果、「県外宿泊者の観光消費額」に対
して、「スポーツ・レクリエーション」 、「その他」といった観光資源の充実度が正の影響を及ぼし、「歴史・文
化」、 「行事・イベント」 といった観光資源の充実度が負の影響を及ぼすことが示された。これは、 都道府県の
固有効果を考慮していない既存研究とは一部異なる結果である。尾崎（2016）は、「歴史・文化」は観光消費
額に対して正の影響を及ぼすと結論付けた。この違いは、観光資源が後天的に発掘 ・ 開発されるという視点に
よって解釈できるであろう。まず、「歴史・文化」に含まれる、神社・仏閣などは古くからある地域資源であ
るものの、 それら観光地点として登録されるかどうかは、 観光資源を発掘 ・ 開発する能力によって左右される
と考えられる。 しかし、 観光地点として登録されたとしても、 直ちに観光消費の喚起にはつながらないであろ
う。観光消費を喚起するためには、 その周辺に飲食店や土産屋などが必要であるだろう。 観光資源を発掘・開

7 
 
発する能力が高いほど、 「歴史・文化」に含まれる観光地点の登録数が増えるものの、その観光地点の付近に
消費を喚起する場所がなければ、 観光消費は増えないと考えられる。 むしろ、 観光消費につながらない観光地
点への訪問が増加したことで、 本来、 別の観光地点で使われていたであろう金銭が使われなくなった可能性が
ある。それゆえ、 「歴史・",references/awards/text/2020/university-general/2020U1-daijin.txt,references/awards/notes/2020/university-general/2020U1-daijin.md
2020,paper,大学生・一般の部,優秀賞,ふるさと納税は地方創生の切り札になりえるか ―固定効果モデルを用いたパネルデータ分析―,森將暁(一橋大学商学部経営学科) 地方創生政策の一つとして導入された、ふるさと納税制度について市区町村のパネルデータを作成して固定効果モデルによる分析を行い、ふるさと納税制度が経済効果をもたらす一方で、人口増加には効果が見られないことを示した。,,https://www.nstac.go.jp/sys/files/sites/3/static/statcompe/files/2020/2020U2-yushu.pdf,references/awards/raw/2020/university-general/2020U2-yushu.pdf,2026-08-17T07:53:53.879159+00:00,af53b1319835ad4b4807a1851a4a1c57242678ed037208cfedb6dea4c9544b04,1014206,2020U2-yushu,9,10867,記述統計・可視化 / 相関分析 / 重回帰 / パネルデータ / 時系列,人口・移住,"はじめに 
近年注目を集めている、ふるさと納税制度は地方創生政策の一つとして導入された、個人が都道府県・市区
町村に向けた寄付金を行う制度であり、個人は寄付した金額に応じて返礼品を受け取るとともに、住民税と所
得税の控除を受けることができる。地方自治体は寄付金を受け取ることができ、個人は返礼品と税金控除を受
けることができ、地方自治体と個人の双方にメリットがある。 
しかしながら、メディアでは個人の享受するメリットに注目することが多く、ふるさと納税制度の導入され
た意義の一つである、 「生まれ故郷はもちろん、 お世話になった地域に、 これから応援したい地域へも力になれ
る制度であること」(総務省 HP(1)より引用)が実現できているのかという検証はほとんど行われていない。すな
わち各地方自治体はふるさと納税で得た寄付金を有効に活用しているのかという点において疑問がある。ふる
さと納税は地方自治体の財源の一つとなっているが、寄付金はその地域の“力になること”を目的としている
ため、その地域の活性化、つまり地方創生のために利用されるべきである。 
地方創生政策(2)は「稼ぐ地域をつくるとともに、安心して働けるようにする」 「地方とのつながりを築き、地
方への新しいひとの流れをつくる」 「結婚・出産・子育ての希望をかなえる」 「ひとが集う、安心して暮らすこ
とができる魅力的な地域をつくる」という４つの基本目標がある。これら目標の達成度は地方経済の活性化と
地方の人口増加で計測できる。そ","考察をまとめ今後の課題を検討する。 
 
 
２．ふるさと納税制度と仮説 
 
２.１ ふるさと納税の現状 
 
まず、ふるさと納税の地域創生に与える影響について述べる前にふるさと納税という制度について言及し
たい。 
ふるさと納税は 2008年より開始された制度で、 税制を通じた 「ふるさと」 への貢献する仕組みとして導入さ
れた寄付金の制度である。この制度は都道府県・市区町村向けの寄付金であるが、納税者の自己負担軽減のた
めに所得税と個人住民税が一部控除されるため、積極的な活用が期待されている。またメディアでも取り上げ
られていることもあり、各地方自治体のふるさと納税受け入れ額は年々増加傾向にある。 
 
図１：ふるさと納税の受け入れ額と件数 
 
以下の図１が今回扱った全国の地方の市町村のふるさと納税の受け入れ額と件数の合計値を年度ごとに集
計したものである。この図から、ふるさと納税の金額・件数が共に年々増加傾向にあることがわかる。 

3 
 
また、表 1の度数分布表をみると、2008年度のふるさと納税の受け入れ件数が０件であった市町村は 208団
体あったが、2018年度では２団体にまで減少している。さらに、100000件以上の市町村も増加傾向にある。 
 
表 1：市町村別ふるさと納税の受け入れ件数の度数分布表 
 
 
 
以上のことからふるさと納税の制度は年々拡大・浸透しているといえる。 
 
２.２ ふるさと納税の期待される効果 
 
序章でも述べたように、",references/awards/text/2020/university-general/2020U2-yushu.txt,references/awards/notes/2020/university-general/2020U2-yushu.md
2020,paper,大学生・一般の部,統計数理賞,階層ベイズモデルを用いた学力に対する教育費の費用対効果推定,渡邊彰久・石川洸矢・近藤謙将(東京工業大学大学院工学院経営工学系) 小中学生の学力について、状態空間モデルによる学力推定と階層ベイズモデルによる教育関連費用の効果推定を行い、学力に対する教育費の費用対効果が都道府県によって異なることを示した。,,https://www.nstac.go.jp/sys/files/sites/3/static/statcompe/files/2020/2020U3-suri.pdf,references/awards/raw/2020/university-general/2020U3-suri.pdf,2026-08-17T07:53:53.879159+00:00,dab9d38da2ccadc55bcdf838ef3f089aea6bd4c6611e5f0b34c4d222cabd74fd,3721512,2020U3-suri,9,11209,記述統計・可視化 / 相関分析 / 時系列,教育,"問題意識や先行研究のレビューと用いている分析のバランスが良い論
文となっている。 

階層ベイズモデルを用いた 
学力に対する教育費の費用対効果推定 
渡邊彰久*1・石川洸矢*1・近藤謙将*1
*1：東京工業大学大学院 工学院 経営工学系
1.研究テーマと目的
我が国の都道府県ごとの学力格差は改善されつつあるが, いまだに深刻な問題である. 国立教育政
策研究所が2007年度より実施している全国学力・学習状況調査 [1]の2017年度【小学生国語A 】と【小
学生算数A】の都道府県別平均正答率は図1のようになり, 平均正答率が1番高い都道府県と1番低い都
道府県の差を求めると, それぞれ, 8％ポイント, 9％ポイントとなる. この差を2007年度から2017年
度まで求め, グラフの推移を図に表すと図2のようになる. 図2を見ると, 徐々に学力格差は改善され
つつあるが, いまだに8％ポイントほどの差がある.我々はこの8%ポイントという数値を,決して小さ
くないものであると考えている.以上より,学力の都道府県格差は未だ深刻であることがわかる. 
【小学生国語A】の平均正答率 【小学生算数A】の平均正答率 
図1-1 2017年度全国学力・学習状況調査の平均正答率 
図1-2 平均正答率が1番高い都道府県から1番低い都道府県の差の推移（2007年度～2017年度） 
 学力格差がもたらす影響として, 例えば所得があげられる. 階層・学歴・学力が所得にあたえる影
響について松浦[2","考察を行う. 2.研究の方法と手順 本研究は, 以下の２つの分析からなる. 2-1.状態空間モデルを用いた各都道府県の真の学力の推定 テストの点数は本質的な学力だけでなく,問題の内容・テスト当日の天候など様々な要因に影響を受けると考えられる.また,各都道府県の本質的な学力が年単位で急激に変化することは考えにくく,前年と似た学力を持つのが通常であると考えられる.そのため,分析①ではテストの点数は真の学力に対して正規分布に従う誤差が乗ったものであると考え,状態空間モデルを用いた真の学力の推定を行った. 観測値として2007年度から2017年の計11年度で実施された,全国47都道府県の小・中学生を対象としたテストの正答率のデータを用いて算出した各年の都道府県の偏差値を用いた. 状態空間モデルでは,𝑦!を𝑡(𝑡=2007,2008,…,2017)年度における偏差値（観測値）,𝛼!を 𝑡(𝑡=2007,2008,…,2017)年度における学力（状態）とし,以下のような状態空間モデルで真の学力（状態）の推定を行った. 𝑦!=𝛼!+𝜖"",!,𝜖"",!~𝑁𝑜𝑟𝑚𝑎𝑙(0,𝜎"") -(1) 𝛼!=𝛼!$1+𝜖%,!,𝜖%,!~𝑁𝑜𝑟𝑚𝑎𝑙(0,𝜎%)-(2) 方程式(1)，（2）はそれぞれ,観測方程式,状態方程式である.また,𝜖"",!は観測撹乱項,𝜖%,!は状態撹乱項であり,各時点で独立な正規ホワイトノイズであるとする.この状態空間モデルによる推定を各都道府県に対して行い,都道府県・年度毎の真の学",references/awards/text/2020/university-general/2020U3-suri.txt,references/awards/notes/2020/university-general/2020U3-suri.md
2020,paper,大学生・一般の部,統計活用奨励賞,第二期「まち・ひと・しごと総合戦略」における日本の目指すべき将来に向けた社会構造分析及び提案,冨尾燿平・眞保祐樹(中央大学大学院理工学研究科) 都道府県の転出数と出生率について、関係する因子をLasso回帰により特定し、仕事に対する多様性が人口減少の緩和に繋がることを示した。また、稼ぐ力についてクラスタリングを行って経済活性化を達成させるための主要産業を明らかにした。,,https://www.nstac.go.jp/sys/files/sites/3/static/statcompe/files/2020/2020U4-shorei.pdf,references/awards/raw/2020/university-general/2020U4-shorei.pdf,2026-08-17T07:53:53.879159+00:00,aa7fb15d9b009c73b36cd5e8f3680f8f58d190c45ed473da3104bb413ebc45aa,1485643,2020U4-shorei,9,23822,記述統計・可視化 / 時系列 / 主成分分析 / クラスタリング,,"はじめに
今後わが国は、人口急減・超高齢化という大きな社会的課題に直面するとされている。2020 年 3 月
における日本の人口は 1 億 2596 万人である。国立社会保障・人口問題研究所は、2030 年にはすべての
都道府県で人口が減少することを提言し、2065 年には 8808 万人になると推計している[1]。さらに、高
齢化も確実に進む。65 歳以上の老年人口比率は 38.4%となり、ほぼ 4 割が高齢者になる。生産年齢人
口比率は 51.4%に落ち込み、2015 年の 60.7％を大きく下回る。これは、働ける人が 2 人に 1 人の時代
になることを意味する[2]。この人口減少は、日本全体における出生率が低下していることに加え、地
方部から都市部に流入する若者が都市部の低出生率の影響を受けることで、さらに拍車をかけている
[3]。このような背景を受け、政府は、 「まち・ひと・しごと創世本部」を発足した。これは、政府一体
となって取り組み、各地域がそれぞれの特徴を活かした自律的で持続的な社会を創生することを目的
としている。2019 年に閣議決定された第二期「まち・ひと・しごと総合戦略」[4]において、日本の目
指すべき将来として「東京一極集中の是正」 、「将来にわたり活気のある地域や社会の実現」が挙げら
れている。また、これを達成するための基本目標として、 「稼げる地域を作るとともに、安心して働け
るようにする」 、 「地方との繋がりを築き、地方への新しいひとの流れをつ",結論と提言 本稿では「人口減少の緩和」に対し「課題1.地方部の転出数を下げる」 、 「課題2.出生率の向上」を、「地方部の経済活性化」に対しては「課題3. 産業における地域間の連携性の向上に加え、人材活用を流動化し雇用機会の増加」を設定し分析を行った。課題1、課題2においてLasso回帰を用いて分析を行った結果、「仕事に対する多様性」を持たせることで地方からの転出者数を減少させることが明らかとなった。これ加え、婚姻件数を増加させ出生数を向上させることも明らにした。よって、 「仕事に対する多様性」を持たせることは、「人口減少の緩和」に繋がると考える。この具体的な施策として、「オフィスを無くし個人の働き方の選択肢を増やす」ことを考える。これにより、場所に囚われない働き方が可能になる。仕事の都合柄、都会や地方に出ることが必須である第3次産業就業者などの人々が、個人の都合に合わせた場所を拠点とし働くことが出来るようになると考える。また、働く時間に柔軟性が生まれ、結婚した人が家庭を持ちながら働きやすい環境を作ることが出来る。従ってこの施策により、「人口減少の緩和」を期待できる。 課題3において、地理的条件や産業ごとの稼ぐ力の差異を考慮しクラスタリングを行い、同様の産業において強みを持つ都道府県における連携体制案を作成した。 これにより、クラスタ内で連携性を高め、経済を活性化させるために注力すべき主要産業を明らかに出来た。同時に、人材を流動的に扱い雇用を伸ばすことで、より強固な主要産業へと成,references/awards/text/2020/university-general/2020U4-shorei.txt,references/awards/notes/2020/university-general/2020U4-shorei.md
2020,paper,大学生・一般の部,特別賞(統計分析),人口増減している市区町村の特徴と人口規模の影響,三木祐司(JFEスチール株式会社スチール研究所),,https://www.nstac.go.jp/sys/files/sites/3/static/statcompe/files/2020/2020U51-toku1.pdf,references/awards/raw/2020/university-general/2020U51-toku1.pdf,2026-08-17T07:53:53.879159+00:00,0cea7b6949e13e6d93e6addc42f10c08d9d573fb24b411e7c2fd8f0474451faa,1682663,2020U51-toku1,9,9556,相関分析 / パネルデータ / クラスタリング / 機械学習,人口・移住,"目的 
2019 年の統計データ解析コンペティションで、張ら1]による地方創生目標指標に関する変化要因ネ
ットワークの推定と地域間連携策に関する大変興味深い研究があり、地方創生には、クラスタリングと
各自治体に共通する変化要因のネットワークが存在している可能性が示唆されている。 
張らによると、各市区町村における人口の増減要因として、順に市町村の一般財源, 15～64 歳人口, 
課税対象所得, 地方税, 歳入決算額の変化数が挙げられた。これらは推定されたネットワークでその変
化が他の変数におよぼす正の影響が強かった変数であり、媒介中心性の負の値が大きかった変数として
は, 災害復旧費, 実質公債費比率, 経常収支比率などが挙げられた。 
また、竹内2]は、都道府県別に我が国における人口増減の決定要因を変量効果モデルにより解析し、
医師数を十分確保でき医療体制を充実させることができたことが人口増加に寄与することを指摘した。
地方創生において人口増加の要因を解析することは重要であり、多くの調査・研究がなされ、整理され
てきている
3]。 
解析手法については、Random Forest Regressor 法4] を用いた。張らが用いたLASSO はスパース推
定法として非常に有用であるが、説明変数同士の相関が高い場合、その中から 1 つしか選択されない
ため、クラスターlasso 法を用いるなどの工夫が必要である。多重共線性については、他の解析モデル
でも同様に問題となりうるが、","まとめると、本解析により、各市区町村の規模に応じて人口増加の要因が大きく異なることが
明らかとなった。すなわち、市区町村全体では、成長分野である情報、複合サービス業、運輸など、成
長の著しい産業を発展させることが人口増加には効果的ではあるが、中規模の市区町村でも、その規模
に応じた発展の形があることが示唆された。岡田は、人口増減について年代別の詳しい解析12]を実施
しているが、本論文では、市区町村の規模ごとの解析の必要性が示された。また、地理的な観点からの
検討も必要であり、都市間の人口移動形態13],14]なども、市区町村の人口増減の解明には有効であると
思われる。 
 
 
参考文献 
 
[1]張 瀚天、⽩⿃ 友⾵：地⽅創⽣⽬標指標に関する変化要因ネットワークの推定とそれに基づく地域間連
携策の提案、(2019) 統計データ分析コンペティション 
[2]⽵内太郎：我が国における⼈⼝増減の決定要因、(2019) 統計データ分析コンペティション 
[3] 例えば、内閣府：人口をめぐる現状と課題、https://www5.cao.go.jp/keizaishimon 
/kaigi/special/future/sentaku/pdf/p030108. 
[4] Leo Breiman :“Random Forests”, Machine Learning 45(2001)5–32. 
[5] https://scikit-learn.org/stable/ 
[6] http",references/awards/text/2020/university-general/2020U51-toku1.txt,references/awards/notes/2020/university-general/2020U51-toku1.md
2020,paper,大学生・一般の部,特別賞(統計活用),若者の投票率はなぜ低下したのか ―都道府県別・年代別投票率パネルデータ(2000-2020)分析―,市橋来夏・菊田葵・工藤桂菜・瀧井日奈子(津田塾大学総合政策学部総合政策学科),,https://www.nstac.go.jp/sys/files/sites/3/static/statcompe/files/2020/2020U52-toku2.pdf,references/awards/raw/2020/university-general/2020U52-toku2.pdf,2026-08-17T07:53:53.879159+00:00,9cca3099363ad2bf94732d43fa527fb3385657c6538c4f84bde9fce734c5e42e,2544521,2020U52-toku2,9,10947,相関分析 / 重回帰 / パネルデータ / 時系列 / 検定,政治・行政,"研究目的 
 高齢化の進む日本では、有権者の高齢化が顕著である。参議院議員選挙(以下参院選)を例にすると、有権
者のうち 60 歳以上の構成比率は、2001 年には 32.4％であったが、2019 年には、41.3％となっている(図 1-
(a)(b)参照)。1 そして有権者の高齢化以上に加速しているのが、「投票者の高齢化」である。投票者のうち
60 歳以上の比率は 2001 年から 2019 年の間に 38.4％から 48.8％へと約半数を占め、有権者の高齢化を上回
る伸びを見せている。 
一方、投票者のうち、39 歳以下の比率は 22.0％(2001 年)から、18.5％(2019 年・18 歳と 19 歳を含む)に
低下している。このように投票者が有権者より更に高齢化する理由は、若年層(39 歳以下)の投票率が高齢層
(60 歳以上)に比べ、著しく低いためである。若年層の投票率が高齢層より低い傾向自体は他国にも見られる
が、OECD(2011)加盟国では平均して 12.1％の差であるところ、 日本は25.2％と英国に次いで高い水準である。
22019 年における投票者構成比／有権者構成比をとると、39 歳以下は 0.7 に縮小し、60 歳以上は 1.2 に拡大
する(図１-(b)参照)。その結果、若年層の高齢者に占める投票者数上の影響力は、有権者数上の影響力に比
べ半減する。 
このような若年層と高齢層の投票率の差は、日本でも 1970 年代は 10％程度であったものが、1","まとめた表２-(a)よ
り、年代別投票率は 20〜24 歳の 34.64％から 65〜69 歳の 75.73％へ、年齢が高いほど高くなることが
わかる。 
 
2. 説明変数 
説明変数については、SSDSE-2020B に加え、内閣府 経済・財政と暮らしの指標「見える化」データベ
ース16、住民基本台帳人口移動報告、労働市場年報、知事ファイル／全国知事会17から入手した。各指標
の出典と加工方法を、表１に示す。衆院選と参院選の年次は異なるため、年次ダミーにより各選挙のダ
ミー変数とみなす。また、20代・30代に占める転入／転出者の割合データが存在しなかったため、総人
口で割った転入／転出者の割合を代理変数として使用する。表２-(b)に代表値を示す。 
 
表１ 説明変数として使用した指標一覧 
 

 
 4 
 
 表２-(a) 被説明変数の代表値 表２-(b) 説明変数の代表値 
 
また、説明変数として投入した９個の変数の経年変化(全国平均値の推移及び標準偏差)を図３-(a)〜
(i)に示す。各図の示す番号は都道府県と対応しており、補表１に示している。 
20年間を通じて減少傾向にあったのは、総人口に占める転出者の割合のみである。県民１人当たり生活
保護費、１人当たり公債残高、１人当たり県民所得、児童１人当たり公教育費は横ばいである。20〜39歳
人口に対する有効求人の割合は、リーマンショックの影響を受けて2008〜2010年にかけて大幅に減少した
が、その後はどの都道",references/awards/text/2020/university-general/2020U52-toku2.txt,references/awards/notes/2020/university-general/2020U52-toku2.md
2020,paper,大学生・一般の部,特別賞(統計活用),日本国内の“地方”の再構成および新地方に基づく成長戦略の提案,茅根脩司(慶應義塾大学大学院理工学研究科),,https://www.nstac.go.jp/sys/files/sites/3/static/statcompe/files/2020/2020U53-toku3.pdf,references/awards/raw/2020/university-general/2020U53-toku3.pdf,2026-08-17T07:53:53.879159+00:00,e07ad9584b632bd097c8fa310a1a1dd074ea065b98a0b36d7c27a2171355257a,4992441,2020U53-toku3,9,15742,記述統計・可視化 / 時系列 / クラスタリング / 検定,,"目的として、都道府県データを用いて進学時の人口変化及び成
長見込みのある業種数によるクラスタリングを行い、県内総生産のヒートマップ、通
勤・通学等のWard 法によるデンドログラム等を作成して地方経済の再生・成長のた
めの施策について人材確保と労働生産性の二つの軸から考察し、階層クラスタリング
法により地方の再構成を提案している。 
論文審査会コメント
 
 解析戦略の工夫や類似度の構成などが興味深い。 

1 
日本国内の""地方""の再構成および
新地方に基づく成長戦略の提案
茅根 脩司*1 
*1: 慶應義塾大学大学院理工学研究科
１．研究のテーマと目的 
日本が現在直面している課題に地域経済の活性化がある．地域経済の成長はその地域常住の人の豊かな生活
につながるだけでなく，厚生労働省「平成 27年版 労働経済の分析 －労働生産性と雇用・労働問題への対応
－ (2015)」によると '我が国経済が安定的に成長していくには、地方圏の経済が持続的に成長することが重要
であるといえよう'(1)．地域経済の成長戦略を考えるにあたり， 1．労働人材の確保及び 2．労働生産性の向上の
2点を軸に解析を行う．その上で，成長を更に円滑に行うために""地方""の再構成を提案する．現在，北海道・東
北・関東・中部・近畿・中国・四国・九州という地方区分が広く使われているが，これらは厳密に定義されて
いるものではない．本論文は慣習的に使われている地方区分とは異なる，協力する上で都合の良い区分けを行
い，そ","考察し、階層クラスタリング
法により地方の再構成を提案している。 
論文審査会コメント
 
 解析戦略の工夫や類似度の構成などが興味深い。 

1 
日本国内の""地方""の再構成および
新地方に基づく成長戦略の提案
茅根 脩司*1 
*1: 慶應義塾大学大学院理工学研究科
１．研究のテーマと目的 
日本が現在直面している課題に地域経済の活性化がある．地域経済の成長はその地域常住の人の豊かな生活
につながるだけでなく，厚生労働省「平成 27年版 労働経済の分析 －労働生産性と雇用・労働問題への対応
－ (2015)」によると '我が国経済が安定的に成長していくには、地方圏の経済が持続的に成長することが重要
であるといえよう'(1)．地域経済の成長戦略を考えるにあたり， 1．労働人材の確保及び 2．労働生産性の向上の
2点を軸に解析を行う．その上で，成長を更に円滑に行うために""地方""の再構成を提案する．現在，北海道・東
北・関東・中部・近畿・中国・四国・九州という地方区分が広く使われているが，これらは厳密に定義されて
いるものではない．本論文は慣習的に使われている地方区分とは異なる，協力する上で都合の良い区分けを行
い，その新しい地方内で経済的な支援や人材流出抑制の協力を行うことを提案する． 
２．研究の方法と手順 
 本研究における解析は主に三つのパートに分けられる．まず，人材流出の要因の解析を行い，次に各都道府
県の成長見込みのある業種の特定を行う．これら二つの解析から導かれる成長",references/awards/text/2020/university-general/2020U53-toku3.txt,references/awards/notes/2020/university-general/2020U53-toku3.md
2020,paper,大学生・一般の部,特別賞(統計活用),社会増減が合計特殊出生率に与える影響,堤敬司(京都府政策企画部企画統計課),,https://www.nstac.go.jp/sys/files/sites/3/static/statcompe/files/2020/2020U54-toku4.pdf,references/awards/raw/2020/university-general/2020U54-toku4.pdf,2026-08-17T07:53:53.879159+00:00,20338d656b3fc9476eb51cd9b4dfa3b8c23734a94c36589878bda2f0e4f89cfa,1199636,2020U54-toku4,9,8678,記述統計・可視化 / 重回帰 / 時系列 / 機械学習,,"目的 
我が国では、 合計特殊出生率 （以下 「TFR」 という。 ）「1.57 ショック (1)」 を契機に、 様々な少子化対策が講じ
られてきた。しかしながら、低下トレンドから抜け出すことはできず、TFR の全国値は 2005 年に 1.26 まで低
下した後、2015 年には 1.45 と一旦は回復していたが、厚生労働省 「人口動態統計月報年計 （概数） 」 によると、
2019 年は 1.36 と再び低下の様相を呈している。人口置換水準 2.07 を下回る状況が 1974 年以来 46 年連続で続
いている状況である（図１）。
図１
 TFR 全国値(確定値)の推移（1947 - 2018 年） 
出典：厚生労働省「人口動態調査」
少子化に係
る諸問題が取り沙汰されて久しいが、今生まれた新生児は「すでに起こった未来 (2)」として今後
約 100 年間にわたり人口ピラミッドの１つの年齢階級を構成し、当該年齢階級の人口を事後的に増加させるこ
とは移民などの一部の例外を除き不可能である。 このような少子化に伴う人口減少が漫然と続く場合、「日本の
子ども人口時計 2020 年版 (3)」によると西暦 3280 年には、 我が国の子どもの数は１人になると試算されている。
人口減少による影響は、 集落 ・ コミュニティの消滅、 経済規模の縮小、 国防力の低下など枚挙にいとまがなく、
確実に我が国の国力を奪っていくことについては論を俟たないであろう。人口減少を一刻も早く食い止め、社","考察も面白かった。

1 
社会増減が合計特殊出生率に与える影響
堤 敬司 
京都府政策企画部企画統計課 
第１章 研究のテーマと目的 
我が国では、 合計特殊出生率 （以下 「TFR」 という。 ）「1.57 ショック (1)」 を契機に、 様々な少子化対策が講じ
られてきた。しかしながら、低下トレンドから抜け出すことはできず、TFR の全国値は 2005 年に 1.26 まで低
下した後、2015 年には 1.45 と一旦は回復していたが、厚生労働省 「人口動態統計月報年計 （概数） 」 によると、
2019 年は 1.36 と再び低下の様相を呈している。人口置換水準 2.07 を下回る状況が 1974 年以来 46 年連続で続
いている状況である（図１）。
図１
 TFR 全国値(確定値)の推移（1947 - 2018 年） 
出典：厚生労働省「人口動態調査」
少子化に係
る諸問題が取り沙汰されて久しいが、今生まれた新生児は「すでに起こった未来 (2)」として今後
約 100 年間にわたり人口ピラミッドの１つの年齢階級を構成し、当該年齢階級の人口を事後的に増加させるこ
とは移民などの一部の例外を除き不可能である。 このような少子化に伴う人口減少が漫然と続く場合、「日本の
子ども人口時計 2020 年版 (3)」によると西暦 3280 年には、 我が国の子どもの数は１人になると試算されている。
人口減少による影響は、 集落 ・ コミュニティの消滅、 経済規模の縮小、 国防力の",references/awards/text/2020/university-general/2020U54-toku4.txt,references/awards/notes/2020/university-general/2020U54-toku4.md
2020,paper,大学生・一般の部,特別賞(審査員奨励),家計調査に基づく消費重心の計算,井手健太(法政大学経済学部経済学科),,https://www.nstac.go.jp/sys/files/sites/3/static/statcompe/files/2020/2020U55-toku5.pdf,references/awards/raw/2020/university-general/2020U55-toku5.pdf,2026-08-17T07:53:53.879159+00:00,4c8b73e45fd19d99848ecf55da95041bd180738b0eaeff8d1f7430698123d487,1624434,2020U55-toku5,9,15916,記述統計・可視化 / 空間分析,,"目的 
1.1 人口重心 
 近年、我が国では東京、千葉、埼玉、神奈川、沖縄を除く42 都道府県において、人口の急激な減少及び少
子高齢化が進んでいる。(総務省統計局(2016))また、あらゆる都道府県で東京への人口の転出が進み、都心への
一極集中と地方の過疎化が深刻化している。（内閣官房まち・ひと・しごと創生本部事務局(2018)）このような人口の移
動を表す尺度として、 人口重心が用いられる。総務省統計局(2017)「我が国の人口重心-平成27 年国勢調査結
果から-」によると、人口重心とは、「1 人1 人が同じ重さを持つと仮定して、調査地域の人口が全体として平
衡を保つことができる点」 と定義されている。また、同局の論文では、市区町村の人口重心は以下のように算
出されている。 
𝑥 =
∑ 𝑤𝑖𝑥𝑖 cos(𝑦𝑖)
∑ 𝑤𝑖 cos(𝑦𝑖) 𝑦 =
∑ 𝑤𝑖𝑦𝑖
∑ 𝑤𝑖
x,y :人口重心の経度、緯度 
𝑥𝑖 , 𝑦𝑖 :基本単位区ごとの面積の中心点の経度、緯度 
𝑤𝑖 ：基本単位区ごとの人口 
上記した手法で算出された経度、 緯度を用いて前回の結果と比較すると、 人口における重心の移動を把握す
ることができる。かつては各市区町村庁舎の位置にその地域の全人口が集中していると仮定して重心を算出
していたが、合併や庁舎の移動で人口重心が移動するという問題点があったため、平成17 年度国勢調査以降
は基本単位区という区画を基準にして、その中心点に単位区の人口が集中している と仮","考察されている。

2 
 
住居と職場の分離により、夜間人口と昼間人口が乖離していると考えられるため、2つの人口重心を併せて算
出することは極めて重要である。昼間人口を人口が交通を背負って住居を離れている状態と定義し、 都心の昼
間人口から交通を引くことで郊外の夜間人口を算出するという手法で各重心点が求められている 。人口の代
わりに各ターミナル交通量をその点の重みと仮定し、地図上に任意の X 軸 Y 軸を描いて i 番目のターミナル
交通量を𝑃𝑖とし、その座標を𝑋𝑖、𝑌𝑖、ターミナル数を N とすればその重心の座標は、以下のように示される。 
𝑋̅ = ∑ 𝑃𝑖 𝑋𝑖𝑁
𝑖=1
∑ 𝑃𝑖𝑁
𝑖=1
 𝑌̅ = ∑ 𝑃𝑖 𝑌𝑖𝑁
𝑖=1
∑ 𝑃𝑖𝑁
𝑖=1
 
東京と大阪における重力の中心点を求めると、いずれも昼間人口と夜間人口にかなりの乖離があることが分
かり、 市民の交通負担の大きさが示された。このように、人口重心の式に対して人口の代わりに交通量を代入
することで、人口重心から都市交通問題の考察が可能であることが分かる。 
 
1.3 人口重心から消費重心へ 
今回は人口重心の理論を拡張し、総務省家計調査のデータ、具体的には SSDSE-C-2020に収録されている二
人以上世帯の、 都道府県庁所在市別、食料品目別年間支出金額(2017年～2019年の平均値)を用いて、 「消費重
心」を算出する。一般に家計調査は順位尺度で分析されるが、「消費重心」を算出することで、家計消費",references/awards/text/2020/university-general/2020U55-toku5.txt,references/awards/notes/2020/university-general/2020U55-toku5.md
2020,paper,大学生・一般の部,特別賞(審査員奨励),日本の出生率と地域格差,小田秀匡(東京大学大学院情報理工学系研究科),,https://www.nstac.go.jp/sys/files/sites/3/static/statcompe/files/2020/2020U56-toku6.pdf,references/awards/raw/2020/university-general/2020U56-toku6.pdf,2026-08-17T07:53:53.879159+00:00,6a2881ad5760e1b8cf97f66dd6b9a6c6666f1d2a53145929bae6a01a1f741f9f,2621105,2020U56-toku6,9,11984,記述統計・可視化 / 相関分析 / 時系列,,"目的
本研究では、日本の経済構造に地域格差があり、そのことが家族の在り方に影響を与え、結果として普通出生率
に影響が出ていることを示す。特に、都市と地方とでは結婚の経済的な利益に差異があるため、国や地方自治体
の協力の下、地域の経済構造を変革する必要があることを紹介したい。
総務省が 2020 年 8 月 5 日に発表した住民基本台帳に基づく人口動態調査によると、 2020 年 1 月 1 日時点の
国内の日本人は 1 億 2427 万 1318 人で、前年から 50 万 5046 人 (0.40%) 減少した。日本の人口減少は 11 年連
続であり、減少数、減少率とも過去最大である。人口が増加したのは、東京・神奈川・沖縄の3 都県だけであり、
日本人口の偏在を改めて認識することとなった。
日本の人口減少の問題点は、少子高齢化により、生産年齢人口が減少し、社会保障負担が増大し、経済成長が鈍
化することにとどまらない。日本の人口動態の変化は、地域格差と家族格差を伴うため、上記の社会問題を更に複
雑化させることが指摘されている (1)。例えば、地方では人口の自然減と社会減により生産年齢人口が一層減少し、
地域の財政状況が悪化することが懸念されている。また、日本の人口動態の変化は「日本の家族」の在り方に変革
をもたらすと予想されている。日本の人口減少の直接的な要因は、未婚化が進行していることである。つまり、結
婚している女性が持つ子供の数は長年安定しているが、結婚する女性の数自体が減っ","考察により、本研究では市町村毎の普通出生率 (「出生数」を「総人口」で除して 1,000 を乗じた値) を
1. 男女別の労働力人口比率 (「15 歳以上の人口」に占める「労働力人口」の割合)
2. 男女別の完全失業率 (「労働力人口」に占める「完全失業者」の割合)
3. 教育費の公的負担額 (「市町村財政における教育費」を「小学校児童数・中学校生徒数・高等学校生徒数の
総和」で除した金額)
4. 一般世帯の一世帯当たりの人員 (「一般世帯人員数」を「一般世帯数」で除した値)
に関して分解して分析を実施した。市区町村規模に応じて人口動態が異なることを鑑み、各市町村を「指定都市・
特別区」 ・ 「市(指定都市を除く)」 ・ 「その他（町村など） 」の3 区分に分解して分析を実施した。項目 4 は、一世帯
当たりの人員が多い家庭は、地域内及び家庭内での「リスクの分かち合い」の度合いが高いであろうという仮説
に基づく項目である。
2 研究の方法と手順
教育用標準データセット SSDSE の市区町村別データに含まれる I = 1, 730 件の市区町村データに対して、i 番
目の市区町村の総人口を Pi、出生数を Bi とする。総人口 P = ( Pi) が p = ( pi) の下で、出生数 B = ( Bi) が
b = (bi) となる確率は
P
(
B = b | P = p
)
=
∫
π(η, θ)
I∏
i=1
P
(
Bi = bi | Pi = pi, η, θ
)
d",references/awards/text/2020/university-general/2020U56-toku6.txt,references/awards/notes/2020/university-general/2020U56-toku6.md
2020,paper,大学生・一般の部,特別賞(審査員奨励),食料費支出の関係要因から見る都市と地方の特性の考察と地方創生策の提言,松永千佳・濱田怜衣(青山学院大学総合文化政策学部総合文化政策学科),,https://www.nstac.go.jp/sys/files/sites/3/static/statcompe/files/2020/2020U57-toku7.pdf,references/awards/raw/2020/university-general/2020U57-toku7.pdf,2026-08-17T07:53:53.879159+00:00,f43e742a2f52c800ea8dbdfb3a935979e9cfdc4a20ebad686ae6d92817561cde,3105754,2020U57-toku7,9,6937,相関分析 / 重回帰 / クラスタリング / 検定,人口・移住,"目的 
わが国では、総人口が減少している一方で、食料費支出は増加傾向にある（図 1、図2）(1)。これを踏まえて、
食料費支出の推移は、単に人口の増減が影響するとは限らないと考え、食料費支出と関係のある要因の分析を
試みた。 
中分類食料品目別支出金額をデータに、都道府県間の偏差パターン類似率を算出した森（1990）の研究によ
ると、所得水準の差が食料費支出に関係すると証明されている(2)。しかし、SSDSEデータにより同年の食料費
支出を都道府県別に比較すると、所得水準が低い都道府県も支出額上位に位置している(図 3) 。したがって、食
料費支出と関係のある要因は所得水準に限らないと考えた。 
図 1 総人口の推移 
 図 2 1世帯当たり 1か月間の食料費支出の推移 
図 3 都道府県別の食料費支出 

2 
 
このような背景を踏まえて、本研究では以下の2 つの仮説を設ける。 
1. 第一次産業が盛んな地域では、自給自足をする傾向があり、食料を購買する機会が少ない 
2. 共働き世帯が多い地域では、調理の時間を省くため、中食や外食を利用する傾向がある 
これらの仮説を立てた上で、食料費支出の関係要因の分析を行った。また、この検証の過程で扱う変数の関
係から、都道府県間で異なる特性やライフスタイルを考察する。さらに、都道府県別の特性から日本の全体像
を把握し、一部地域活性化の一案として「一次産業、二次産業、三次産業としての小売業等の事業との総合的
かつ一体的な推進を図り、農","考察と地方創生策の提言 
松永千佳・濱田怜衣 
（青山学院大学総合文化政策学部総合文化政策学科）
論文の概要
 
総人口が減少する一方で、世帯の食料費が増加傾向にあることに着目し、都道府県
データを用いて食料費のクラスター分析及び相関分析を行っている。この結果、食料
費は第一次産業就業者数及び食料自給率と負の相関、共働き世帯数とは正の相関があ
ることを示している。また、重回帰分析により生産農業所得と六次産業事業所数等の
相関が高いことを示した上で、第一次産業の六次産業化推進を提言している。 
論文審査会コメント
 
 分析技術をプロセス化している力量は高く、分析の着眼点が面白い。 

1 
食料費支出の関係要因から見る 
都市と地方の特性の考察と地方創生策の提言 
代表者 松永千佳*1・連名1 濱田怜衣*1 
*1:青山学院大学総合文化政策学部総合文化政策学科
１．研究のテーマと目的 
わが国では、総人口が減少している一方で、食料費支出は増加傾向にある（図 1、図2）(1)。これを踏まえて、
食料費支出の推移は、単に人口の増減が影響するとは限らないと考え、食料費支出と関係のある要因の分析を
試みた。 
中分類食料品目別支出金額をデータに、都道府県間の偏差パターン類似率を算出した森（1990）の研究によ
ると、所得水準の差が食料費支出に関係すると証明されている(2)。しかし、SSDSEデータにより同年の食料費
支出を都道府県別に比較すると、所得水準が低い都道府県も支出額上位に位置し",references/awards/text/2020/university-general/2020U57-toku7.txt,references/awards/notes/2020/university-general/2020U57-toku7.md
2020,paper,大学生・一般の部,特別賞(審査員奨励),マルチレベル分析による高齢者の社会参加と医療費の関係についての考察,依田浩実(東京大学法学部第三類) 廣瀬寛太・本多史(東京大学経済学部経済学科) 村上将隆(東京大学法学部第一類),,https://www.nstac.go.jp/sys/files/sites/3/static/statcompe/files/2020/2020U58-toku8.pdf,references/awards/raw/2020/university-general/2020U58-toku8.pdf,2026-08-17T07:53:53.879159+00:00,6be112ff53856eafb2477e1864d60d3c970b107d05d7a60cb2c7f7d89b1b8b3a,830472,2020U58-toku8,9,12195,相関分析 / 時系列 / 主成分分析 / 空間分析,健康・医療,"はじめに
　日本の高齢化率は2019 年時点で28.4%と世界第一位であり、国立社会保障・人口問題研究所は今後の高齢化率
について2025 年には30.0%、2040 年には35.3%になると予測している1。社会保障費は高齢化率の高まりに伴っ
て増大してきたことを踏まえると、今後も社会保障費の増大が予想される。我が国の社会保障制度は公費負担に
依存した制度設計であるため、社会保障費の増大は財政に対して負担となり財政健全化や社会保障制度の持続可
能性の観点から社会保障費の抑制は非常に重要な問題である。
　以上の問題意識から本稿では社会保障費のうち約 3 割を占め国民の努力によって削減が可能であると考えられ
る医療費、特に医療費の多くの割合を占めている高齢者の医療費に着目した。近年では孤独死の問題が取り沙汰
されるなど、高齢者が社会と隔絶して生活することの課題が露呈しつつある。そこで本稿では社会参加が高齢者
の健康にとって重要な要素であると考え、高齢者の社会参加が医療費を削減する効果を持つのではないかという
仮説を立てた上で、経済・医療・地域参加の観点からマルチレベル分析を行った。
ソーシャルキャピタルが高齢者の健康に与える効果を分析した論文の一例として市田ら(2005)2がある。この研
究では知多半島に居住する9248 人を対象に健康に関する主観的アンケートを実施し、平均所得や婚姻状態、新聞
の購読等を説明変数としたマルチレベル分析によって、 ソーシャルキャピタルが高齢者の健康に好","考察
 
依田浩実（東京大学法学部第三類） 
廣瀬寛太・本多史（東京大学経済学部経済学科） 
村上将隆（東京大学法学部第一類）
論文の概要
 
高齢者の医療費に着目し、高齢者の社会参加による医療費削減の効果と、公民館効
果による医療費への影響について仮説を立てて、経済・医療・地域参加の観点から都
道府県及び市区町村のマルチレベル分析を行っている。４つのモデルを立てて分析し
た結果、市町村レベルの経済状況、65歳以上人口比率、病床数などが医療費を増大さ
せることを示した。また、大都市における公民館ネットワークは医療費を抑える効果
が期待できる可能性を示している。
 
論文審査会コメント
 
極めて簡潔かつ手堅い実証研究となっていると共に、変数の加工・尺度化なども工
夫がされている。 

マルチレベル分析による
高齢者の社会参加と医療費の関係についての考察
依田浩実 ＊ 1 ・廣瀬寛太 ＊ 2 ・本多史 ＊ 3 ・村上将隆 ＊ 4
＊１：　東京大学法学部第三類
＊２：　東京大学経済学部経済学科
＊３：　東京大学経済学部経済学科
＊４：　東京大学法学部第一類
1 はじめに
　日本の高齢化率は2019 年時点で28.4%と世界第一位であり、国立社会保障・人口問題研究所は今後の高齢化率
について2025 年には30.0%、2040 年には35.3%になると予測している1。社会保障費は高齢化率の高まりに伴っ
て増大してきたことを踏まえると、今後も社会保障費の増大が予想される。我が国の社会保障",references/awards/text/2020/university-general/2020U58-toku8.txt,references/awards/notes/2020/university-general/2020U58-toku8.md
2021,paper,高校生の部,総務大臣賞,日本におけるワークライフバランスの達成状況とその課題,村澤 舞・山家 里穂(広島大学附属高等学校) ワークライフバランスについて、生活時間を男女別に分けることで男性はワーク(仕事)とライフ(生活)が負の相関にあること、女性はワークとライフに育児時間が強く影響しており、ワークを交絡変数として偏相関分析を行うことで、育児時間とライフの時間が負の相関にあることを示した。,,https://www.nstac.go.jp/sys/files/sites/3/static/statcompe/files/2021/2021H1-daijin.pdf,references/awards/raw/2021/high-school/2021H1-daijin.pdf,2026-08-17T07:54:00.657600+00:00,d8850c5fdf074f40c0105b1046725bfdf10086e87dea16d2f8ac2f67847f3321,2040813,2021H1-daijin,9,9336,記述統計・可視化 / 相関分析 / 重回帰 / 因果推論,,"問題意識から先行研究のサーベイに進み、SSDSE -Dに基づく実証に進む流
れは極めて自然である。交絡変数の概念に着目している点、先行研究に即した計量経
済的実証を実施している点や、擬似相関、ミクロデータの差異、自己批判的研究姿勢
など、高水準の実証研究の担い手に成長することが期待できる。 

1 
日本におけるワークライフバランスの達成状況とその課題
村澤舞・山家里穂 
広島大学附属高等学校 
１． 研究のテーマと目的 
1.1 研究の目的 
本研究は、日本において、近年強く提唱されている「ワークライフバランス」が、どの程度達成されている
か、そしてその課題は何かを検討することにある。 
1.2 問題意識の背景 
なぜ「ワークライフバランス」に関心をもったのか。個人的な経験として 2 つある。一つは父親の仕事量や
時間が過多であるという印象を持ったこと、もう一つは、学校の先生方が私たち生徒のために日々熱心に指導
をしてくださっているが、そのために日々遅くまで学校に残られており、労働時間超過になっていると感じ、
思わず「ブラック企業問題」を思い浮かべてしまったことに起因する。 
実際、「日本人は働き過ぎ」という批判は各所で聞かれる。近年では、ブラック企業の問題が表面化してお
り、過労死も多発している。その一例として、学校教員の部活動の加重負担に起因する過剰労働が明らかにさ
れてもいる （1）｡このような事例から、政府も積極的に推進する「ワークライフバランス」を上手に取ることが
大","考察については、 今後の課題としたい。 

6 
 
図 16 交絡の可能性 
4.5 ワークの影響要因の探索−回帰分析を用いて 
 これまで、ワークとライフのバランスについて、特に性別に着目した分析を行ってきた。最後に、分析の
視点（仮説）をすこし拡張し、ワーク（仕事時間）に影響を及ぼしうる要因の探索を行う。この探求により
要因が判明すれば、労働時間の調整によるワークライフバランスの適正化へ見通しが付くだろう。ワークに
限定する理由は、今まで見てきたように、ライフはワークに比して多様な要素で構成されて多義的であり、
ワークは「平日の仕事時間」として一義的に定まりやすい点、ライフの時間はワークの時間と負の関係にあ
るので、ワークの変化とその要因が明らかになれば、どの程度ライフに時間を割けるかが自ずと推測できる
からである。 
 ワークの要因分析の先行研究である、清水（2005）は、労働時間が職業要因、世帯要因、個人要因の3
つ
により説明されるとするモデルを構築し検討している。その結果、職業要因のうち職種、世帯要因として家
計状況に関する満足度、個人要因として年齢が統計的に有意な影響をもたらしうることを明らかにした。こ
の先行研究結果で有意な変数のうち、都道府県別の集計データでも得られるような代理変数を用いた分析を
行う。分析には重回帰分析（最小二乗法）を用いた。独立変数と従属変数は表 3に示した。 
表 3 独立変数と従属変数 
 
 
 
 
 
 
 
 
 
 
分析モ",references/awards/text/2021/high-school/2021H1-daijin.txt,references/awards/notes/2021/high-school/2021H1-daijin.md
2021,paper,高校生の部,優秀賞,健康寿命の延伸に向けて,太佐 美結(フェリス女学院高等学校) 人が健康に暮らすことのできる健康寿命について、様々な変数を用いて因子分析を行うことで因子の抽出を行い、説明変数の選択に当たっては相関分析により多重共線性について考慮した上で重回帰分析を行うことで、男性はスポーツ行動率、女性は緑茶の消費量等が健康寿命に影響を与えることを示した。,,https://www.nstac.go.jp/sys/files/sites/3/static/statcompe/files/2021/2021H2-yushu.pdf,references/awards/raw/2021/high-school/2021H2-yushu.pdf,2026-08-17T07:54:00.657600+00:00,33d03edc13770af045f90d9ffa9587fa56128af0b169aae7b4b1e4eed5397bd3,1602966,2021H2-yushu,9,19756,記述統計・可視化 / 相関分析 / 重回帰 / 因子分析,健康・医療,"目的 
2016 年における日本の男女平均寿命は 84.2 歳であり、世界一の長寿国となった。しかし、 「寿命」という言
葉は誕生してから亡くなるまでの期間を指す言葉であり、例え寿命が長くても、何らかの理由により日常生活
が制限されるなどの健康ではない期間も含まれている。保健の授業で、 「WHOは『健康寿命』という言葉を創
出し、人生において健康な期間をどれだけ延ばせるかがより大切になってきた。 」と学習した。
日本
国内で見ると、男女共に平均寿命が長い都道府県は長野県と滋賀県、短い都道府県は青森県であり、男
性で見ると約 3.11年の差が見られる。一方、健康寿命で見ると男女とも健康寿命が長い都道府県は、愛知県や
山梨県等の中部地方で多く見られ、奈良県や京都府等は平均寿命の長さに反して比較的短い傾向があった。山
梨総合研究所がまとめた“山梨は健康寿命がなぜ長いのか“
(1)の研究によると「平均寿命が長いからといって、
健康寿命も長い傾向があるわけではない」ことを指摘している。さらに、ニッセイ基礎研究所が行った“健康
寿命の都道府県格差”(2)の研究によると、平均寿命が長い都道府県は、男女とも長い傾向があり、生活習慣や食
文化等の要因の影響を受けているが、健康寿命は平均寿命ほど男女に共通した傾向は見られないことが示唆さ
れている。
上記
２つの研究から、健康寿命に影響を与える要因は平均寿命とは異なるものが存在すると仮定した。その
要因について、(1)の研究では個別要因との相関を分析","まとめた“山梨は健康寿命がなぜ長いのか“
(1)の研究によると「平均寿命が長いからといって、
健康寿命も長い傾向があるわけではない」ことを指摘している。さらに、ニッセイ基礎研究所が行った“健康
寿命の都道府県格差”(2)の研究によると、平均寿命が長い都道府県は、男女とも長い傾向があり、生活習慣や食
文化等の要因の影響を受けているが、健康寿命は平均寿命ほど男女に共通した傾向は見られないことが示唆さ
れている。
上記
２つの研究から、健康寿命に影響を与える要因は平均寿命とは異なるものが存在すると仮定した。その
要因について、(1)の研究では個別要因との相関を分析しているが、弱い相関関係にとどまっており、 「健康寿命
には、複数の要因が関係していることが想定される。 」と指摘している。そこで、当分析では重回帰分析を用い
て複数の要因間での分析を行い、健康寿命の延伸についての提案を行うことを目的とする。
２．研究の方法と手順 
 当分析の方法と手順を図1に示す。 
手順 1：平均寿命と健康寿命の相関分析 
男女別に各都道府県の健康寿命と平均寿命の相関係数を確認する。 男
女共に相関係数が高い場合には、 平均寿命に影響する要因が健康寿命に
も影響を与えるものと考える。 
手順 2: 健康寿命に影響しそうな要因の選定 
健康寿命に影響を与えそうな要因を「社会制度」 「運動」 「生活」 「休
息・余暇」 「栄養・食生活」 「気候」の観点から選定する。 
手順 3: 家計消費データから食生活の因",references/awards/text/2021/high-school/2021H2-yushu.txt,references/awards/notes/2021/high-school/2021H2-yushu.md
2021,paper,高校生の部,統計数理賞,求められている住宅,森 颯太(香川県立高松商業高等学校) 空き家が増える原因を分析するために不動産価格予測AIを作成し、住宅の条件を学習データとして用いることで、住宅の面積や築年数、最寄駅からの徒歩時間などの重要度が高いことを示した。結論として、住宅のリノベーションやリフォームに取り組むことによって空き家を減らすことを提案している。,,https://www.nstac.go.jp/sys/files/sites/3/static/statcompe/files/2021/2021H3-suri.pdf,references/awards/raw/2021/high-school/2021H3-suri.pdf,2026-08-17T07:54:00.657600+00:00,1871abc25cbb64b8657c09476d6c15c703920fa8c2f6cc7ff42a974d3f403f6a,2716308,2021H3-suri,9,7891,記述統計・可視化 / 相関分析 / 機械学習,,"目的 
近年、 空き家の増加が問題視されている。 総務省の平成30年住宅 ・ 土地統計調査によると、 空き家率は13.6％
と過去最高である（図 1）。空き家の内訳をみると、一戸建てやマンションを含む共同住宅の割合がほとんどで
ある（図 2）。空き家が増える原因としては、高齢者が転居し住む人がいなくなることや所有者を放置するとい
ったものがある。空き家が増えると、景観の悪化や悪臭の発生、老朽化による倒壊、空き家内部での犯罪や放
火、所有者不明による共同住宅管理組合への負担増などといった問題が起こる。 
この問題について調べているうちに、現在求められている戸建住宅やマンションの特徴を分析し、空き家の
リノベーションによって不動産的価値を高め、顧客に魅力的な価格設定をすることで販売促進につなげられな
いかという考えになった。そこで、 統計データや AIを活用し、過去の不動産取引価格からどのような戸建住宅
やマンションが求められているのか分析することを目的にして研究を行った。 
 
 
２．研究の方法と手順 
 最初にどのような地域に空き家が多い傾向があるかについて調べることとした。 今回は、 空き家が多くなっ
ている原因として 3つの仮説を立て、データ分析によって調べた。そして、地域別にどのような戸建住宅やマ
ンションが求められているのかを調べるため AIに過去の不動産データを学習させ、不動産取引の成約価格予
測 AIをつくる。AIが成約価格を予測する際には、取引で重要視されている項","結論として、住宅のリノベーションやリフォームに取り
組むことによって空き家を減らすことを提案している。 
 
論文審査会コメント 
高校生がブラックボックス型の決定樹勾配ブースティング系AI を使うことはトレ
ンディであり、極めてチャレンジングである。前半に記述統計で仮説検定風の分析を
試みているのも好ましいが、AI による傾向を地域ごとに比較したことや、一定水準
の考察を行ったこと、欠測値補完も行ったことは、先端的事例であり高く評価できる。 
 
 

1 
 
求められている住宅 
 
森 颯太 
 
香川県立高松商業高等学校 
 
１．研究のテーマと目的 
近年、 空き家の増加が問題視されている。 総務省の平成30年住宅 ・ 土地統計調査によると、 空き家率は13.6％
と過去最高である（図 1）。空き家の内訳をみると、一戸建てやマンションを含む共同住宅の割合がほとんどで
ある（図 2）。空き家が増える原因としては、高齢者が転居し住む人がいなくなることや所有者を放置するとい
ったものがある。空き家が増えると、景観の悪化や悪臭の発生、老朽化による倒壊、空き家内部での犯罪や放
火、所有者不明による共同住宅管理組合への負担増などといった問題が起こる。 
この問題について調べているうちに、現在求められている戸建住宅やマンションの特徴を分析し、空き家の
リノベーションによって不動産的価値を高め、顧客に魅力的な価格設定をすることで販売促進につなげられな
いかという考えになった。そこで、",references/awards/text/2021/high-school/2021H3-suri.txt,references/awards/notes/2021/high-school/2021H3-suri.md
2021,paper,高校生の部,統計活用奨励賞,外国人にとっての暮らしやすさとは,谷 優輝(慶應義塾湘南藤沢高等部) 日本の少子高齢化による人口減少を解決するための足掛かりとして外国人の移住に着目し、都道府県別の外国人人口割合について相関分析を行うことで、快適な気候や日本語教育の質に加えて、工業が盛んな地域ほど外国人人口割合が高い傾向にあることを示した。,,https://www.nstac.go.jp/sys/files/sites/3/static/statcompe/files/2021/2021H4-shorei.pdf,references/awards/raw/2021/high-school/2021H4-shorei.pdf,2026-08-17T07:54:00.657600+00:00,e7a7350cda31bfef5b8d21e158240a21063dfd41a30588588bdcb7cd1e72da02,1469728,2021H4-shorei,9,9308,記述統計・可視化 / 相関分析,,"目的で日本に住んでいるかといった背景を踏まえて、様々な観点から外国人人口の割合
が高くなる要因の仮説をたてた。そして、立てた仮説と外国人人口割合のそれぞれの都道府県別のデ
ータから演算ソフト Rを用いてデータの分析を行い、ピアソンの積率相関係数を用いて検証を行っ
た。最後に検証結果から、立てた仮説は外国人が暮らしやすい町の要因といえるかどうかの考察を行
い、結論づけた。 
 
3.データセットの加工 
表 1 使用した変数一覧 
使用変数 出典 
年別国内日本人人口 [人] 「人口推計」(総務省) 
日本人人口の月初人口 (2011～2020 年) 
都道府県別 
総人口 [人] 
SSDSE-B-2021 
「人口推計」(総務省統計局) (2019 年) 
都道府県別 
外国人人口 [人] 
「在留外国人統計」 
(法務省出入国在留管理庁) (2019) 
都道府県別 
年間平均気温 [℃] 
SSDSE-B-2021 
「過去の気象データ」 (気象庁観測部) (2019 年) 
都道府県別 
年間相対湿度 [%] 
「統計でみる都道府県のすがた 2021」 
(総務省統計局) (2019 年) 
都道府県別 
日本語教育実施機関・施設等数(一般) [件] 
「平成 29 年度日本語教育実態調査」 
 (文化庁日本語教育小委員会) (2017 年) 
都道府県別 
日本語の常勤教師数 [人] 
「平成 29 年度日本語教育実態調査」 
(文化庁日本語教育小委員会) (2017","考察した。 
図 1.日本在住の日本人人口の推移 図 2.日本在住の外国人人口の推移 
 
出典:人口推計 総務省統計局統計調査部国勢統計課 
 人口推計の日本人人口(確定値)の月初人口(2011～
2020)及び,外国人人口=「総人口(確定値) – 日本人人口
(確定値)」を使用して Excel でグラフを作成した。 
年別の外国人人口割合は外国人人口/総人口＊100
で算出した。 
 
 
 
 
図３．日本在住の外国人人口割合の推移 
0
500,000
1,000,000
1,500,000
2,000,000
2,500,000
3,000,000
121,500,000
122,000,000
122,500,000
123,000,000
123,500,000
124,000,000
124,500,000
125,000,000
125,500,000
126,000,000
126,500,000
0
0.5
1
1.5
2
2.5

2 
 
2.研究の方法と手順 
 初めに、実際に外国人人口割合がどのような地域で高いのかについて分析を行った。また、外国人
がどのような目的で日本に住んでいるかといった背景を踏まえて、様々な観点から外国人人口の割合
が高くなる要因の仮説をたてた。そして、立てた仮説と外国人人口割合のそれぞれの都道府県別のデ
ータから演算ソフト Rを用いてデータの分析を行い、ピアソンの積率相関係数を用いて検証を行っ
た。最後に検証結果から、立てた",references/awards/text/2021/high-school/2021H4-shorei.txt,references/awards/notes/2021/high-school/2021H4-shorei.md
2021,paper,高校生の部,特別賞(統計分析),男女別の自殺に至る要因について,河又 杏香(慶應義塾湘南藤沢高等部),,https://www.nstac.go.jp/sys/files/sites/3/static/statcompe/files/2021/2021H51-toku1.pdf,references/awards/raw/2021/high-school/2021H51-toku1.pdf,2026-08-17T07:54:00.657600+00:00,e1fc32d9f00726e757eaf9fe2f0175ec46dfd6d8fd7ddac92aa493d419c26cbc,952154,2021H51-toku1,9,11795,記述統計・可視化 / 相関分析,,"はじめに 
1.1 研究のテーマと目的 
新型コロナウイルスの感染が大きく拡大した 2020
年、世界中の人類の生活は一変し、それまでとは違った
ライフスタイルや他人との関わりを強いられるようにな
った。今までとは全く違う生活に対するストレス、仕事
が思うようにいかず家計が逼迫することによるストレス
などが増えている中で、リーマン・ショック後の 2009
年に増加して以来減り続けていた自殺者が 2020 年に 11
年ぶりに増加した(図 1)。リーマン・ショックも
新型コロナウイルスも世界経済に大きく影響を
及ぼしたこともあり、経済的な理由が自殺者数
の変化に影響を及ぼしているとする見方は多く
ある。そこで、コロナ禍という特殊な状況ではなかった 2015 年の自殺率に影響を及ぼした要因を多方面から
調べることで、現在の新型コロナウイルスのまん延による自殺率の増加およびこれからの自殺率の増減につ
いて考え対策するにあたってどの要因を主に考えるべきなのかを考察した。 
1.2 自殺率の男女差について
 
 図 1 からわかるように、男女で自殺率がどの年でも大きな差があり 、
男性が女性の 2 倍以上の自殺率である期間が多い。また、都道府県別の
男性と女性の自殺率について、相関係数が 0.2032165 と相関はあるも
のの弱く、散布図を描いてみても(図 2)あまり特徴がわからなかった。 
このことから、男女では自殺の要因となるものは違うと考え、それぞ
れの自殺の要因を別で調べて、自殺","結論の
妥当性については更なる検証が必要である。 
 
 

 1 
男女別の自殺に至る要因について 
河又杏香 
慶應義塾湘南藤沢高等部 
 
1. はじめに 
1.1 研究のテーマと目的 
新型コロナウイルスの感染が大きく拡大した 2020
年、世界中の人類の生活は一変し、それまでとは違った
ライフスタイルや他人との関わりを強いられるようにな
った。今までとは全く違う生活に対するストレス、仕事
が思うようにいかず家計が逼迫することによるストレス
などが増えている中で、リーマン・ショック後の 2009
年に増加して以来減り続けていた自殺者が 2020 年に 11
年ぶりに増加した(図 1)。リーマン・ショックも
新型コロナウイルスも世界経済に大きく影響を
及ぼしたこともあり、経済的な理由が自殺者数
の変化に影響を及ぼしているとする見方は多く
ある。そこで、コロナ禍という特殊な状況ではなかった 2015 年の自殺率に影響を及ぼした要因を多方面から
調べることで、現在の新型コロナウイルスのまん延による自殺率の増加およびこれからの自殺率の増減につ
いて考え対策するにあたってどの要因を主に考えるべきなのかを考察した。 
1.2 自殺率の男女差について
 
 図 1 からわかるように、男女で自殺率がどの年でも大きな差があり 、
男性が女性の 2 倍以上の自殺率である期間が多い。また、都道府県別の
男性と女性の自殺率について、相関係数が 0.2032165 と相関はあるも
のの弱く、散布図",references/awards/text/2021/high-school/2021H51-toku1.txt,references/awards/notes/2021/high-school/2021H51-toku1.md
2021,paper,高校生の部,特別賞(統計分析),ごみの排出量と人口構成比に関する定量分析,杉本 歩優(お茶の水女子大学附属高等学校),,https://www.nstac.go.jp/sys/files/sites/3/static/statcompe/files/2021/2021H52-toku2.pdf,references/awards/raw/2021/high-school/2021H52-toku2.pdf,2026-08-17T07:54:00.657600+00:00,78074a27a2262867d7f5f041ccddb4b5284f7b341a308b665e86bc96001530d1,1867159,2021H52-toku2,9,10687,記述統計・可視化 / 相関分析,人口・移住 / 環境・エネルギー,"目的 
ごみ処理場不足や、ごみ処理にかかるコストの増大など、ごみに関する問題が多くある。そんな中で、
「都道府県別 1 人 1 日当たりのごみの排出量少なさランキング」（１）というものを目にした。そのランキ
ングでは 1 位が長野県（811ｇ/人日）で 47 位が富山県（1045ｇ/人日）だった。この二つの県は隣接して
いるのにもかかわらず大きな差があることに興味を抱いた。 
そのランキングを掲載している記事では、上位の都道府県が行っているごみの排出量削減のための対策
を示し、ごみの排出量が少ない要因として挙げていた。例として、六年連続第一位の長野県では食品ロス
削減の取り組みである「食べ残しを減らそう県民運動 ～e-プロジェクト～」や「信州プラスチックスマー
ト運動」など、さまざまな取り組みを実施しており、それによって県民の意識が高まっているという。 
 しかし、そのようなごみを減らすための取り組みとは別に、潜在的にごみの排出量と相関関係を持つも
のはないのか考えた。ごみの排出量が少ない理由を自分なりに考え、それを検証していくことでごみの排
出量に関するデータを見つけ、新しい観点からごみ問題をとらえることを目的とする。 
 
２．研究の方法と手順 
 この研究では、各都道府県のごみの排出量と因果関係があるものが何かを調べる。今回は人口という
観点から①総人口に占める男性・女性の割合、②総人口に占める外国人人口の割合、③年齢別（15 歳未
満、15～64 歳、65 歳以上）の人口","考察1】 
図 2－3 より、1 人 1 日当たりの事業系ごみの排出量が増えるほど外国人人口割合が小さくなって
いることがわかる。この結果から、外国人人口の割合と事業系ごみの排出量には負の相関があるとい
える。【考察２】 
(図2－1は図2－2と図2－3の合計を示したものなのでここでは言及しない) 
 
 
縦軸：人口に占める外国人人口の割合 
横軸：図２－１は合計、図２－２は生活系、図２－３は事業系ごみ
の排出量[単位:g] 
Excel を使って散布図に示した。 

3 
 
 
0.100
0.120
0.140
0.160
0.180
150 250 350 450 550
1人1日当たり事業系ごみの排出量と15歳未満人口の割合
 
③年齢別人口割合とごみの排出量 
 
0.520
0.570
0.620
500 550 600 650 700 750 800
1人１日当たりの生活系ごみの排出量と15～64歳の人口割合
0.520
0.570
0.620
150 250 350 450 550
1人１日当たりの事業系ごみの排出量と15～64歳の人口割合
図 3－2 
図 5－1 
図４－２ 
図 5－2 
0.100
0.120
0.140
0.160
0.180
500 550 600 650 700 750 800
1人1日当たりの生活系ごみの排出量と15歳未満人口の割合
縦軸：人口に占める 15～65 歳人口の割合 
横軸：生活系ごみの排出量[単位:g] 
図３－１",references/awards/text/2021/high-school/2021H52-toku2.txt,references/awards/notes/2021/high-school/2021H52-toku2.md
2021,paper,高校生の部,特別賞(統計活用),学習意欲を高めるために ~日本の教育を見直す~,遠藤 沙恵(慶應義塾湘南藤沢高等部),,https://www.nstac.go.jp/sys/files/sites/3/static/statcompe/files/2021/2021H53-toku3.pdf,references/awards/raw/2021/high-school/2021H53-toku3.pdf,2026-08-17T07:54:00.657600+00:00,310eafec51904a3f4e42ae74440036f2229b85b6dd192fb7b7d55c8915277ab7,1568377,2021H53-toku3,9,10496,記述統計・可視化 / 相関分析,教育,"目的 
現在日本では多くの大学が大都市圏にあり、入学・進学といった理由で毎年地方から若者が いな
くなっている。令和元年度の文部科学省の学校基本統計(1)によると、大学進学時の 都道府県別流
入・流出率は 10 都道府県で正の値（流入超過） 、37 都道府県で負の値 （流出超過）をとってい
る。京都や東京では流入率が 70%を超えている一方、香川では流出率が 31.3%となっているのが
現状だ。 
また、学習・自己啓発・訓練の行動者率の上位 13 県に、流入超過で あ
る 10 都道府県のうち石川県を除く 9 都道府県が含まれている。 実際、地
域別の学習・自己啓発・訓練の行動者率 のヒートマップ（図 1）からも、
大学進学時に若者が多く移住する 都会では学習意欲が高いと 考えられる。
では、人々の学習意欲 の差は何によって生まれるのだろうか 。学習意欲は何
に影響されるのだろうか。 どのようにすれば 学習意欲を高めることはできる
のだろうか。本研究ではこのような問を軸に、 統計データを用いて学習
意欲に関する分析・考察を行った 。 
 
2. 研究の方法と手順 
この研究では、学習意欲 に影響を与える要素をいくつか推測し、教育用標準データセット
（SSDSE）やその他のデータを統計分析ソフトウェア R で分析し相関関係及び無相関の検定におけ
る p 値（相関係数の絶対値が 0.5 以下のもののみ）を明らかにした。また、それらの結果から日本の
教育システムについての考察を行った。","考察を行った 。 
 
2. 研究の方法と手順 
この研究では、学習意欲 に影響を与える要素をいくつか推測し、教育用標準データセット
（SSDSE）やその他のデータを統計分析ソフトウェア R で分析し相関関係及び無相関の検定におけ
る p 値（相関係数の絶対値が 0.5 以下のもののみ）を明らかにした。また、それらの結果から日本の
教育システムについての考察を行った。 
本研究では SSDSE-D-2021 の生活行動に関する結果から、 自由時間等での 5 種類の活動のうち
「学習・自己啓発・訓練の総数」 について、過去 1 年間に活動した人の割合 （行動者率）が高いほ
ど自由時間を学習に使っている、つまり学習意欲が高いとする。 また、学習意欲というの は学生の
ものだけでなく、10 歳以上の人全員 のものとする。 
 
3. データセットの加工 
使用したデータと 出典及び作成した指標と その計算方法はそれぞれ表 1、表 2 のようになってい
る。また、使用した データは全て都道府県別である。 
表 1 使用したデータ一覧 
データ名 出典 
≪人口≫ 
総人口（人） 
≪教育≫ 
SSDSE-B（2016 年） 
*総人口のみ 2015 年のデータも使
用 
図 1 地域別の学習・自己啓発・訓練の行動者率 
 
青：20.0 以上 25.0 未満 
水：25.0 以上 30.0 未満 
黄：30.0 以上 35.0 未満 
橙：35.0 以上 40.0 未満 
赤：40.0",references/awards/text/2021/high-school/2021H53-toku3.txt,references/awards/notes/2021/high-school/2021H53-toku3.md
2021,paper,高校生の部,特別賞(統計活用),テレワークの拡大と通勤通学時間の減少がもたらす影響と課題,武田 佳暖子・黒田 小晴(お茶の水女子大学附属高等学校),,https://www.nstac.go.jp/sys/files/sites/3/static/statcompe/files/2021/2021H54-toku4.pdf,references/awards/raw/2021/high-school/2021H54-toku4.pdf,2026-08-17T07:54:00.657600+00:00,63725833e9d6ce0ccf70f6ed4305ef6e3bac70d4b84b56bbfb99e2d070b10a73,2018405,2021H54-toku4,9,10766,記述統計・可視化 / 相関分析 / 因子分析,,目的 現代の日本では、 「通勤ストレス」 という言葉があるように、 長時間通勤や満員電車での通勤が与える影響が問題になっている。また、感染症の流行により、テレワークが推奨されている。テレワークの拡大で様々な生活の変化があるが、その中でも最も影響があると思われるのが通勤通学時間である。通勤通学時間の減少による悪影響はないのだろうか。テレワークを推奨するにあたって、通勤通学時間の減少が私たちに及ぼす悪影響を考慮する必要があるのではないだろうか。 ２．研究の方法と手順 本研究では、 まず通勤通学時間とさまざまな変数の相関係数を求める事前分析を行った。 次に、 相関の強い変数の中から、 相関の強さの要因を考察できそうなものについて仮説を立て、 データ分析によって検証した。特に県単位で集計したデータと通勤通学時間との相関を調べた。以下に使用した変数一覧（表１） 、指標一覧（表２）を示す。 表１ 使用した変数一覧 使用変数 出典 平均時間 （通勤通学、休養・くつろぎ、テレビ・ラジオ・新聞・雑誌、睡眠、育児、仕事時間、学業（在学者、平日）） 社会生活基本調査 (2016)* 行動者率 （趣味としての読書、CD・スマートフォンなどによる音楽鑑賞、海外旅行（観光旅行）、旅行（１泊2日以上）、遊園地・動植物園・水族館などの見物、外国語、サッカー（フットサル含む）、テニス、水泳、登山・ハイキング、サイクリング、映画館での映画鑑賞、映画館以外での映画鑑賞、音楽会などによるポピュラー音楽・民謡曲鑑賞、楽器,"考察できそうなものについて仮説を立て、 データ分析によって検証した。特に県単位で集計したデータと通勤通学時間との相関を調べた。以下に使用した変数一覧（表１） 、指標一覧（表２）を示す。 表１ 使用した変数一覧 使用変数 出典 平均時間 （通勤通学、休養・くつろぎ、テレビ・ラジオ・新聞・雑誌、睡眠、育児、仕事時間、学業（在学者、平日）） 社会生活基本調査 (2016)* 行動者率 （趣味としての読書、CD・スマートフォンなどによる音楽鑑賞、海外旅行（観光旅行）、旅行（１泊2日以上）、遊園地・動植物園・水族館などの見物、外国語、サッカー（フットサル含む）、テニス、水泳、登山・ハイキング、サイクリング、映画館での映画鑑賞、映画館以外での映画鑑賞、音楽会などによるポピュラー音楽・民謡曲鑑賞、楽器の演奏、カラオケ。写真の撮影・プリント、テレビゲーム・パソコンゲーム） 社会生活基本調査 (2016)* 
平均年齢 国立社会保障・人口問題研究所（2018） 自殺死亡者数 厚生労働省 人口動態調査（2016） 高齢化率 総務省 人口推計(2013) （有業者の妻・夫 自家用車保有の有無別） 読書行動者率、音楽鑑賞行動者率 社会生活基本調査（2016) 平均時刻 （起床、朝食開始、出勤、帰宅、夕食開始、就寝） 社会生活基本調査 (2016)* 生活習慣病受療者数 厚生労働省 患者調査（2014） 平均歩数 厚生労働省 国民健康・栄養調査（2012） 健康診断有所見率 厚生労働省 定期健康診断結果報",references/awards/text/2021/high-school/2021H54-toku4.txt,references/awards/notes/2021/high-school/2021H54-toku4.md
2021,paper,高校生の部,特別賞(統計活用),少子化問題に向き合う,中川 真菜・東 優希・大前 翼・大山 悠稀・上月 翔也・竹村 春花(兵庫県立姫路西高等学校),,https://www.nstac.go.jp/sys/files/sites/3/static/statcompe/files/2021/2021H55-toku5.pdf,references/awards/raw/2021/high-school/2021H55-toku5.pdf,2026-08-17T07:54:00.657600+00:00,190b5b94d490a2514030b5ddfd005fe66db42cdae603c49a26ddfc5a32cfe947,1699262,2021H55-toku5,9,8988,記述統計・可視化 / 相関分析,,"目的・研究準備 
１．１ 背景 
各自で社会科学に関するテーマを持っていた私たちがグ
ループをつくり研究テーマを定める際に 、社会をより良い
ものにするための障害となっていることは一体何であるか
ということを協議し、各自の研究テーマを細分析した結果、
少子化が社会問題の根底にあり、少子化から様々な社会問
題へと発展していくのではないかという考察を得た。 
したがって、さまざまな社会問題を解決するためには、 少
子化問題の解決策を考えることが最も近道になると考え、私たちは少子化の原因を探るために、 出生率 ・
合計特殊出生率と各種統計の相関関係を調べてみることにした。相関が見つけられればその事象が少子
化問題に関連していることを示すことができると考えた。 
 
１．２ 少子化の定義 
前提として、そもそも少子化とは何であるかということを定義する。 
「平成４年度国民生活白書 [1]」では、 「出生率の低下やそれに伴う家庭や社会における子供数の低下
傾向 」を「少子化」 、 「子供や若者が少ない社会」を「少子社会」と表現している。また、人口学の世界
では、一般的に、「合計特殊出生率 注 1が、人口を維持するのに必要な合計特殊出生率（人口置換水準）
を相当期間下回っている状況」を「少子化」と定義している。 
日本では、1974 年代半ば以降、 「少子化現象」が続いており、2005 年にはついに「人口減少社会」と
なった[2]。この少子化現象を打開する政策を考えるためにデータを分析し、各","考察が必要である。 
 

1/8 
 
少子化問題に向き合う 
 
中川 真菜 東 優希 大前 翼 大山 悠稀 上月 翔也 竹村 春花 
兵庫県立姫路西高等学校 
 
 
１．研究のテーマと目的・研究準備 
１．１ 背景 
各自で社会科学に関するテーマを持っていた私たちがグ
ループをつくり研究テーマを定める際に 、社会をより良い
ものにするための障害となっていることは一体何であるか
ということを協議し、各自の研究テーマを細分析した結果、
少子化が社会問題の根底にあり、少子化から様々な社会問
題へと発展していくのではないかという考察を得た。 
したがって、さまざまな社会問題を解決するためには、 少
子化問題の解決策を考えることが最も近道になると考え、私たちは少子化の原因を探るために、 出生率 ・
合計特殊出生率と各種統計の相関関係を調べてみることにした。相関が見つけられればその事象が少子
化問題に関連していることを示すことができると考えた。 
 
１．２ 少子化の定義 
前提として、そもそも少子化とは何であるかということを定義する。 
「平成４年度国民生活白書 [1]」では、 「出生率の低下やそれに伴う家庭や社会における子供数の低下
傾向 」を「少子化」 、 「子供や若者が少ない社会」を「少子社会」と表現している。また、人口学の世界
では、一般的に、「合計特殊出生率 注 1が、人口を維持するのに必要な合計特殊出生率（人口置換水準）
を相当期間下回っている状況」を「少子化」と定義し",references/awards/text/2021/high-school/2021H55-toku5.txt,references/awards/notes/2021/high-school/2021H55-toku5.md
2021,paper,高校生の部,特別賞(審査員奨励),瀬戸内海におけるマダコの現状とその分析,長谷川 夏恋・天野 雄耀(成城学園中学校高等学校),,https://www.nstac.go.jp/sys/files/sites/3/static/statcompe/files/2021/2021H56-toku6.pdf,references/awards/raw/2021/high-school/2021H56-toku6.pdf,2026-08-17T07:54:00.657600+00:00,759a3996019b0dee4f5f2bf1804c62a43eb8c1475ba6f8cbb5895137b867c1ff,1057066,2021H56-toku6,9,7626,記述統計・可視化 / 相関分析 / 時系列,,"はじめに 
先日、たこ焼きパーティーをしていた際、ふと「このタコ、どこ産のものなのだろう」と思い、パッ
ケージを見てみたら、モーリタニア産であった。まず、私はそのタコが海外産だったことに驚き、そし
てモーリタニアの位置を調べてみると、大西洋に面したアフリカの国であった。私は日本から遠いアフ
リカからわざわざタコを輸入していることが意外だった。 
母にスーパーのタコについてのイメージを聞いてみると「国内産は値段が高くて手が届かない。海外
産のものならまだ手が届く」 ということであった。 日本では昔からタコを食べる文化があるが、 今現在、
そのタコを海外産に頼っているのはなぜなのか不思議だった。そこでイカとタコはよくセットで言われ
るが、まずはイカとタコの消費額について調べてみることにした。 
 
図１ イカとタコの消費額の比較 
 
上の図１は全国主要都道府県におけるイカとタコの年間消費額を示したものである。図１には一部の
都道府県しか載せていないが、全ての都道府県を見てもタコよりイカの方が消費額が大きい。これにつ
いて母に聞いてみると「タコよりイカの方が比較的安いからではないか」とのことだった。しかし、イ
カも少なからず輸入に頼っているはずなのに、タコの方が価格が高いのはなぜか不思議に思った。そこ
で日本はタコをどれくらい輸入しているのか調べたところ、以下の図を入手することができた。 
 
図２ タコの国内漁獲高・日本輸入量・アフリカ漁獲量の推移 (1960-2015年)【1】",,references/awards/text/2021/high-school/2021H56-toku6.txt,references/awards/notes/2021/high-school/2021H56-toku6.md
2021,paper,大学生・一般の部,総務大臣賞,若者の大都市から地方への移動要因を探る ―修正重力モデルによる分析―,坂本 大樹(東京大学大学院情報理工学系研究科) 川本 晃大(早稲田大学大学院基幹理工学研究科) 地方から大都市への社会移動が地方の人口減少に大きく影響していることに着目し、各地域の人口と距離に加えて人口移動を決定づける様々な要因を考慮した修正重力モデルにより、若年層の人口移動の要因を分析している。Elastic Net回帰を用いて変数選択のパラメーター推定を行い、結果として若者の人口移動要因に関する変数を明らかにした。,,https://www.nstac.go.jp/sys/files/sites/3/static/statcompe/files/2021/2021U1-daijin.pdf,references/awards/raw/2021/university-general/2021U1-daijin.pdf,2026-08-17T07:54:00.657600+00:00,3453be0ac9f66a1e7e67312412cf8063391b6fd2db61f7d6d4ec670c23cfb125,1695331,2021U1-daijin,9,14711,相関分析 / 重回帰 / 時系列 / 機械学習,,"はじめに
わが国では，少子化の影響により，現在進行形で人口が減少している．実際，日本は 2008 年の 12800 万人をピー
クに減少に転じ，2021 年 3 月時点で 12548 万人 (総務省統計局 [6])，2060 年には 9300 万人まで減少すると推計され
ている (社人研 [5])．特に，人口減少は地方において深刻な問題である．その原因として，東京への一極集中が挙げら
れる．これには，進学，就職等の理由に加え，魅力，利便性，自由度の高さが影響している [24]．この問題に対し国
土交通省は， 「企業等の東京一極集中に関する懇談会」を例年, 定期的に開催して対策を講じているが，依然として，
東京都圏を含む三大都市圏の総人口は，一貫して増加しているか，横ばいの傾向にある [24]．
人口減少による弊害は， 言うまでもなく， 産業・雇用， 地域生活， 医療福祉政策， 行政サービスなど多岐に渡る．例
えば， 「まち・ひと・しごと創生長期ビジョン」によると，人口減少の問題点として，労働力減少による経済規模の縮
小，自治体の担い手の減少による行政機能の低下，社会保障制度と財政の持続可能性，都市機能の低下，を挙げてい
る [7]．
こういった状況下で，政府は，人口減少を克服し，将来にわたって成長力を確保し， 「活力ある日本社会」を維持す
るため，2014 年 9 月に「まち・ひと・しごと創生法」を制定し，内閣にまち・ひと・しごと創生本部を設置した．令
和元年に改訂された 「まち","考察
本節では，選択された変数において， Elastic Net 回帰で得られたパラメータとその解釈について言及する．解釈
においては，パラメータの符号により判断する．パラメータが 0 となった変数，すなわち選択されなかった変数に関
しては，被説明変数である移動人口量との相関性がないと考えられるため考慮しない．各変数の回帰係数は， [表 2]，
Elastic Net 回帰で得られた係数同士の相関表は，[図 2] に示す．なお，変数名にあるアルファベットは [表 1] に対応
している．
表 2: Elastic Net 回帰で得られたパラメータ
変数名 回帰係数 変数名 回帰係数 変数名 回帰係数 変数名 回帰係数
(A) 0.061648 (G) -0.130457 (M) 0.134630 (S) 0.062168
(B) 0.069374 (H) 0.078206 (N) 0.041808 (T) -0.023933
(C) -0.568857 (I) 0.015544 (O) -0.044284 (U) -0.086024
(D) 0.134868 (J) -0.032623 (P) 0.010989 (V) -0.042550
(E) -0.029745 (K) 0.114437 (Q) -0.076732
(F) -0.060645 (L) 0.107113 (R) -0.031711
まず，総人口に関しては，移動先・移動元共にパラメータの符号が正であることから，総",references/awards/text/2021/university-general/2021U1-daijin.txt,references/awards/notes/2021/university-general/2021U1-daijin.md
2021,paper,大学生・一般の部,優秀賞,市区町村別に見た少子化の要因分析,倉島 茂之(東京理科大学経営学部経営学科) 日本の少子化について、合計特殊出生率(TFR)と若年女性の移動に着目し、クラスタリングによって高齢化の進んでいる地域や東京からの距離等による分類を行って、地理的要因と人口構造的要因が影響していることを示すことで、少子化問題に対応できている地域の特徴を明らかにした。,,https://www.nstac.go.jp/sys/files/sites/3/static/statcompe/files/2021/2021U2-yushu.pdf,references/awards/raw/2021/university-general/2021U2-yushu.pdf,2026-08-17T07:54:00.657600+00:00,d0c5b3317cf7119ce219246ea45fdc8005f2ddb404ac0d1c2619ac189fa47779,2056133,2021U2-yushu,9,14768,記述統計・可視化 / 時系列 / クラスタリング / 機械学習,,"研究目的 
2005 年に、1 人の女性が生涯に子どもを産む人数であり少子化の指標とされている合計特殊出生率（以下
TFR と記す）が過去最低となり、 それ以降多少回復はしているものの依然低水準である。しかし、市区町村別
に TFR を見ると最高値が沖縄県金武町の 2.47、大阪府豊能町の 0.84（2013～2017 年）とかなり地域差があ
ることがわかる。この TFR の格差の要因は何なのかを明らかにすることで少子化に対する打開策を考える余
地が生じる。しかし、TFR が高くとも将来人口が減少してしまう地域もある。下図を見るとこれが明白である
ことがわかる。 
図 1 合計特殊出生率と将来人口指数の散布図（2010 年の人口を 100 としている） 
出典：国立社会保障・人口問題研究所 
前田（2005 年）はこれに関して「TFR は以下のように計算されるため、転出により女子人口が減少した市
区町村では、出生数も減少し少子化になるが分母分子双方が減少しているため TFR には表れづらい」と述べ
ている。 
𝐓𝐅𝐑 ＝ ∑ 
年齢別出生数
年齢別女子人口
𝟒𝟗
𝟏𝟓
 つまり、少子化を考えるうえで TFR に注目するのでは不十分であり分母の女子人口も考える必要がある。
以上より本研究では、TFR と TFR の計算過程で分母に出てくる 15～49 歳女子人口の流入出、それぞれに対
して影響を与える要因を分析することで少子化に影響を与える要因を明らかにすることを 目的とする。近年","考察とまとめ 
 ここまで TFR、 若年女性転入出でクラスタを作り、決定分析を通して特徴量の重要度を知り、 クラスタごと
に可視化をしてどのような特徴があるのかを見てきた。両者とも地理的要因や人口構造が非常に重要であった。
加えて両者とも最終学歴が重要であったこと、若年女性転入出では平均年収などの指標も重要であった。人口
ピラミッドからは西日本型クラスタのように高 TFR であるが少子化になっている地域を 確認でき、やはり
TFR のみに注目するのでは少子化問題を考えるうえで不十分なことも分かった。一方で TFR に影響を与える
と考えられる人口当たり婚姻率の重要度が低かったことや、TFR 予測、若年女性転入出両方に影響を与えそう
な女性議員割合、公務員管理職女性割合などの重要度が低かったことも注目すべき点なのではないだろうか。
人口維持理想型の特徴としては、 地理的には中部以西に多く存在しある程度以上の規模の大きな都市の周りに
存在している。そして、平均年収が比較的高く大学卒業割合も高いという特徴があった。また、転入出に影響
を与えそうな大学に関するデータをあまり取得できなかった点や、 関連性は見いだせたものの因果関係を証明
するには至らなかったこと、若年女性転入出予測モデルの決定係数が 0.63 とあまり高くない数値になってし
まったことは次回への改善点である。 
次に手短ではあるが少子化対策を考えていく。 目指すはすべての地域を人口維持理想型のクラスタにするこ
とである。",references/awards/text/2021/university-general/2021U2-yushu.txt,references/awards/notes/2021/university-general/2021U2-yushu.md
2021,paper,大学生・一般の部,統計数理賞,若年女性の社会増減についての要因分析,三輪 俊太郎(滋賀大学大学院データサイエンス研究科) 地方の人口減少は自然増減と社会増減の2つの側面があることから、女性の社会増減について145の変数を用いてランダムフォレスト回帰により若年女性の社会移動にかかわる要因を抽出し、産業面では特定産業の集積、産業面以外では婚姻数等が若年女性人口と相関していることを示している。,,https://www.nstac.go.jp/sys/files/sites/3/static/statcompe/files/2021/2021U3-suri.pdf,references/awards/raw/2021/university-general/2021U3-suri.pdf,2026-08-17T07:54:00.657600+00:00,3553058102e5ad0060e55c963f81d2d7e68bf37c2cbc780dd6b562f0a2ca0c4c,2022481,2021U3-suri,9,10196,相関分析 / パネルデータ / 時系列 / 機械学習 / 因果推論,,"目的 
 人口減少は、平成末期の地方制度におけるキーワードである （1）。まち・ひと・しごと創生長期ビジョン（令
和元年改訂版）では、地方において地域社会の担い手が減少することにより、地域経済が縮小し、それが更に人
口減少を加速させ負の連鎖に陥っていると指摘し、地方の未来に向け「活力ある地域社会」の実現と、「東京圏
への一極集中」の是正を目指すと掲げている （2）。 
 人口減少には、死亡数と出生数の差による自然増減と、地域間の移動に伴う社会増減の２つの側面がある。地
方の人口減少は、出生率の低下と地方から東京圏への人口移動とが複合して生じており、人口移動について東京
圏への年齢階層別の転入超過数を見ると、15〜29 歳の若年者が大部分を占めている （2）。人口は限られた資源で
あり、その社会移動に関わる要因を確認することは、地方の持続可能性に向けた対策を行うにあたり重要である
と考える。 
 若者の移動については、独立行政法人労働政策研究・研修機構の「移動する若者・しない若者」に詳しい。そ
の中で林
（3）は、若年女性の移動に着目しており、高い経済成長率を維持した時代は男性が都市部に集まってい
たが、90 年代から傾向が変わり、2000 年以後は都市部の 20〜39 歳の若年層において男性よりも女性の比率が高
くなっていることを明らかにした。また、女性は男性よりも転入転出が少ないことから、都市部に集まり、都市
部から出て行かない傾向にあると指摘している。 
 地方の人口減少は、","考察 
4.1 産業面について 
 SHAP 値の算出により、若年女性の人口は業種別就業者数との関係性が強いことが示された。そのうち、正の相
関が示された業種は、専門・科学技術・業務支援サービス業、運輸・郵便業、情報通信業、不動産業・物品賃貸
業などであり、負の相関が示されたのは複合サービス事業や農業・林業であった。 
 日本全体の傾向との比較をするため、国民経済計算上の各業種の 2005 年から 2015 年の推移を確認した（表
３）。なお、本研究で主に用いた国勢調査上の業種と、国民経済計算上の業種とが名称含め必ずしも一致しない
点に御留意いただきたい。 
 
 日本全体の付加価値額や就業者数が 2005 年から 2015 年にかけてほぼ横ばいであるのに対し、業種別では違い
が見られた。 
 専門・科学技術・業務支援サービス業については、付加価値額・就業者数ともに大きな伸びが見られた。この
業種は具体的には学術的研究の他、法律・会計・デザインやコンサルティングなどを手がけるもので、専門性や
資格が求められるホワイトカラーの業種であり、対事業所向けのサービスが主であると考えられる。専門・科学
技術・業務支援サービス業の特化係数と若年女性人口との相関（SHAP 値）が見られたことを踏まえると、表３の
付加価値額や就業者数の伸びは都市部に偏っており、その中で、若年女性が就業機会を見出しているものと考え
られる。そこには、「手に職をつけたい」と言った長期的なキャリア志向が関係しているか",references/awards/text/2021/university-general/2021U3-suri.txt,references/awards/notes/2021/university-general/2021U3-suri.md
2021,paper,大学生・一般の部,統計活用奨励賞,家計調査を用いた消費重心と多変量解析による地域性の導出,井手 健太(法政大学経済学部経済学科) 家計調査の結果を用いて消費重心を定義し、クラスター分析の基準として取り入れることで、消費傾向が都道府県の位置する地方ごとに大別できることを示している。,,https://www.nstac.go.jp/sys/files/sites/3/static/statcompe/files/2021/2021U4-shorei.pdf,references/awards/raw/2021/university-general/2021U4-shorei.pdf,2026-08-17T07:54:00.657600+00:00,eb44822c387465c1e6c5443ea6c0fbd80f64ad2ed0599be6c8f63b4450db0010,1539732,2021U4-shorei,9,14155,記述統計・可視化 / 相関分析 / クラスタリング,,"目的 
1.1 家計調査と研究の目的 
昭和 21 年 7 月に始められた「消費者価格調査」から発展した長い歴史をもつ「家計調査」は、総務省統計
局が実施している基幹統計である。「家計調査」では、「一定の統計上の抽出方法に基づき選定された全国約9
千世帯の方々を対象として、家計の収入・支出、貯蓄・負債などを毎月調査している。 」(総務省統計局 「家計
調査」( http://www.stat.go.jp/data/kakei/))二人以上の世帯の 1 世帯当たり1 か月間の収支金額は、月ご
とに、単身世帯及び総世帯の家計収支に関する結果と二人以上の世帯の貯蓄 ・ 負債に関する結果は、四半期ご
とに公表されており、それとは別に年平均の結果をまとめた「家計調査年報」が公表されている。 
「家計調査」の結果は、 品目別都道府県庁所在市及び政令指定都市ランキングとしてまとめられている。 ラ
ンキング形式での表章は、地域の特産物 を把握することや品目別に支出額の多い都道府県を比較することに
適しているため、直観的に理解しやすく幅広い層に知見をもたらすだろう。 しかし、ランキングにおいて消費
額が上位に位置しなかった品目の特徴と都道府県の特徴が捨象されてしま う点や、複数あるいは全体で総合
的に評価するのが難しい点において欠点があり、詳細な傾向や全体像を把握することが難しいと考えられる。 
そのため、ランキング形式では表章されない下位の特徴や都道府県間の特徴を、より明確に反映することが
必要","まとめた「家計調査年報」が公表されている。 
「家計調査」の結果は、 品目別都道府県庁所在市及び政令指定都市ランキングとしてまとめられている。 ラ
ンキング形式での表章は、地域の特産物 を把握することや品目別に支出額の多い都道府県を比較することに
適しているため、直観的に理解しやすく幅広い層に知見をもたらすだろう。 しかし、ランキングにおいて消費
額が上位に位置しなかった品目の特徴と都道府県の特徴が捨象されてしま う点や、複数あるいは全体で総合
的に評価するのが難しい点において欠点があり、詳細な傾向や全体像を把握することが難しいと考えられる。 
そのため、ランキング形式では表章されない下位の特徴や都道府県間の特徴を、より明確に反映することが
必要である。 この論文では、ランキング形式以外の方法で、消費品目別の特徴と都道府県別の特徴をそれぞれ
導出することを目的とする。 
 
1.2 消費重心の導出と消費品目別傾向 
消費品目別の特徴を導出し、グルーピングすることを考える。グループ分けを行う基準の1 つとして、昨年
度のデータコンペで提案した消費重心を用いる。 
消費重心は、人口の移動を表す尺度である人口重心を基にしている。総務省統計局(2017)「我が国の人口重
心-平成 27 年国勢調査結果から-」によると、人口重心とは、「1 人 1 人が同じ重さを持つと仮定して、調査地
域の人口が全体として平衡を保つことができる点」 と定義されており、市区町村の人口重心は以下の式で算出
され",references/awards/text/2021/university-general/2021U4-shorei.txt,references/awards/notes/2021/university-general/2021U4-shorei.md
2021,paper,大学生・一般の部,特別賞(統計分析),外国人技能実習生の実習地選択における就労産業、国籍、都道府県別クラスター効果の導出,後藤 龍星(慶應義塾大学法学部政治学科),,https://www.nstac.go.jp/sys/files/sites/3/static/statcompe/files/2021/2021U51-toku1.pdf,references/awards/raw/2021/university-general/2021U51-toku1.pdf,2026-08-17T07:54:00.657600+00:00,57fa693bf07a370b1d1174659618760d5a12f8ed001284c93d985319555d5e2f,1659594,2021U51-toku1,9,14390,記述統計・可視化 / 相関分析 / 重回帰 / パネルデータ / 時系列 / クラスタリング / 検定,労働・経済,"目的 
1.1研究のテーマと目的 
現代の日本社会が抱える少子高齢化という構造的課題は、 諸外国からの外国人労働者の流入を促進して
いる側面がある。また、東京オリンピック開催に伴った「外国人建設就労者受入事業」や 2019 年に創設
された新在留資格「特定技能1 号」および「特定技能2 号」の影響もあり、日本国内における外国人労働
者の総数は、東日本大震災後の 2013 年から連続した上昇を見せている(7)。しかし、EU 圏やアメリカ国内
で政治的注目を集めるように、 外国からの移住者を巡る様々な社会問題が日本国内で発生しているのも事
実である。これらは、長時間労働や給料未払いといった労働環境における問題から、近隣住民との対人ト
ラブル、 言語の壁、 学校教育や病院といった公共サービス関連に至るまで幅広く及ぶ(2)(6)。 実際に、 近年の
急激な外国人労働者の流入に行政や職場が対応できないケースも少なからず報告されている。 
とりわけ技能実習生を巡っては状況が一層悪く、「外国人技能実習制度の現状、課題等について（厚生
労働省, 2018 年）」(6)の報告によれば、全国の労働基準監督機関において実習実施機関に対して5,672 件の
監督指導を実施し、その 70.6％に当たる 4,004 件で労働基準関係法令違反が認められた。主な違反項目と
しては、労働時間、安全基準、衛生基準、健康診断などが並んでいる。労働環境の一層の整備を目指す目
的で 2017 年 11 月に施行された「技","考察
能力は評価できる。 
 
 

1 
 
外国人技能実習生の実習地選択における 
就労産業、国籍、都道府県別クラスター効果の導出 
 
後藤 龍星*1 
 
*1: 慶應義塾大学法学部政治学科３年 
 
１．研究のテーマと目的 
1.1研究のテーマと目的 
現代の日本社会が抱える少子高齢化という構造的課題は、 諸外国からの外国人労働者の流入を促進して
いる側面がある。また、東京オリンピック開催に伴った「外国人建設就労者受入事業」や 2019 年に創設
された新在留資格「特定技能1 号」および「特定技能2 号」の影響もあり、日本国内における外国人労働
者の総数は、東日本大震災後の 2013 年から連続した上昇を見せている(7)。しかし、EU 圏やアメリカ国内
で政治的注目を集めるように、 外国からの移住者を巡る様々な社会問題が日本国内で発生しているのも事
実である。これらは、長時間労働や給料未払いといった労働環境における問題から、近隣住民との対人ト
ラブル、 言語の壁、 学校教育や病院といった公共サービス関連に至るまで幅広く及ぶ(2)(6)。 実際に、 近年の
急激な外国人労働者の流入に行政や職場が対応できないケースも少なからず報告されている。 
とりわけ技能実習生を巡っては状況が一層悪く、「外国人技能実習制度の現状、課題等について（厚生
労働省, 2018 年）」(6)の報告によれば、全国の労働基準監督機関において実習実施機関に対して5,672 件の
監督指導を実施し、その",references/awards/text/2021/university-general/2021U51-toku1.txt,references/awards/notes/2021/university-general/2021U51-toku1.md
2021,paper,大学生・一般の部,特別賞(統計分析),自治体間の人口流動性を考慮した潜在的な人手不足の可視化,渡邉 晃大・村上 竜之介(千葉工業大学先進工学部知能メディア工学科),,https://www.nstac.go.jp/sys/files/sites/3/static/statcompe/files/2021/2021U52-toku2.pdf,references/awards/raw/2021/university-general/2021U52-toku2.pdf,2026-08-17T07:54:00.657600+00:00,6555c2de4747112fb7bc15bd9e39aff704ec14a8ff7734931372dfc001cc1393,2091185,2021U52-toku2,8,7248,記述統計・可視化 / 因子分析 / 機械学習,人口・移住,"目的 
近年では都市部への人口集中が社会的な問題になっており、特に東京都では 23年間連続で人口が増加し続
けている。また、国土交通省-国土交通白書によると、東京圏（東京都、千葉県、埼玉県、神奈川県）には日
本の人口の 29%を占める約 3700 万人が居住していることがわかっている[1]。 2018 年の東京都における転入
超過数は 13万 6千人を記録した[2]。 
具体的な人口増加の内容を知るため、2018年度の東京圏の年齢階層別転入超過数を調査したところ、20代
(20～24 歳・25～29 歳の合計)の占める割合が最も大きく、その割合は 73%となっている[1]。このことから若
者の移動が東京圏の転入超過に多大な影響を与えていることがわかる。 対照的に、環境省によると東京在住
者の 4割が地方への移住を検討している又は今後検討したいと考えているが、 「地方へ移住する上での不安・
懸念点」 として雇用先の有無や、 日常生活 ・ 公共交通の利便性を上げる人が多くなっていることがわかってい
る[3]。 
2018 年の人口移動では東京圏に加えて愛知県、大阪府、福岡県で転入超過となっており、その他の道府県
では転出超過である[1]。このことから、東京圏以外の都市部においても人口集中が起きていることがわかる。
地方から都市部への若者の人口移動が盛んな状況の中、地方自治体を対象にしたアンケート調査 [3]によると
「現在直面している政策課題で、 特に優先度の高いと考えられるもの」","考察する． この結果として得られ
た結果を把握しやすくするために分解された行列の重みを都道府県別に彩色することでデータを可視化する。 
 
３．データセットの加工 
本研究では各業種の増加数とその業種が各地域において重要であることを調べるために 、年度をまたいだ
データを利用している。2021 年度版の SSDSE-A には 2016 年の産業別従業者数が掲載されており、2020 年度
版の SSDSE-Aには 2014年の産業別従業者数が掲載されている。これを用いることで年度をまたいだ各産業の
増減の傾向を調べている。 
 
産業 A の増加率 = 2016 年の産業 A の従業員者数 − 2014 年の産業 A の従業員者数
2014 年の産業 A の従業員者数
 
 
これを用いて業種別の増加数と、その業種が当該都道府県においてどの程度重要かを示す指標を次式に基づ
いて計算している。なお、2020 年度版のデータには漁業従事者数が掲載されていないため、解析対象からは
除外している。 
 
産業 A の重要度 = 2016 年の産業 A の従業者数
2016 年の全事業従業者数
 
 
上記の計算を各業種に対して適用することで、各業種における従業者数の重要度や増加率を計算するわけだ
が、これらの変数が多くなり、全体てきな傾向をはあくすることができない。そこで、本研究では先述のとお
り非負値行列因子分解によって特徴量を変換し、合成変数を作成することによってデータの可視化を試みる",references/awards/text/2021/university-general/2021U52-toku2.txt,references/awards/notes/2021/university-general/2021U52-toku2.md
2021,paper,大学生・一般の部,特別賞(統計活用),都道府県別パネルデータを用いた学力の決定要因分析,桑名 聖人(早稲田大学政治経済学部政治学科) 豊野 拓巳・吉田 賢汰(早稲田大学政治経済学部経済学科),,https://www.nstac.go.jp/sys/files/sites/3/static/statcompe/files/2021/2021U53-toku3.pdf,references/awards/raw/2021/university-general/2021U53-toku3.pdf,2026-08-17T07:54:00.657600+00:00,a28f76c96238cccfb391d89be38b84a4a3aafb742edc65f61030e7fc6c0010c4,2301111,2021U53-toku3,9,12656,記述統計・可視化 / 相関分析 / 重回帰 / パネルデータ / クラスタリング / 検定 / 因果推論,教育,"はじめに 
わが国における 2021 年度の文教費予算は 4 兆 216 億円になり(1)、2019 年度 「教育費負担の実態調査」 では
世帯年収に占める教育費が 3 割を超える(2)など、現在教育に対する投資額は莫大なものとなっている。教育
の目的の一つは、学力の形成にある。主にどのような要因が学力形成に対して大きく影響するのかを知るこ
とは、能率的な教育政策の立案や世帯教育投資の促進などにとって有用である。また、効率的な教育によっ
てもたらされる人的資本蓄積の増加がその国の経済発展を導くといった理論 (3)をはじめとして、学力形成の
要因を分析することの社会的意義は大きい。 
国内における学力形成要因の分析は、全国レベルの包括的な学力調査である「全国学力学習状況調査」が
スタートし、そのデータが蓄積されてきた 2000 年代後半からある程度活発に行われるようになった(4)。その
先行研究として、説明変数ごとにさまざまなものが存在する。例えば、 大学・大学院卒業者の割合といった
地域特性が学力テストの結果と強い正の相関を持つとする研究（土屋, 2014）(5)や、離婚率や不登校率といっ
た指標が近年になって児童の学力と強い相関を見せるようになったという研究（志水, 2014）(6)、中国の事例
ではあるが気温が高いと学生のテストスコアが低くなる傾向があるとした研究 （Zivin et al., 2020）(7)などが挙
げられる。また、世帯所得と児童の学力の間に正の相関を導き","考察の自己批判も適切で一定の学術研究として成立しているが、原因と結果の因果の
方向性について考察があるとよい。 
 

1 
 
都道府県別パネルデータを用いた学力の決定要因分析 
 
桑名聖人*1・豊野拓巳*2・吉田賢汰*3 
 
*1: 早稲田大学政治経済学部政治学科 
*2: 早稲田大学政治経済学部経済学科 
*3: 早稲田大学政治経済学部経済学科 
 
1. はじめに 
わが国における 2021 年度の文教費予算は 4 兆 216 億円になり(1)、2019 年度 「教育費負担の実態調査」 では
世帯年収に占める教育費が 3 割を超える(2)など、現在教育に対する投資額は莫大なものとなっている。教育
の目的の一つは、学力の形成にある。主にどのような要因が学力形成に対して大きく影響するのかを知るこ
とは、能率的な教育政策の立案や世帯教育投資の促進などにとって有用である。また、効率的な教育によっ
てもたらされる人的資本蓄積の増加がその国の経済発展を導くといった理論 (3)をはじめとして、学力形成の
要因を分析することの社会的意義は大きい。 
国内における学力形成要因の分析は、全国レベルの包括的な学力調査である「全国学力学習状況調査」が
スタートし、そのデータが蓄積されてきた 2000 年代後半からある程度活発に行われるようになった(4)。その
先行研究として、説明変数ごとにさまざまなものが存在する。例えば、 大学・大学院卒業者の割合といった
地域特性が学力テストの結果と強い正",references/awards/text/2021/university-general/2021U53-toku3.txt,references/awards/notes/2021/university-general/2021U53-toku3.md
2021,paper,大学生・一般の部,特別賞(統計活用),教育のICT化が生徒の学力に与える影響の分析,深井 宗一郎(株式会社浜銀総合研究所),,https://www.nstac.go.jp/sys/files/sites/3/static/statcompe/files/2021/2021U54-toku4.pdf,references/awards/raw/2021/university-general/2021U54-toku4.pdf,2026-08-17T07:54:00.657600+00:00,68ed5fa610fee20aef0203561b3bb482ff30ea7a32e681214c4a83dc4d1f4a8b,1474242,2021U54-toku4,9,14575,相関分析 / パネルデータ / クラスタリング / 検定 / 因果推論,教育,"目的 
近年、政府の主導により教育の ICT 化が推進されている。教育の ICT 化とは、文部科学省の『教育の情報化
に関する手引き』(1)によれば、 「情報通信技術の、時間的・空間的制約を超える・双方向性を有する・カスタマ
イズを容易にするといった特徴を生かして、教育の質の向上を目指すもの」とされている。具体的には、 
① 情報教育 
② 教科指導における ICT 活用 
③ 校務の情報化 
といった 3 つの側面をもっている。また、これらの実現を支える基盤として、教員の ICT を活用した指導力の
向上や、学校の ICT 環境の整備が挙げられている。近年の具体的な取り組みとして、タブレットを始めとした
ICT 機器の整備を進める政策が多くみられる。義務教育段階の生徒 1 人 1 台に端末を配る GIGA スクール構想
以外にも、より先進的なものとして、2014 年に県立高校入学生全員にタブレットを配布した佐賀県(2)の取り組
み等がある。これらは ICT を活用した教育により学びの質の向上、学力の向上を最終的な目標として掲げた政
策である。 
このように ICT 機器の整備が進められる一方で、指導にあたる教員への研修など ICT を活用した教育に対す
る取り組みには、図１のように積極的な自治体とそうではない自治体に差がある。これらの取り組みの違いは
最終的な教育の成果に対して違いを及ぼすのか。仮に及ぼすのであれば教育機会の均等という意味ではあまり
望ましくない事態である。","まとめたものである。 テストスコアは小 ・ 中学生それぞれで、 テストの種類である国語
A・国語 B、数学（算数）A・数学（算数）B の都道府県別平均値が公表されている。今回は義務教育段階の
生徒に対して、 教科ごとに必要とされる力に対する影響を見る目的で、 小中学生に関しては区別せず、 教科と
試験区分（A・B）に関して区別して分析を行う。なお、A は基礎的な力を調査する試験であり、B はより応
用的な力を調査する試験である。 テストスコアは年度によってテストの難易度による影響が含まれていると
考えられるが、同時点方向の年度ダミー変数を入れることでこの影響を考慮する。次に教育の ICT 化に関す
る指標は、 教育の情報化の実態等に関する調査から取得している。 用いる変数は、 長期間を通じて一貫性をも
って収集されている指標を選定・使用する。具体的には、 「教育用PC1 台当たりの児童数」 、 「１学校当たりの
電子黒板の整備台数」 、 「 （指導者用）デジタル教科書の整備率」 、 「教員のICT 研修受講率」 、 「教員のICT 活用
指導力に係るアンケート調査項目 A-D」 を用いる。「 （指導者用） デジタル教科書の整備率」 とは、（指導者用）
デジタル教科書を整備している学校数を学校数全体で除したものである。 最後に挙げたアンケート調査項目
は E まで存在するが、E は継続的に調査されていないため今回は用いない。 分析に使う変数としては、A-D の
4 項目それぞれで、",references/awards/text/2021/university-general/2021U54-toku4.txt,references/awards/notes/2021/university-general/2021U54-toku4.md
2021,paper,大学生・一般の部,特別賞(審査員奨励),教育における芸術の影響 How Art and Arts Can Influence Learning,梶田 朱音(慶應義塾大学大学院健康マネジメント研究科) 松山 晃之(株式会社 J Institute),,https://www.nstac.go.jp/sys/files/sites/3/static/statcompe/files/2021/2021U55-toku5.pdf,references/awards/raw/2021/university-general/2021U55-toku5.pdf,2026-08-17T07:54:00.657600+00:00,71dfddf29140a8de3f99e149d8d609612f41e651102387c9d61762dc019c5cef,2840509,2021U55-toku5,9,8370,記述統計・可視化 / 相関分析 / クラスタリング / 機械学習,教育,"問題意識は面白く、既存研究をベースに適切な分析が行われていて評価でき
る。K-Meansの後の教師付き分離の決定はCARTで行っているようだがプロセスの記
載が明確でなく、論文としての論理的構成がやや弱い。 
 

教育における芸術の影響 
How Art and Arts Can Influence Learning 
 
梶田朱音※1・松山晃之※2 
 
 ※1: 慶應義塾大学大学院健康マネジメント研究科 
 ※2: 株式会社 J Institute 
 
第1章 はじめに 
第1節 背景 
昨今、教育のあり方そのものに関して新たな議論と試みがされている。 Society 5.0 において科学技術の発展に
貢献できる人材を育成する目的で始まった STEM 教育1に、純粋・大衆芸術を意味する「Art」や、人文を意味する
「Arts」を加えたSTEAM 教育2はその議論の中で生まれた代表的な教育概念であり、芸術的な要素が全ての教科、
ひいては子供の学力や知性そのものに影響を及ぼすであろうとする概念である。しかしながら、どのような芸術が
学力に対して有用に働くのかということについては明らかとなっておらず、専門家の間でも意見が分かれる。 
 本研究では STEAM 教育などの新たな教育理念が重要な役割を果たすとして提示する「芸術」や「人文」をよ
り包括的に「芸術を含む文化」、または芸術的感性をはぐくむ資源としての「地域特性」や「地域の環境」と捉え
直し、どの因子が子供の学力に有意に働","考察するため、SSDSE 教育用データセットをベース
に、既存研究より明らかになっている学力に有用に働く因子や芸術に関連する因子とともに分析を行った。 
 
第2節 先行研究 
１．芸術が一般教育に与える影響 
 グッゲンハイム美術館が 2014 年から 16 年にかけて行った研究によると、絵画や彫刻などの芸術を学んだ小学
生の、事象を綿密に描写する言語能力、仮説を立てる能力、論理的思考能力に向上3が見られ、韓国においても
2003 年に 3D プラットフォームを導入した学習が試験的に行われた結果、参加した生徒の課題への没入度の向上 4
などが報告された。 
 
2．一般的に教育に対して関連があるとされている因子 
 学業の成績に関して後天的な関連が認められる因子に、家族構造、家族環境、家族背景と表現される枠組みがあ
る。具体的には食生活や食習慣、規則正しい生活、健康意識5、親の所得6、キョウダイの数などである。7これらは
今回の解析において、一般的に教育に対して影響のある因子としてデータフレームに導入した。 
 
第3節 目的と意義 
本研究では、芸術的な感性を育むと思われる環境的な要因は 、教育に対してどのような影響を及ぼすのかについ
て検証する。今までに明らかとなっている学力に有用に働く因子、芸術に関連すると考えた「地域特性」、「地域
の環境」に関連する因子、そして芸術資源の多さを示すものとして博物館数などを説明変数に加え、目的変数に文
科省の実施する全国学力調査の結果を使",references/awards/text/2021/university-general/2021U55-toku5.txt,references/awards/notes/2021/university-general/2021U55-toku5.md
2022,paper,高校生の部,総務大臣賞,体力が基礎学力に与える影響について,太佐 美結(フェリス女学院高等学校) 個別の体力テストの点数から抽出した体力因子が学力に与えている影響を分析し、家庭の経済力や学習環境なども含めた学力との関連性を明らかにすることで、小中学生の運動意欲の低下防止や、運動や学習を行う動機付けについて示した。,,https://www.nstac.go.jp/sys/files/sites/3/static/statcompe/files/2022/2022H1-daijin.pdf,references/awards/raw/2022/high-school/2022H1-daijin.pdf,2026-08-17T07:54:07.486571+00:00,439374b6cf2e408d106b6135535c29775436c7b060e653ac4bc9e80675c29124,1292682,2022H1-daijin,9,17865,記述統計・可視化 / 相関分析 / 重回帰 / 因子分析,教育,"目的 
1.1 問題意識の背景 
小学 5年生と中学 2年生を対象とした「全国体力・運動能力、運動習慣等調査」(以下体力テストとする)の結
果は平成 30 年までは緩やかな体力増加の傾向で推移していたが、平成30 年以降は急激に減少している。小中
学生の体力低下がこのまま加速すると、健康やメンタル面に影響が出てくる可能性が指摘されている。一方、
小学 6年生と中学 3年生を対象とした「全国学力・学習状況調査」(以下学力調査とする)の結果は、同一の指導
要領で授業が行われているにも関わらず、都道府県ごとに各科目の正答率に大きな差が見られる。(図 1) 
学力の都道府県による差については、
学校での授業サポートや家庭の経済環
境による影響があると指摘されている
1。
これらに加え、小中学生の体力と学力と
の関係を見つけることができれば、学力
の地域差を縮める一助になるかもしれ
ない。これが本研究の着眼である。 
 
1.2 研究の目的と先行研究 
生駒 2は全都道府県の学力調査と体力テストの結果と1人当たり県民所得を用いて重回帰分析を行い、「所得
の影響を除外しても、体力が学力に対して正の統計的予測力を持つ。」と論じている。さらに、その後の研究 3
では、経済力と体力との交互作用を考慮しても、体力が単独で学力に予測力を持つことを明らかにした。 
生駒の２つの研究は、従来までの体力テストと学力調査の上位県に限定した分析ではなく、対象を全都道府
県に広げた上で、科学的な分析を行った。しか","考察と対策の提案
※分析を⾏う前のイメージ図のため、
実際の分析結果を反映しているものではない
図３：当分析のモデルイメージ (国語)
⾔葉の特徴や
使い⽅
我が国の
⾔語⽂化
話すこと・
聞くこと
書くこと
読むこと
知識・技能
思考・判断・
表現
選択式
短答式
記述式
国語⼒因⼦1
国語⼒因⼦2
握⼒
上体起こし
⻑座体前屈
20mシャトルラン
50m⾛
⽴ち幅とび
ソフトボール
投げ
体⼒因⼦1
体⼒因⼦2
教育費
離婚件数
学業時間
⺟⼦または⽗⼦
世帯割合
体育館数
⽣活保護被保護
実世帯数
⼀校あたり
児童数
教員1⼈あたり
児童数
持ち家⽐率
図書館数
社会体育施設数
年間収⼊
⽣活保護費割合
公⽴⼩学校費
児童福祉費割合
⾮体⼒
因⼦1
⾮体⼒
因⼦2
⾮体⼒
因⼦3
因⼦分析
 因⼦分析
重回帰分析
図４：「学⼒」へ影響する要因
学力
文化・スポーツ
個人の体力
文化スポーツ環境
生活時間
睡眠
学習時間
教育環境
家庭環境
経済環境
一校あたり児童・生徒数
教員1人あたり児童・生徒数
生活保護被保護世帯数
居住環境
年間収入
離婚
母子または父子世帯
安全環境
交通事故
刑法犯罪
体力要素A
体力要素B
体力要素C
図書館数
体育施設数

 
3.3 変数の分布と外れ値の確認 
変数についてヒストグラムを作成し、ちらばりと外れ値について確認した。小学生の国語の結果を図5に
示す。国語全体の正答率は都道府県ごとのちらばりは小さく、外れ値も見られない。しかし、問",references/awards/text/2022/high-school/2022H1-daijin.txt,references/awards/notes/2022/high-school/2022H1-daijin.md
2022,paper,高校生の部,優秀賞,ボランティア活動の決定要因,今泉 開(慶應義塾高等学校) 都道府県別のボランティア活動率を用い、重回帰分析や散布図を用いた分析を行うことで、ボランティア活動の決定要因が都道府県単位で存在し、その決定要因がそれぞれのボランティア活動に大きな影響を与えることを示した。,,https://www.nstac.go.jp/sys/files/sites/3/static/statcompe/files/2022/2022H2-yushu.pdf,references/awards/raw/2022/high-school/2022H2-yushu.pdf,2026-08-17T07:54:07.486571+00:00,4bfcee0d4a8db29115f6063a4bc71e017b90071cb5100e239548f8d2c23f9b20,2091432,2022H2-yushu,9,14410,記述統計・可視化 / 相関分析 / 重回帰 / 検定,,"目的 
1.1. 研究の目的 
21 世紀に入ってから、日本におけるボランティア活動者率は下降の一途を辿っている。総務省の社会生活
基本調査によると、阪神・淡路大震災を端緒として社会的活動参加者が急激に増加した1995 年から 2000 年
代初頭にかけてボランティア活動者率が 28.9％まで上昇した。しかし、過去 10 年間では 26％台と低迷して
いる(図１)。また、経済協力開発機構(OECD)によると、2014 年におけるボランティア活動者率を全34 ヶ国の
OECD 加盟国(2014 年当時)内で比較した際、 日本は全加盟国平均を下回っている(図２)。また 2008 年から 2014
年におけるボランティア活動者率の増加割合を国際比較した時、日本は最下位から4 番目に位置する。 
(図３)。こ の こ と から、 日本人はボランティア活動に対し
て諸外国と比較して消極的であることが推測される。また、
都道府県別のボランティア活動率を図４のように箱ひげ
図で示した際、 最も高い活動率が記録された滋賀県と大阪
府の間には 13.7%もの差が確認された。このことから、ボ
ランティア活動率は都道府県単位の要因の影響を受けて
いることが考えられる。 
本研究の目的は、 ボランティア活動率の決定要因を分析す
ることで、 日本においてボランティア活動を増加させる方
法を、実証的に明らかにすることにある。
ボランティア活動率の低さに問題意識を持ったのは、自らがボランティア活動に携わったこ","考察は⾼校⽣らしく好意を持てる。回帰分析の説明変数を
束ねるあるいは変数選択を⾏えば、少し仮説に近い結果も導出できた可能性があるが、
それは⾼校⽣に求めることは困難であろう。 

1 
ボランティア活動の決定要因
今泉 開 
慶應義塾高等学校 3 年 
１． 研究のテーマと目的 
1.1. 研究の目的 
21 世紀に入ってから、日本におけるボランティア活動者率は下降の一途を辿っている。総務省の社会生活
基本調査によると、阪神・淡路大震災を端緒として社会的活動参加者が急激に増加した1995 年から 2000 年
代初頭にかけてボランティア活動者率が 28.9％まで上昇した。しかし、過去 10 年間では 26％台と低迷して
いる(図１)。また、経済協力開発機構(OECD)によると、2014 年におけるボランティア活動者率を全34 ヶ国の
OECD 加盟国(2014 年当時)内で比較した際、 日本は全加盟国平均を下回っている(図２)。また 2008 年から 2014
年におけるボランティア活動者率の増加割合を国際比較した時、日本は最下位から4 番目に位置する。 
(図３)。こ の こ と から、 日本人はボランティア活動に対し
て諸外国と比較して消極的であることが推測される。また、
都道府県別のボランティア活動率を図４のように箱ひげ
図で示した際、 最も高い活動率が記録された滋賀県と大阪
府の間には 13.7%もの差が確認された。このことから、ボ
ランティア活動率は都道府県単位の要因の",references/awards/text/2022/high-school/2022H2-yushu.txt,references/awards/notes/2022/high-school/2022H2-yushu.md
2022,paper,高校生の部,統計数理賞,市区町村というミクロ的視点から投票率の実態を探る,林 蔚欣(茨城県立並木中等教育学校) 市区町村別の投票率を、得票数合計と人口から計算し、それを様々な変数で回帰することにより、離婚件数や財政力指数、完全失業率、民生費割合等がマイナス、教員数等がプラスの影響であることを見出した。,,https://www.nstac.go.jp/sys/files/sites/3/static/statcompe/files/2022/2022H3-suri.pdf,references/awards/raw/2022/high-school/2022H3-suri.pdf,2026-08-17T07:54:07.486571+00:00,4e5305355db1d73779eb39b5fe2bb1a9242bda8e374a3ef9539c820e1d0d32ac,1424476,2022H3-suri,9,14308,記述統計・可視化 / 相関分析 / 重回帰 / 時系列 / 検定,政治・行政,"目的 
1.1 本研究の目的 
私は「統計を利用して社会科学を新たな切り口でみてみたい」という夢を持っており、高校では民主主義の探究
を行なっている。本研究は私の探究テーマの集大成として、第 49 回衆議院議員総選挙(小選挙区)を対象に、その投
票率の実態を市区町村レベルで調査することにより、投票率に影響するミクロ的地域属性を明らかにすることを目
的とする。 
1.2 本研究のモチベーションと問題意識 
民主主義の概念は十人十色であるが、大きく「参加と責任のシステム」と定義できることを知り、選挙に興味を
持った。宇野（2021）は近年の投票率の低下や若者の政治離れなど、政治に対して「諦めの感情」があると指摘する
1)。また、2014年に総務省は投票率向上のための研究会を発足し、有権者が投票しやすい環境整備など各種方策を議
論してきた2）。高校生も選挙権を持つようになった今、投票率を改善するには高校生である自分達が当事者意識を持
って取り組む必要があると考える。 
高校の探究では、最初はEconomist Intelligence Unit3）の出す世界167国・地域の、0〜10で示される民主主義指数
と経済や社会を示す各指標の相関を軸に、マクロ的視点での分析調査を行った。しかし民主主義が一概に定義できな
い点を踏まえると、民主主義を評価する際にマクロ的指数だけを重用することは危険であり、ミクロ的視点を取り入
れることが適切だと考えた。また、ミクロ的視点では客観視できる定量的データ","まとめた4〜10）。松林（2016）は市区町村というミクロ的視点から投票時
間と投票所数に焦点を当てて解析したうえで今後の課題として市区町村レベルの有権者や地域属性に着目した解析
が必要と指摘した
9)。また、第49 回衆議院選挙についての新聞報道では「若者の投票率が低い」、「医師の投票率が
72%」11)などが見られた。このように先行研究では、国レベルというマクロ的視点からの年齢別投票率、失業率や消
費者物価指数などの要因解析はあるものの、市区町村というミクロ的視点にたった解析は少ない。またそれらは投票
所数や投票時間に関するものに限定した
9)。本研究は、表１にまとめたこれまでの先行研究の現状と課題を踏まえ、
SSDSE-A-2022のデータセットを活用することにより、市区町村というミクロ的視点から市区町村の地域属性がどの
ように投票率を影響するのかを解析し、これまでにない新しい知見を探求する。 
 
表1 主要な先行研究に関するまとめ
著者．発表年 論文タイトル 論文の結果についての要約 解析視点
三船毅・中村
隆．20094)
衆議院選挙投票率の分析―
1969年から2005年における年
齢・時代・世代の影響―
1969年から2005年までの「衆議院選挙結果調」と「衆議院議員総選挙の世論調査」から集計した年
齢別投票率を解析した結果、1961年以降の出生コウホートから投票率を低下させるコウホート効
果の存在が確認された。
国レベル
（マクロ的視点）
飯田健．
20095)",references/awards/text/2022/high-school/2022H3-suri.txt,references/awards/notes/2022/high-school/2022H3-suri.md
2022,paper,高校生の部,統計活用奨励賞,都市部と地方の教育格差の要因と課題 ~日本の教育現場において~,森下 達也(愛知県立一宮高等学校) 都道府県別の進学者数、県民所得、教育費支出、教育関係事業所数等を用い、都道府県別の教育格差やその要因を分析するとともに、教育のデジタル化として、県別のデジタル教科書整備率や電子黒板整備率を比較し、都市部におけるデジタル整備が進んでいないことを示した。,,https://www.nstac.go.jp/sys/files/sites/3/static/statcompe/files/2022/2022H4-katsuyo.pdf,references/awards/raw/2022/high-school/2022H4-katsuyo.pdf,2026-08-17T07:54:07.486571+00:00,c10bf5292fa1f18f8aef80adfa85741e2fec8447eb754af940cdd68665303c1b,1181029,2022H4-katsuyo,9,8236,相関分析,教育,"目的 
1.1研究の目的 
本研究は日本の教育現場における、都市部と地方の教育格差の要因と課題について分析し、是正に
向けた取り組みの手掛かりを探ることにある。 
1.2テーマ選択の理由 
このテーマを設定した理由は、自身の経験において、学習塾や英会話教室など家庭での学習を補填
する機関が都市部に多くみられ、また都市部には中高一貫校が多く、中学・高校時代に上の学年の内
容を学習できるなど、より専門的に学ぶ機会を持っていることに格差を感じたからである。2020年の
新型コロナウイルスによる全国一斉休校の際には、都市部に多いと考えられる私立の中学・高校はい
ち早くタブレットを用いたオンライン授業を行い、世間の注目を集めた。そのため、今回デジタル教
育の実態や格差も調査することにした。 
1.3先行調査・研究の検討 
まず、現状に教育格差が存在するという認識が高校生にあるか確認することとした。2021年に日本
財団が行った 18歳意識調査⑴によると、 「教育格差を感じるか」という質問に「感じる」と答えた人は
48.9％を占めた。また、 「今後、教育格差は広がると思うか」という質問に「思う」と答えた人は
51.2％、 「思わない」と答えた人は9.3％、 「わからない」と答えた人は39.5％を占めた。以上のこと
から、全国の高校生の約２分の１が教育格差を感じており、すでに社会問題と呼んでも良い状況にな
っていることが分かる(図１，２)。 
思う
51.2％
思わ
ない
9.3％
わからない","考察する姿勢は好ましい。都市と地⽅の教育
格差については、地⽅にいるほど強く感じられ、⾏政として取り組まなければならな
いテーマであり、検討も経済⾯と学校における設備や学習環境の充実度から⾏われて
おり、的を射たものである。 

1 
 
都市部と地方の教育格差の要因と課題 
～日本の教育現場において～ 
 
森下達也 
愛知県立一宮高等学校 
 
１． 研究のテーマと目的 
1.1研究の目的 
本研究は日本の教育現場における、都市部と地方の教育格差の要因と課題について分析し、是正に
向けた取り組みの手掛かりを探ることにある。 
1.2テーマ選択の理由 
このテーマを設定した理由は、自身の経験において、学習塾や英会話教室など家庭での学習を補填
する機関が都市部に多くみられ、また都市部には中高一貫校が多く、中学・高校時代に上の学年の内
容を学習できるなど、より専門的に学ぶ機会を持っていることに格差を感じたからである。2020年の
新型コロナウイルスによる全国一斉休校の際には、都市部に多いと考えられる私立の中学・高校はい
ち早くタブレットを用いたオンライン授業を行い、世間の注目を集めた。そのため、今回デジタル教
育の実態や格差も調査することにした。 
1.3先行調査・研究の検討 
まず、現状に教育格差が存在するという認識が高校生にあるか確認することとした。2021年に日本
財団が行った 18歳意識調査⑴によると、 「教育格差を感じるか」という質問に「感じる」と答えた人は
48.9％を",references/awards/text/2022/high-school/2022H4-katsuyo.txt,references/awards/notes/2022/high-school/2022H4-katsuyo.md
2022,paper,高校生の部,審査員奨励賞,「文化」を通し生活を豊かにするには,浅野 心春(神戸大学附属中等教育学校),,https://www.nstac.go.jp/sys/files/sites/3/static/statcompe/files/2022/2022H5-shorei-01.pdf,references/awards/raw/2022/high-school/2022H5-shorei-01.pdf,2026-08-17T07:54:07.486571+00:00,9783a874ab12ddb7515843db4cd9478dcd70c6434ce6d9a89bbb4202d9365877,588225,2022H5-shorei-01,9,9191,相関分析,観光・文化,"目的 
1.1 研究の目的 
文化に関わる活動は、 人々の生活を豊かにすることにどの程度貢献しているのかを調査し、 また、人々の文
化への興味を高め、 文化的活動を促進させる要素について、周囲の環境や設備が及ぼす影響を統計的に分析す
ることで、文化的活動を推進するために環境の整備がどの程度有効的であるのかを調査し、また効果的で市民
のニーズに合った施設の整備や利用の提案を助け、市民生活を文化的観点からより豊かにすることに 繋げる
ことを本研究の目的とする。 
 
1.2 問題意識の背景 
 初めに、 文化とは、文化庁の文化を大切にする社会の構築についての答申より、人々に楽しさや感動、 精神
的な安らぎや生きる喜びを与え、 人生を豊かにするものである(1)。 また、 ここでの文化的活動は、仕事や学業
以外の場面で、 芸術など、 文化に関わることを楽しんだり、 学んだりする活動のことを指す。市民生活にとっ
て、これらの活動は暮らしを豊かにする重要な要素の一つである。したがって、 身の回りには様々な文化的活
動に参加する機会が設けられており、 人々はサークル活動や美術鑑賞等によって、 それらの活動を楽しんでい
る。 
しかし一方で、文化や芸術に触れることは、人々にとってあまり身近ではない。文化庁が実施した、 「文化
に対する世論調査」 のアンケート結果によると、「あなたは、 この1年間で、 どの程度、 コンサートや美術展、
アートや音楽のフェスティバル、歴史的な文化財の鑑賞、映画その他","考察した。 
 次に、各活動と、人々の感じる幸福度の相関関係についてであるが、芸術・文化に関わる学習・自己啓発・
訓練と、趣味・娯楽に関わる活動については負の相関が見られた。考えられる理由としては2つあり、1つ目
64
66
68
70
72
74
76
78
80
0.0 2.0 4.0 6.0
幸福度(点)
過去1年間にスポーツ・文化・芸術・学術
に関係したボランティア活動をした人の
割合(％)

 
8 
 
は、 これらの活動が逆に人々の負担となっているということである。自分自身で選んだ活動であっても、 時間
を圧迫するなどの負担が出ていたりすることが考えられる。もう 1 つの理由としては、あまり生活に豊かさ
や幸福が感じられないからこそ、 このような活動を行うことで、 生活を充実させようとしているのではないか
ということである。 趣味・娯楽となる活動等を行うことで、 仕事など、 日常生活のストレスの軽減を試みてい
るということが考えられる。また、スポーツ・文化・芸術・学術に関係したボランティア活動については、 性
の相関が見られた。 この結果についても、 ボランティア活動を行うことが、 幸福に結び付き、 生活を豊かにし
ていると考えられるが、 一方で、 ボランティア活動を行える人々は、 元より自信の暮らしに比較的余裕のある
人が多いために、幸福をその時点である程度感じているとも考えられる。 
 したがって、結論として、図書館や博物館、劇場といった、文化的活動に関わる施設",references/awards/text/2022/high-school/2022H5-shorei-01.txt,references/awards/notes/2022/high-school/2022H5-shorei-01.md
2022,paper,高校生の部,審査員奨励賞,待機児童問題の原因究明と解決策の提示,岩城 早良、田中 里花(お茶の水女子大学附属高等学校),,https://www.nstac.go.jp/sys/files/sites/3/static/statcompe/files/2022/2022H5-shorei-02.pdf,references/awards/raw/2022/high-school/2022H5-shorei-02.pdf,2026-08-17T07:54:07.486571+00:00,a13b619bae928be3bfe9e591486833ab051661e45ef521d81e28aa354114a861,1003360,2022H5-shorei-02,5,6925,記述統計・可視化 / 相関分析 / 検定,福祉・子育て,"目的
 保育所等利用待機児童(以下待機児童)とは、「調査日時点において、保育の必要性の認定がされ、特定教育・保護
施設又は特定地域型保育事業の利用の申込がされているが、利用していないもの」 であると定義されている。 
ここ数年、その待機児童の数が大きく減少傾向にある。ある日、千葉県流山市の待機児童数が 初めて 0 を記録した
というニュースを耳にした。減少傾向にあることを知り、待機児童数が 0 であることは今ではもう当たり前だと思っていた
私たちは、このニュースに疑問を持ち、それぞれ自分の住む地域の待機児童数を調べることにした 。すると、どちらの
地域も東京都の待機児童数ワースト 5 に入っており、当たり前
でない状況がこんなにも近くにあることに驚いた。 減少傾向に
ありつつも、待機児童がいるということ自体が大きな問題 だと感
じたため、この問題をいち早く解決するための策を考えようと動
くことにした。 
しかし、調査をしても、認可保育園が少ない、保育士が足りて
いないなどのありきたりな原因しか得ることができず、自分たち
にできることに限界があるように感じた。そこで、 私たちの住む
東京都に絞り、待機児童問題を引き起こす新たな原因を探ると
同時に、それを払拭できる解決策を考えることを目的として、本
研究を進めることにした。 
2. 研究の方法と手
順
 本研究では、東京都で待機児童問題を引き起こす隠れた要因を示すとともに、その要因を払拭するための解決策を
示している。はじめに、考え","考察している。 
3. データセットの加工
3.1 使用したデータ 
 分析のために使用したデータとその年度・出典を以下の表に示す。 
表 1. 使用したデータ及び出典一覧 
データ名 年度 出典
総人口[人], 
世帯数[世帯], 核家族世帯数[世帯数], 婚姻件数[組], 離婚件数[組] 2020 SSDSE
待機児童数[人] 2012~2022 保育利用状況サービス(東京都福祉保健局)
母子世帯数[世帯], 母子世帯数(子ども1人)[世帯], 母子世帯数(子ども2人)[世帯], 母子世
帯数(子ども3人以上)[世帯], 父子世帯数[世帯], 父子世帯数(子ども1人)[世帯], 父子世帯
数(子ども2人)
[世帯], 父子世帯数(子ども3人以上)[世帯]
2015 e-Stat(政府統計の総合窓口)
公営保育所等数(詳細表)[所], 公営保育所等在所児数(詳細表)[人] 2017 e-Stat(政府統計の総合窓口)
普通世帯数[世帯], 最寄りの保育所までの距離が100m未満の住宅に住んでいる普通世帯
数[世帯], 最寄りの保育所までの距離が100~200m未満の住宅に住んでいる普通世帯数
[世帯], 
最寄りの保育所までの距離が200~500m未満の住宅に住んでいる普通世帯数[世
帯], 最寄りの保育所までの距離が500~1000m未満の住宅に住んでいる普通世帯数[世
帯], 最寄りの保育所までの距離が1000m以上の住宅に住んでいる普通世帯数[世帯]
2018 e-Sta",references/awards/text/2022/high-school/2022H5-shorei-02.txt,references/awards/notes/2022/high-school/2022H5-shorei-02.md
2022,paper,高校生の部,審査員奨励賞,高校生におけるヤングケアラーに対する認識について,後藤 颯太、島野 真緒、村川 莉奈(岡山県立倉敷青陵高等学校),,https://www.nstac.go.jp/sys/files/sites/3/static/statcompe/files/2022/2022H5-shorei-03.pdf,references/awards/raw/2022/high-school/2022H5-shorei-03.pdf,2026-08-17T07:54:07.486571+00:00,28150d82515c4c407645956278cf7e71d087cd52838e1e36776f685cdffce665,1340139,2022H5-shorei-03,9,6949,,,"目的 
近年問題視されているヤングケアラーは、家庭の事情であることか
ら、周囲からの発見が困難であると言われている。2021年のデータを見
ると、岡山県の人々は全国に比べ学習者率が高く、学習時間も多い
（図１）。そのことから、勉強のために家にいる時間が多くなっていると
考えられる。それに加え、新型コロナウイルスの流行も止まらず、政府
は家庭内での自粛を推奨している。この状況は、ヤングケアラーを発見
することを困難にする要因の１つでもある。 
 また、女子のヤングケアラーが男子のヤングケアラーよりも多いという
データから、性別役割分業意識が関係していると考察した（表１）。そこ
で我々は、人々のヤングケアラーに対する認識の程度を複数の観点か
ら調べることで、ヤングケアラーにおける性別役割分業意識との関連性
も含めた認識の違いを調査した。 
ヤングケアラーにおける男女差について、表１に
示すように、男女で①「要保護児童対策地域協議
会に通告したケース」の割合の差が大きく、女性が
男性の２倍以上の割合である。さらに、②「要保護
児童対策地域協議会に通告 するほどではないが、
学校以外の外部の支援につないだケース」も同様
に男女差が大きく、女子の方が割合が高い。また、
男女ではヤングケアラーとして担っている仕事に違
いがあることが分かっている。我々はそれらに「性別
役割分業意識」が関わっていると考えた。 
２．研究の方法と手順 
 我々の研究では最初に、ヤングケアラーに影響を及ぼしているの","考察した（表１）。そこ
で我々は、人々のヤングケアラーに対する認識の程度を複数の観点か
ら調べることで、ヤングケアラーにおける性別役割分業意識との関連性
も含めた認識の違いを調査した。 
ヤングケアラーにおける男女差について、表１に
示すように、男女で①「要保護児童対策地域協議
会に通告したケース」の割合の差が大きく、女性が
男性の２倍以上の割合である。さらに、②「要保護
児童対策地域協議会に通告 するほどではないが、
学校以外の外部の支援につないだケース」も同様
に男女差が大きく、女子の方が割合が高い。また、
男女ではヤングケアラーとして担っている仕事に違
いがあることが分かっている。我々はそれらに「性別
役割分業意識」が関わっていると考えた。 
２．研究の方法と手順 
 我々の研究では最初に、ヤングケアラーに影響を及ぼしているのは「内容」「時間」「年齢」「分業意識」に関
する４つの認識であると考え、その要因について仮説を立てた。次に、その仮説を示すためにヤングケアラー
に関する人々の認識を、先に述べた４つに分類して倉敷青陵高校の生徒233人にアンケートを取り、その回答
を集めた。また、アンケートの結果には岡山県に住んでいることの影響も一定程度認められると考え、 SSDSE
等のデータを用いて、岡山県民の特徴と、その影響を考察した。このようにデータ及び回答を用いて仮説を検
証した。その検証をもとにさらなる予想を立て、ヤングケアラーの周囲からの認識や、その男女差について調
査した",references/awards/text/2022/high-school/2022H5-shorei-03.txt,references/awards/notes/2022/high-school/2022H5-shorei-03.md
2022,paper,高校生の部,審査員奨励賞,地方自治のDX化推進,佐伯 晃希(香川県立高松商業高等学校),,https://www.nstac.go.jp/sys/files/sites/3/static/statcompe/files/2022/2022H5-shorei-04.pdf,references/awards/raw/2022/high-school/2022H5-shorei-04.pdf,2026-08-17T07:54:07.486571+00:00,bd5053f9ea0a5375b83add03e6337bd55c51fb4d593a64950d4322052f84ef71,1941304,2022H5-shorei-04,7,5087,記述統計・可視化,,"目的 
近年、人工知能やビッグデータの活用など、デジタル技術を用いたサービスは地域の課題解決、利便性の
向上、新たな価値の創造につながると考えられている。また、新型コロナウイルス感染症予防のため、テレ
ワークなど企業や行政の業務においてもデジタル化を進めることが必要となった。しかし、IMD（国際経営
開発研究所）が発表している世界デジタル競争力ランキング(1) (IMD WORLD DIGITAL COMPETITIVENESS 
RANKING 2021)によれば、我が国のデジタル競争力は世界で28位に位置しており、ランキングに含まれた東
アジア諸国の中で最も低い順位となっている。また、前年度に比べて低下傾向にもあるため、我が国のデジ
タル化は他国と比較し、相対的に遅れていると考えられる。
図 1 世界デジタル競争力クランキング 
1

 
 
総務省統計局のデータから産業別15歳以上就業者数における国ごとの情報通信業のグラフを作成した 
（図 2）。日本の割合は約 3.59 %であり、データが存在した国の中では中位に位置している。しかし、日本よ
りも割合が少ないにもかかわらずデジタル化は日本よりも進んでいる国が複数存在していた。 
さらに日本国内での都道府県ごとの割合を求めてみた。SSDSE-E-2022v2 のデータから作成したグラフ（図
3）によると、東京都の割合は約 9.43 %となっており非常に高いことが判明したが、大阪府以下はすべて日
本の平均値よりも低い割合となっ","考察を行う。 
 
３．データセットの加工 
3.1 使用したデータ 
本研究課題を検討するにあたり、使用したデータ名と、その出典一覧を下記の表１に示す。 
 
図 2 国ごとの 15歳以上就業者における 
情報通信業就業者の割合(2) 
0.00% 2.00% 4.00% 6.00% 8.00% 10.00%
東京都
神奈川県
大阪府
福岡県
沖縄県
愛知県
石川県
宮城県
広島県
北海道
富山県
香川県
図 3 都道府県ごとの 15歳以上就業者における 
情報通信業就業者の割合 
-1.00% 1.00% 3.00% 5.00%
イスラエル
イギリス
アメリカ
ドイツ
ノルウェー
デンマーク
ニュージーランド
スイス
ベルギー
日本
フランス
オランダ
チェコ
ポーランド
ハンガリー
スペイン
韓国
ポルトガル
2

表１ 使用したデータとその出典一覧 
項目名 年度 出展 
世界の統計2022 
第12章労働・賃金 2022 総務省統計局 
従業者数（民営） 
従業者数（民営） （情報通信業） 2016 SSDSE-E-2022v2 
かがわデジタル化推進戦略(4) 2022 香川県 
広島県行政デジタル化推進アクションプラン(5) 
広島デジフラ構想 2022(6) 2022 広島県 
 
分析に使用する文書は「かがわデジタル化推進戦略」 、 「広島県行政デジタル化推進アクションプラン」 、 「広
島デジフラ構想 2022」の 3 つである。この 3 つの文書を KH C",references/awards/text/2022/high-school/2022H5-shorei-04.txt,references/awards/notes/2022/high-school/2022H5-shorei-04.md
2022,paper,高校生の部,審査員奨励賞,過疎化と地域おこし,阪口 一ノ佑、髙島 壮、田中 初芽、寺田 哲了、廣岡 遥羽(兵庫県立姫路西高等学校),,https://www.nstac.go.jp/sys/files/sites/3/static/statcompe/files/2022/2022H5-shorei-05.pdf,references/awards/raw/2022/high-school/2022H5-shorei-05.pdf,2026-08-17T07:54:07.486571+00:00,4f5b8b5e8d03ba6abf81dfa3ce36786cdb4b1ef41d0f94a00f3bade2a653dda3,1559006,2022H5-shorei-05,9,6375,記述統計・可視化 / 相関分析,人口・移住,"目的 
1.1 研究の動機 
 私たちの住んでいる兵庫県、特に西播磨地域では自治体の維持が困難になる過疎化が進行している。
近年、西播磨地域の小学校が統廃合されるなど少子化が進んでおり、これから維持がさらに困難になる
ことが予測される。そこで私たちは宍粟市を例に挙げて宍粟市を活性化し、市の財政力を上げるにはど
うすればよいかを研究することにした。 
1.2 先行研究 
① ICT 利活用が進展している企業の集積は地域の生産性を高める効果がある
「地域の情報化と生産性に関する 都道府県別データを用いた実証分析」 (峰滝和典・大森審士) 
② 徳島県上勝町では町の担い手である高齢者がIT機器を駆使して働いているという文化的な側面が
町の認知度向上につながった。 
「徳島県上勝町における地域ブランドの確立と移住者による認知」 (石川菜央) 
1.3 兵庫県宍粟市の基本情報 
表１ 兵庫県宍粟市の基本情報 
人口(令和４年４月時点) 35,639人 
面積 658.54㎢ 
市の木 ブナ 
市の花 ササユリ
市長 福元晶三 
1.4 兵庫県宍粟市が抱える現状 
 図１は、縦軸に兵庫県宍粟市の総人口(人)、横軸に年度をとり、総人口の推移を表したグラフであり、
図２は、縦軸に65歳以上の人口の割合（高齢化率）(％)、 横軸に年度をとり、総人口に対する65歳以
上の人口の割合の推移を表したグラフである。図１より、兵庫県宍粟市は、人口が年々減少傾向にあり、
図２より、総人口に対する65歳以上の人","考察した。 
 使用ソフト：Microsoft Excel 
 
 
 
 
 
2

３．データセットの加工 
 
表３ 使用した変数一覧 
使用変数名 年度 出典 
兵庫県宍粟市の総人口(人) 
1975,1990 
「宍粟市の人口推移及び人口増減率 
1920年～2015年(大正9年～平成27年)」 
2006～2022 「年度別人口統計・異動状況」 （宍粟市） 
兵庫県宍粟市の65歳以上の人口(人) 
兵庫県宍粟市の若年者人口(人) 2015 
「行政区別年齢（5歳階級）別人口」 
（宍粟市） （15歳～34歳のみ引用） 
市町村別財政力指数 2018～2020 総務省｜地方公共団体の主要財政指標一覧 
市町村別第一次・第二次・ 
第三次産業就業者数(人) 
2022 SSDSE-A-2022 
市町村別インターネット利用率(%) 2021 
総務省 情報通信白書 インターネットの利用
状況 
 
表４ 使用した指標一覧 
使用指標名 計算方法 
兵庫県宍粟市の高齢化率(%) 総人口(人) / 65歳以上の人口(人) * 100 
兵庫県宍粟市の若年者比率(%) 総人口(人) / 15歳以上34歳以下の人口(人) * 100 
兵庫県宍粟市の40年間の人口減少率(%) 
(昭和 50 年の総人口[人] - 平成 27 年の総人口
[人] ) / 昭和50年の総人口[人] * 100 
兵庫県宍粟市の25年間の人口減少率(%) 
(平成2 年の総人口[人]-平成 27年の総",references/awards/text/2022/high-school/2022H5-shorei-05.txt,references/awards/notes/2022/high-school/2022H5-shorei-05.md
2022,paper,高校生の部,審査員奨励賞,景気の変動要因と景気の変動による影響の分析,佐々木 俊輔、鈴木 櫂人(東京都立大泉高等学校),,https://www.nstac.go.jp/sys/files/sites/3/static/statcompe/files/2022/2022H5-shorei-06.pdf,references/awards/raw/2022/high-school/2022H5-shorei-06.pdf,2026-08-17T07:54:07.486571+00:00,28a11d31359edc02e4c4d7699e22d6867806a617e8a3a8673138de5487d1b687,1500806,2022H5-shorei-06,8,7185,記述統計・可視化 / 相関分析 / 時系列,労働・経済,"目的 
 現在経済界では円安が進行しており，令和４年９月５日現在 1 ドルあたり 140.42 円と日本経済に大きな打
撃を与えている． 
 一般に景気動向の指標として扱われる数値の一つに，有効求人倍率がある．有効求人倍率は，有効求人数を
有効求職者数で割った値であり，この値が高くなるほど景気が良くなるというのが自然な見解である． 
 本研究では，苦しい状況にあるとされている日本経済の景気向上を目的として，有効求人倍率の向上に作用
する要素を調査した． 
 
２．研究の方法と手順 
本研究では，各年の各都道府県における月間有効求人倍率（一般）（計算方法は第３節参照）を，景気を表
す指標として用い，これを被説明変数とした分析を行った．表現力が高く，予測精度の高いモデルの構築を目
指し回帰型のニューラルネットワークを構築し，そのモデルによる SHAP 値を求めることとした． 
 
2.1 ニューラルネットワークの構造 
入力値に対し，線形変換と活性化関数による変換を繰り返し，実測値と予測値との損失を求める．活性化関
数は，Mish 関数を用いる．正規化について，データ数が少ないため、Dropout は有効でないと考え行わず，
Batch Normalization に関してもバッチの大きさが小さいため行わない．MSE（平均二乗誤差）に L2 ノルムを
加算した値が最小となるようにパラメータチューニングを行った．最適化アルゴリズムには，SGD（確率的勾
配降下法），AdaGrad，Ad","考察を進めたところに特徴がある． 
 注意すべき点を挙げる．SHAP により求められる各説明変数の貢献度は，パラメータのわずかな値の違いに
よって変動しうる．そのため貢献度の細かい順位については慎重に言及する必要がある．また有効求人倍率
（一般）は，あくまでも就職の状況を表すものであるため，どの分野の事象においても景気動向の指標として
常に用いることができるのかという点については議論が必要である． 
 技術的な問題点を挙げる．SHAP により説明できることは各説明変数と予測結果の関連性であり，事象の発
生順序については読み取ることができない．そのため，有効求人倍率（一般）を増加させるための有効な方法
であるかどうかについては追加の検討が必要である．また，本研究には一年ごとのデータを使用しているた
め，年を超えて長期的に影響する指標については説明不可能である．長期変動・季節変動の説明には，データ
セットの工夫や，時系列データの分析に適する Prophet などの統計的手法を用いることなどが必要であると
考えられる． 
 
出典 
［1］ 日本銀行（2022）.「日本銀行時系列データ検索サイト」. 
 https://www.stat-search.boj.or.jp.2022 年 9 月 8 日. 
［2］ Federal Reserve Board（2022）.「Federal Reserve Board – Home」. 
 https://www.federalreserve",references/awards/text/2022/high-school/2022H5-shorei-06.txt,references/awards/notes/2022/high-school/2022H5-shorei-06.md
2022,paper,高校生の部,審査員奨励賞,新型コロナウイルス感染者数減少において効率的な政策の検討,篠田 桜楽(品川女子学院高等部),,https://www.nstac.go.jp/sys/files/sites/3/static/statcompe/files/2022/2022H5-shorei-07.pdf,references/awards/raw/2022/high-school/2022H5-shorei-07.pdf,2026-08-17T07:54:07.486571+00:00,85b4e85a3601c5f13e9f528771eb64017b0ea04658873f1c44e4b44f722ae8e4,1093562,2022H5-shorei-07,9,9135,記述統計・可視化 / 相関分析 / 重回帰,政治・行政,"目的
 新型コロナウイルスは2019 年12 月から感染者が報告されて以来，日本では依然として猛威を振る
っている．WHO によると感染経路はエアロゾル感染と飛沫感染，接触感染であり，感染が起こりやすい
環境条件として「三密」と呼ばれる概念に1 つでも当てはまる環境に感染者と感受性者が滞在する
と，感染が成立する可能性は高くなり，さらに3 つの条件がそろうとより高くなるとある （１）． 
 一方2020 年5 月に東京都の人口は1400 万人を超え，一極集中が進み地方との地域格差が拡がって
いる． また都市圏における都市問題の1 つとして公共交通機関の朝の通勤ラッシュがある．JR 横須賀
線では7:26~8:26 の時間帯に混雑率は195%と非常に高い数値をとっている．（2）そのため日本国内でも
新型コロナウイルス疾患の流行し始めた時に感染が懸念される場所の1 つとして満員電車が挙げられ
た．やはり満員電車は「三密」に当てはまるから懸念されたのだろう．都市圏では人が集まりやすい
ため，「三密」に当てはまる条件可になりやすい． 
そこで本研究では新型コロナウイルス感染者数と人口密度の相関について， 47 都道府県別の新型
コロナウイルスの感染者数を目的変数として回帰分析を行い，地域における疾患率の差異と各都道府
県が行った政策等から新型コロナウイルス感染の要因分析を試みた． 
２ 研究の方法と手順
都道府県ごとの新型コロナウイルス感染者数を目的関数，人口を説明変数として単回帰分析を","考察 
世代別人口と累計感染者数との相関は世代ごとの違いがなかったと言える．また新型コロナウイル
ス感染症対策専門家会議 （6）によると 
 
感染を急速に収束の方向に向かわせるためには、人と人との接触を最大限に避けることが 
必須です。これを、いま集中して実施すべきです。 
もし、こうした対策が行われず、人々が何も行動を変化させない場合、感染者数が急増し 
（赤い上昇線）、一定の潜伏期間後に発症者数も急増することが予想されます（青い上昇線）。 
（図 13 ） 
 
と説明している．これは結果より娯楽施設よりも長期滞在が見込まれる観光地や医療・介護施設では
潜伏期間に感染していると気づかず人と接触することで集団感染が起きやすくなっていると分かって
いる．症状の軽い人は気がつかないうちに，感染拡大を広げてしまっている．同じく新型コロナウイ
ルス感染症対策専門家会議は「一定条件を満たす場所において、一人の感染者が複数人に感染させた
事例が報告されています。」とも説明している．密閉された閉鎖的な空間で多数の人が至近距離で一
定時間以上触れ合い，集団感染が発生することで感染の急速な拡大を招くと考えられる．新型コロナ
ウイルス感染は上記の結果から世代関係なく感染するが，比較的症状が軽くなりやすい若者が気づか
ずに接触し感染者は増加しているようである． 
 また回帰分析の結果より換気が行われていない密閉された場所では感染率が上がりやすい．以上か
ら新型コロナウイルス対策の効果的な処置として",references/awards/text/2022/high-school/2022H5-shorei-07.txt,references/awards/notes/2022/high-school/2022H5-shorei-07.md
2022,paper,高校生の部,審査員奨励賞,若者の投票率向上のカギを探る,嶌田 誉( Westminster School ),,https://www.nstac.go.jp/sys/files/sites/3/static/statcompe/files/2022/2022H5-shorei-08.pdf,references/awards/raw/2022/high-school/2022H5-shorei-08.pdf,2026-08-17T07:54:07.486571+00:00,e43c803f240e49c4686bcf5ead421a50022be0ff2eb5aad0385eae1b30e368a5,724474,2022H5-shorei-08,10,11641,記述統計・可視化 / 相関分析 / 重回帰 / 空間分析 / 検定,政治・行政,"目的 
 
1.1 目的 
近年、若年層の投票率が低下しているという報道をよく見かける。(1)若者の政治への関心の無さが主な理
由であると報道されているが、真の原因は何か、そして投票率の向上にはどうすれば良いかに関して考察し
た。 
 
1.2 問題意識への背景 
日本では選挙が終わるたびに結果と同時に若者の投票率の低下が報道されており、その要因の１つに若者の
政治への関心の減少があるとあった。私は父の仕事のため、アメリカ、イギリスで生活をし両国にさまざま
なバックグラウンドを持つ友人がいるが、彼らの多くは政治に関心を持ち、友人同士の会話の話題にも良く
出てくるため、日本人の若者が政治に関心がないことに興味を持った。 
 
1.3 先行情報・研究の検討 
そこで、総務省のデータから第 49 回衆議院議員選挙の投票率(2)を確認したところ、やはり若者の投票率は
他の世代と比べて低いが、都道府県別でも投票率の差がある事もわかった。さらに調べると各県ともに投票
所が減少していることも分かり、これも投票率に影響を与えているのではないかと考えた。
(5)(6) 
アメリカの状況を調べてみると、2020年アメリカ合衆国大統領選では日本と同じように若者の投票率は低
いが、全体の投票率には年齢、年収差と学歴差が影響を与えるとアメリカ合衆国国税庁者局は発表してい
る。(4) 
上記の理由から、各県で若者の投票率に差があることに注目し、それは学歴や年収、生活満足度、投票所へ
の行きやすさが理由になっ","考察し
た。 
 
1.2 問題意識への背景 
日本では選挙が終わるたびに結果と同時に若者の投票率の低下が報道されており、その要因の１つに若者の
政治への関心の減少があるとあった。私は父の仕事のため、アメリカ、イギリスで生活をし両国にさまざま
なバックグラウンドを持つ友人がいるが、彼らの多くは政治に関心を持ち、友人同士の会話の話題にも良く
出てくるため、日本人の若者が政治に関心がないことに興味を持った。 
 
1.3 先行情報・研究の検討 
そこで、総務省のデータから第 49 回衆議院議員選挙の投票率(2)を確認したところ、やはり若者の投票率は
他の世代と比べて低いが、都道府県別でも投票率の差がある事もわかった。さらに調べると各県ともに投票
所が減少していることも分かり、これも投票率に影響を与えているのではないかと考えた。
(5)(6) 
アメリカの状況を調べてみると、2020年アメリカ合衆国大統領選では日本と同じように若者の投票率は低
いが、全体の投票率には年齢、年収差と学歴差が影響を与えるとアメリカ合衆国国税庁者局は発表してい
る。(4) 
上記の理由から、各県で若者の投票率に差があることに注目し、それは学歴や年収、生活満足度、投票所へ
の行きやすさが理由になっているのではないかと仮説を立てた。要因を見つけ出すことにより、ピンポイン
トで投票率向上に向けての活動を行うことができるのではないかと思い、調査をすることにした。
 
投票行動に関しては政治学の分野で多くの先行研究があ",references/awards/text/2022/high-school/2022H5-shorei-08.txt,references/awards/notes/2022/high-school/2022H5-shorei-08.md
2022,paper,高校生の部,審査員奨励賞,持続可能な観光,玉岡 咲季(香川県立高松商業高等学校),,https://www.nstac.go.jp/sys/files/sites/3/static/statcompe/files/2022/2022H5-shorei-09.pdf,references/awards/raw/2022/high-school/2022H5-shorei-09.pdf,2026-08-17T07:54:07.486571+00:00,792cdd55ef61a9fe953d085deeba86a0e5cdf583be3b93503d0ac14dc1912c9f,1560594,2022H5-shorei-09,9,9923,相関分析,観光・文化,,"考察 
 以 上 の 分 析 結 果 か ら ま ず 、 為 替 相 場 と 宿 泊 施 設 数 に は 明 確 な 正 の 相 関 が あ っ た 。
そ こ で 、 消 費 額 の 分 析 を し て み た と こ ろ 、 最 も 割 合 が 高 い の は 宿 泊 費 、 次 い で 買
7

物 代 で あ っ た 。 宿 泊 施 設 の 需 要 量 は 年 々 減 少 気 味 だ が 訪 日 外 国 人 か ら は 日 本 の 文
化 を 味 わ う こ と が で き る など 好 評 で あ る 。 買 物 代 の 内 訳 を み る と 、 菓 子 類 ・ 飲食
類 、 化 粧 類 が 多 く あ げ ら れ た 。 円安 だと 使 え る お 金 が 増 え る こ と か ら イ ン バ ウ ン
ド 消 費 額 の 伸 び が 期 待 で き る 。 次 に 、 政 策 に つ い て は 震 災 後 、 交 流 人 口 の 回 復 に
最 も 影 響 を 与 え た 訪 日 旅 行 促 進 事 業 が 重 要 視 さ れ る 。 例えば 、 中 国 や タ イ で み ら
れ た メ デ ィ ア 戦 略 や ツ ア ー 旅 行 が 回 復 に つ な が っ た と 考 え ら れ る 。 現 在 、 政 府 は
感 染 拡 大 防 止 の た め 、 入 国 制 限 を 緩和 す る 方 向 で 検 討 し て い る 。 海 外 で は コ ロ ナ
前",references/awards/text/2022/high-school/2022H5-shorei-09.txt,references/awards/notes/2022/high-school/2022H5-shorei-09.md
2022,paper,高校生の部,審査員奨励賞,増減数から見るうつ病の要因,塚田 梢太(愛知工業大学名電高等学校),,https://www.nstac.go.jp/sys/files/sites/3/static/statcompe/files/2022/2022H5-shorei-10.pdf,references/awards/raw/2022/high-school/2022H5-shorei-10.pdf,2026-08-17T07:54:07.486571+00:00,3817bf24f75e3655360a91d6fb6c6b095794ca677a98ba9b722ad5553b666109,1199090,2022H5-shorei-10,9,11355,記述統計・可視化 / 相関分析 / 重回帰 / 検定,,"はじめに 
1.1 研究の目的とテーマ 
いまや若者だけに限らず中高年でも、だれもがその症状に陥る可能性がある。それがうつ病だ。我が国に
おいてその数は増加の一途をたどっている（図１） 。
この状況に終止符を打つべく、 うつ病の要因を 解
明、社会に対する提言を行うことを目的とする。 
また今回は新型コロナウイルス という特殊な影響
を除くため、2014年から2017年にかけてのうつ病患
者数に限定し要因を調査する。これにより、コロナ
ウイルス終息後の うつ病患者対策にも役立てること
が可能になると考える。 
1.2 問題意識の背景 
 「学校に行きたくない」 「会社に行きたくない」などうつ病によって生まれる社会的損失は、計り知れな
いものである。また WHO によると自殺で亡くなった人のうち精神障害のある人は９０％に及び、自殺関連行
動と最も関係のある精神障害のうちの１つはうつ病という研究結果も示されている[1]。自殺というと、若者
の死因で最も多いものだ。よってうつ病患者数を減少させることは「社会活動の活発化」、「若者の減少」に
効果があると考えた。 
1.3 先行研究 
 うつ病の原因は「遺伝」 、 「ストレス」 、 「脳機能」の大きく３つに分けられる[2]。このなかで「遺伝」と「脳
機能」についてはまだ解明されていない部分が多々あるとされている。さらにこれらの原因は「遺伝学」など
専門的な知識を身につけなければ 解明することは不
可能であ ろう。よって 、今回は 原因の１","まとめ 
社会 生活 
完全失業率 最低賃金 単独世帯率 睡眠 仕事 学業 休養・くつろぎ 介護 スポーツ 
 
生活 娯楽 環境 
ボランティア活動・社会参加活動 映画鑑賞率 音楽鑑賞率 趣味としての読書 ゲーム 転入者数 降水日数 森林面積割合 
 
環境 食生活 家計 
日照時間 人口密度 米 小麦 果物 外食 家具・家事用品費 被服及び履物費 
 
社会 完全失業率…失業という不安がうつ病になりやすいと考える。 
 最低賃金…賃金が高いほどお金に、生活に余裕が生まれるためうつ病になりにくいと考える。 
生活 単独世帯率…１人という寂しさからうつ病になりやすいと考える。 
 睡眠、休養・くつろぎ…しっかりと休むことで精神的にも健康になりうつ病になりにくいと考える。 
 仕事、学業、介護…やりたくなくても半強制的にやらなければいけないことなので、ストレスがた
まり、うつ病になりやすいと考える。 
 スポーツ…体を動かすことで気分転換ができるためうつ病になりにくいと考える。 
 ボランティア活動・社会参加活動…他人のために行動することで自己肯定感が向上し、うつ病にな
りにくいと考える。 
娯楽 本人が楽しいと感じることが娯楽。すなわちすべてうつ病になりにくいと考える。 
環境 転入者数…新たな環境（土地）になじめないなどで、うつ病になりやすいと考える。 
 降水日数…雨が降ると気圧が下がり気分も落ち込むため、うつ病になりやすいと考える。 
 日照時間…太陽の光を浴びることでセロ",references/awards/text/2022/high-school/2022H5-shorei-10.txt,references/awards/notes/2022/high-school/2022H5-shorei-10.md
2022,paper,高校生の部,審査員奨励賞,オンラインゲームと犯罪の関係,中川 紗喜、佐原 凛、松永 梨那、田浦 亜美、小島 有加(愛知県立東海樟風高等学校),,https://www.nstac.go.jp/sys/files/sites/3/static/statcompe/files/2022/2022H5-shorei-11.pdf,references/awards/raw/2022/high-school/2022H5-shorei-11.pdf,2026-08-17T07:54:07.486571+00:00,b15c7b938bd733ded58943149626c14103d03a60612131522a76d7f3889b9136,785721,2022H5-shorei-11,8,6624,相関分析 / 検定,防災・安全,"目的 
最近、 目にすることが多い凶悪犯罪について、 私たちの生活スタイルの変化が影響しているのではないかと
思い、その一つとしてオンラインゲームについて着目した。 
この研究の目的は、オンラインゲームと犯罪の関係について注目し、犯罪を起こさないための対策として、
何が必要か考えることである。
２．研究の方法と手順 
2019 年に世界保健機関（ WHO）において「ゲーム障害」が正式に疾病と認定されたように、オンラインゲ
ームの過剰な利用は、ひきこもりや睡眠障害、視力障害などの身体的な問題まで引き起こすとされている。
2020 年には、 香川県でネッ
ト・ゲーム依存症対策条例が制定され、 子どものゲームの利用は一日60 分まで
などと、 利用時間の目安を示された。 憲法違反として訴訟が起こされ、 条例の 「科学的根拠」 の有無などが争
点となったが、地裁では、原告の訴えを退けられている。
また、2008 年に秋葉原で
起きた無差別殺傷事件の犯人は、自分にはネットにしかつながりがなかったとい
う供述が残っている。
これらのことから、 オンラインゲームと犯罪には、
一定の関係があるのではないかという仮定のもと、 分析
することにした。
研究で使用したデータと、その出典一覧を表１に示す。
表１ 使用したデータとその出典一覧
項目 年度 出典
テレビゲーム・パソコンゲーム（家庭で行うもの、携
帯用を含む）
2016 SSDSE-D（2021） 
総務省統計局
社会生活基本調査
殺人事件の",,references/awards/text/2022/high-school/2022H5-shorei-11.txt,references/awards/notes/2022/high-school/2022H5-shorei-11.md
2022,paper,高校生の部,審査員奨励賞,脱炭素社会に向けてサステナブルなまちづくりをしていくためには?,中谷 祐貴、佐竹 正裕、北原 櫂人(聖学院高等学校),,https://www.nstac.go.jp/sys/files/sites/3/static/statcompe/files/2022/2022H5-shorei-12.pdf,references/awards/raw/2022/high-school/2022H5-shorei-12.pdf,2026-08-17T07:54:07.486571+00:00,df4705491a8248a017e21dda28cc3812de4f55b7b744d9b2cc8621a66c282722,3029035,2022H5-shorei-12,9,7213,記述統計・可視化 / 相関分析,環境・エネルギー,"目的
1.1 研究の目的
本研究は、日本のみならず世界において近年注目されている環境問題である。特にその中でも影響力
を持った分野である。そして、その原因の一つである二酸化炭素排出量をどう減らしていけばいいかを
検討した。そして我々の目的は、この世界で起きている環境問題という大きな壁を乗り越えるための突破
口を作ることである。
以上より、本研究では、
「二酸化炭素排出量を減らす要因はなにか」をテーマとし分析を行った。
２．研究の方法と手順
本研究では、以下の手順で分析を進めた。
・排出量順に並べて、排出量が多い地域をランキングにして比べた。
・二酸化炭素排出量と様々な特徴のある地域の相関関係を分析
・県や市の政策、取り組みを調査し、排出量と重ねて分析した。
３．データセットの加工
3.1 使用したデータ
使用したデータと、その出典一覧を
表1に示す。また、我々で加工したデータを表2に示す。
表1 使用したデータとその出典一覧
使用変数 出典
地域別総人口 「国勢調査」(2020年)*
2010年時点での地域別総人口 「国勢調査」(2010年)*
地域別 2019年の二酸化炭素排出量[t] 「地方公共団体実行計画（区域施策編）策定・実施マ
ニュアル（算定手法編）」
(環境省 2019年)
地域別 2008年の二酸化炭素排出量[t] 「地方公共団体実行計画（区域施策編）策定・実施マ
ニュアル（算定手法編）」
(環境省 2008年)
地域別 農家数（自給的農家）
地域別 農家数（販売農","まとめた。
表3　二酸化炭素排出量ランキングの表
都道府県名 市区町村名
2019年の
二酸化炭素排出量(t)
神奈川県 横浜市 19308
岡山県 倉敷市 16944
大分県 大分市 15624
広島県 広島市 15234
大阪府 大阪市 14016
千葉県 市原市 13876
愛知県 名古屋市 13102
北海道 札幌市 13062
愛知県 豊田市 11860
兵庫県 神戸市 11291
表4　人口1人当たりの二酸化炭素排出量 が多い地域 上位5地域
都道府県名 市区町村名
2019年の
二酸化炭素排出量(t)
人口1人あたりの2019年の
二酸化炭素排出量(t)
宮城県 蔵王町 13 0.001138553162
宮城県 柴田町 68 0.001776802278
宮城県 亘理町 82 0.002478314746
東京都 小金井市 323 0.002561987404
東京都 狛江市 218 0.002571603831
上記の表より、人口 1人あたりの2019年の二酸化炭素排出量に着目すると、排出量の少ない 3地域が宮
城県に集中していることがわかった。そこで、宮城県の取り組みについて調査した。
4-1-1. 宮城県での二酸化炭素排出量の取り組み
「ゼロカーボンチャレンジ 2050」
この取り組みは世界的な課題である「地球温暖化」により、宮城県でも「 2050年二酸化炭素排出実質ゼ
ロ」実現のために長期目標としていくもの。
具体的には、以下の取り組みがある。
・SVO発",references/awards/text/2022/high-school/2022H5-shorei-12.txt,references/awards/notes/2022/high-school/2022H5-shorei-12.md
2022,paper,高校生の部,審査員奨励賞,英語力と相関があるものは何か,野村 成那、川田 ののか、小林 菜央華、藤田 雄大、本家 茉桜(兵庫県立姫路西高等学校),,https://www.nstac.go.jp/sys/files/sites/3/static/statcompe/files/2022/2022H5-shorei-13.pdf,references/awards/raw/2022/high-school/2022H5-shorei-13.pdf,2026-08-17T07:54:07.486571+00:00,a7e0efb9f0bfa2475551224fbba1fd415fef92f3d0fa9a3b29bf339874589b9e,1952152,2022H5-shorei-13,8,7153,記述統計・可視化 / 相関分析,,"目的 
1.1 背景 
 世界では多くの言語が話されている。これからの国際社会において必要である「様々な言語を話す
外国人とコミュニケーションをとり、意思疎通する」ということのためには、どうすればよいか考え
た。すると、世界で話されている多くの言語のなかで、中国語、英語が圧倒的に多く話されていて、
英語のほうが広範囲で話されていることが分かった[1],[2]。 そのため私たちは世界で最も話されてい
る言語である英語に焦点をあて、研究を進めることにした。 
[1] https://ja.wikipedia.org/wiki/%E4%B8%AD%E5%9B%BD%E8%AA%9E
[2] https://ja.wikipedia.org/wiki/%E5%9B%BD%E5%88%A5%E8%8B%B1%E8%AA%9E%E8%A9%B1%E8%80
%85%E6%95%B0%E3%83%A9%E3%83%B3%E3%82%AD%E3%83%B3%E3%82%B0
1.2 日本の現状 
現在日本で勉強されている言語を調べたところ、9割以上が英語だった［3］ 。しかし、イー・エフ・
エデュケーション・ファースト（EF）という2021 年 11 月 16 日、世界112か国・地域の約200万人の
英語試験ビッグデータを活用した英語能力のベンチマーク「EF EPI英語能力指数」 ［4］によると、日
本は世界で 78 位であり、英語力が低く先進国の中でも劣っているということが分かる。英語力を上","結論 
 日本の英語力と強い相関があるものは見つけられなかったが、負の相関になっているところは無か
ったことから日本の教育制度は整ってはいるがあまり効果が出ていないと考えられる。そのため日本
の英語力が世界に比べて低いのは日本人自身にも問題があるのではないかと考えた。 
 しかし、ALT の活用人数と高校生の英語力にはかなり強い相関は見られなかったものの、やや相関
がみられたこと、ALT の問題点がかなりあることから ALT の採用基準の見直し、日本の教師とのコミ
ュニケーションの改善をすれば英語力が上がるのではないかと考えることもできる。 
 
 5.2 今後の展望 
 ALT がより活躍できるためにすべきこと、ALTだけでなく生徒の行動や姿勢との関係、環境・経済・
歴史・文化などと英語力の関係、英語力が高い国の特徴、取り組みと日本の特徴、取り組みの比較、
日本国内での中高生の英語力が高い地域と低い地域の英語教育の比較、コミュニケーション能力を上
げるためにすべきことなどについて調べ考え、日本の英語力向上に貢献できることを提案したい。 
 
参考文献 
[1] 中国語／ウィキペディア （2022/7/20） 閲覧日 2022/8/1 
 https://ja.wikipedia.org/wiki/%E4%B8%AD%E5%9B%BD%E8%AA%9E 
[2] 国別英語話者ランキング／ウィキペディア （2022/5/18） 閲覧日 2022/8/1 
https://ja.wi",references/awards/text/2022/high-school/2022H5-shorei-13.txt,references/awards/notes/2022/high-school/2022H5-shorei-13.md
2022,paper,高校生の部,審査員奨励賞,日本の教育現場の課題と教育の質向上,三原 大輝(香川県立高松商業高等学校),,https://www.nstac.go.jp/sys/files/sites/3/static/statcompe/files/2022/2022H5-shorei-14.pdf,references/awards/raw/2022/high-school/2022H5-shorei-14.pdf,2026-08-17T07:54:07.486571+00:00,d9b9f293a74e41c3637263e892ceabd9b49dd5cbdc528331c51af38c4b6bce8d,2345101,2022H5-shorei-14,9,10787,記述統計・可視化 / 機械学習,教育,"目的 
現代の教育現場においての教員不足が問題視され、教育現場の働き方改革が不十分であると言われている。
初めて行われた文部科学省の令和４年「教師不足」に関する実態調査によると、全国の公立学校の不足教員人
数が 2,558 人と発表された。不足教員の内訳をみると、小学校と中学校の割合が約８割を占めている。(図１)
教員不足が解消されない大きな原因としては、非正規雇用者への依存、産休・育休による休職者の発生、精神
疾患による休職者の高止まり（図 2）、教員免許状を持っていて教職に就いていない人を指すペーパーティーチ
ャーの発生などが挙げられる。このまま教員不足が解消されないと、労働時間超過による精神疾患の発症者の
増加、学校業務の膨大化、業務内容や授業の質の低下、生徒とかかわる時間の減少などといった問題が起こる
ことが考えられる。また、持続可能な開発目標（SDGs）の中にも“質の高い教育をみんなに”があり、SDGs か
ら教育現場の課題や問題点を身近に感じ、興味を持ったこともテーマ設定の理由の一つである。 
 この問題について深く調べていくことで、1971 年に制定された『公立の義務教育諸学校等の教育職員の給与
等に関する特別措置法（給特法）』は現代の適正な労働環境に適しているのか、また、ペーパーティーチャーの
発生がなぜ起こるのか興味・疑問を持った。そこで、給特法は現代の教員の労働環境を悪化させているのでは
ないか、またペーパーティーチャーの発生は教員に対する悪いイメージからだけ","考察を行うものとする。まず初めに現代の教
育の政策が正しいかどうかという点、 また現代の教育の課題点について調べた。 今回の研究では、 教育の質が
低下した大きな原因の一つであると考えられる教員不足について様々な仮設を立て、教員不足が起こる理由
や教員不足のために文部科学省や各自治体が行っている政策について 『KNIME（3）』 という無償のオープンソー
スソフトウェアと Excel の分析ツールを用いて分析・予測した。
KNIME は、基本的にコーディングする必要がなく、Node（ブロック）をつなぎ合わせていくことによって簡
単にデータ処理をすることができる。また、 可視化・分析・予測の方法もたくさんあり、その使用用途に合わ
図2 精神疾患による病気休職者の推移（2）図1 各校種別不足人数(1)
1

せて変えられる点も良い。そのほかにもクレンジングしたデータの可視化には Excel の表やグラフ機能を使
い、それらは使用用途に応じて随時変更・対応させるものとする。 
 
３.使用データとデータセットの加工 
本研究で使用したデータ名とその出典一覧を下記の表１に示す。 
表1 使用したデータとその出典一覧 
項目名 年度 出典 
「教師不足」の状況－概要（1） 2021 文部科学省 
精神疾患による病気休職者の推移（教育職員）（2） 2011～2020 文部科学省 
学校数、児童・生徒数、教職員数（4） 
※学級数の数は学校規模別教職員配置の標準 
（小学校）に合わせている。",references/awards/text/2022/high-school/2022H5-shorei-14.txt,references/awards/notes/2022/high-school/2022H5-shorei-14.md
2022,paper,高校生の部,審査員奨励賞,女性の流出を防ぐことが地方の活性化? ~私立大学を充実させて県外流出を阻め~,三宅 由希子、吉政 陽菜、福田 竣太(香川県立観音寺第一高等学校),,https://www.nstac.go.jp/sys/files/sites/3/static/statcompe/files/2022/2022H5-shorei-15.pdf,references/awards/raw/2022/high-school/2022H5-shorei-15.pdf,2026-08-17T07:54:07.486571+00:00,21a78a00157e3415d76d53aed4f136b0a8e2c1e223a373bb92ede69f62e32da4,1780993,2022H5-shorei-15,8,10122,相関分析,教育,,"考察していこうと考えて研究を進める
ことにした。 
２ 分析方法と手順 
 都道府県の財政的強さを表す財政力指数（3か年の平均
値）に着目し、分析のスタートを切ることにした。地方自治
体の財政的強さは、必ず、住民サービスに反映され、住民に
還元されるはず。都道府県の魅力を根本から支える指標と考
えた。この値は総務省が作成し、右の表１はその値を表す。
この「財政力指数」とSSDSE－Ｂの全項目との相関係数を
調べることで 先入観なしに調査 を開始し 、考察、問題 
発見、調査、考察…を順に繰り返して研究を深めていく 
ことにした 。 
３ データの抽出・加工・分析・考察 
（１）財政指数と SSDSE―B 全項目との相関調査
「財政力指数」とSSDSE－Ｂの全項目との相関係数を調
べることから 、研究をスタートさせた。その結果、 人口
関係の項目はすべて高い値（ ほぼ 0.87以上）となり、 
財政指数と強い相関があることが分かった。 
また、各都道府県の「転出者数」と「転入者数」 も財政
指数と高い相関係数 （転出者数 0.8526 、転入者数
0.8280）を示した。これらの値は人の動きを表す数字で
あり、注目したいが、 単に人口に比例して大きくなる値 
とも考えられた。 そこで、新しい 指標を作成する必要に 
迫られた。 
（２）新指標「転入／転出」の作成
「転入者数」を「転出者数」で割った値（以降「転入／転出」と 表す）を作成し、人口に関係なく、
人の動きを表す 指標と考え",references/awards/text/2022/high-school/2022H5-shorei-15.txt,references/awards/notes/2022/high-school/2022H5-shorei-15.md
2022,paper,高校生の部,審査員奨励賞,ドクターヘリの効率の良い配置を考える,明珍 若那、山口 陽由佳、山田 優芽、山本 紗綾、渡邉 晴香(兵庫県立姫路西高等学校),,https://www.nstac.go.jp/sys/files/sites/3/static/statcompe/files/2022/2022H5-shorei-16.pdf,references/awards/raw/2022/high-school/2022H5-shorei-16.pdf,2026-08-17T07:54:07.486571+00:00,33c175cacf4a7d263b8f774d1093f59ceb9510474a5092bcdbbaabdf0744c2ab,1345930,2022H5-shorei-16,8,5145,記述統計・可視化 / 相関分析,,"目的
1-1 研究の目的
本研究は、ドクターヘリの現在の配置の特徴を分析し、またその結果や気象、地理的要因を踏まえ
て新たなドクターヘリ基地病院の候補地を提案することを目的とする。 
1-2 問題意識の背景
兵庫県豊岡市にある豊岡病院で活躍するドクターヘリを、メディアを通じて目にし興味を持った。
この経験から、ドクターヘリの配置の現状を知り、その現状から課題を見つけ、患者や傷病者が日本
のどこで救助を要請しても駆けつけられるドクターヘリの配置を考えたいと思った。 
1-3 先行研究
そこで前提として、救急車等の救命車両が拡充されている現在において新たにドクターヘリを増や
す必要性はあるのかについて調べた。認定 NPO 法人救急ヘリ病院ネットワーク 「HEM-Net」 によると、 
患者の搬送後の後遺症等の割合をドクターヘリと救急車で比較したところ、「ドクターヘリによる搬 
送は死亡者が27%、約３割減少し、社会復帰できる割合が45％増えたほか、後遺症や植物状態をそれ
ぞれ減少させることができたと推定」された(図 1)。また「患者や傷病者が日本のどこで救助を要請
しても駆けつけられる配置」を導くにあたって、一回の最大走行距離ないしは最大飛行距離が長い方
が一台でカバーできる範囲が広くなるため台数が少なくて済む。厚生労働省「ドクターヘリの課題に
関する研究」によると、ドクターヘリによるカバー範囲(基地病院からの距離)の上限 は50～70km 程
度であった。さらに、救急車の制限速度と","考察する。 
(1) 考案した6 つの条件とドクターヘリの台数との全国的な相関の有無を、散布図と相関係数を用い
て分析する。 
(2) 都道府県境を無視した日本全体のカバー範囲を、ドクターヘリの拠点病院から半径70km の円を
描いた地図を用いて分析する。 
 これらを基に、まだドクターヘリがカバーできていない場所を見つけ、新たなドクターヘリの拠点病
院候補地を提案する。 
 
3.データセットの加工 
3-1 データおよび出典一覧 
表1 仮説にて使用したデータおよび出典一覧 
 データ名 年度 出典 
人口密度 2019 SSDSE 
歳入 2017 総務省統計局 
悪性新生物死亡者数(生活習慣病) 2019 厚生労働省 
心疾患死亡者数(生活習慣病) 2019 厚生労働省 
脳血管疾患死亡者数(生活習慣病) 2019 Graph Ochart 
降水量 2019 SSDSE-B‐2022 
標高 2019 とどラン 
面積 2019 国土交通省 
北海道の人口 2022 住民基本台帳人口・世帯数 
北海道の国道 2022 北海道開発局 
北海道の標高 2022 国土地理院 
北海道の降水量 1991～2022 国土気象庁 
北海道の地価 2022 地価公示・地価調査マップ 
※ 歳入のデータは 2019 年のものがなかったため、2017 年のものを使用することにする。 
 〈相関係数の目安〉 
 
 
 
 Marble-LabMarket+able Laboratory（",references/awards/text/2022/high-school/2022H5-shorei-16.txt,references/awards/notes/2022/high-school/2022H5-shorei-16.md
2022,paper,大学生・一般の部,総務大臣賞,パンデミックは人流をどう変えたか ―地域の特性別に―,大古 一聡、西川 直輝(東京大学大学院情報理工学系研究科) 都道府県別の人流データを用い、移動距離やサービス業割合、旅館数等で重力モデルによる回帰分析を行い、新型コロナウイルス感染症による影響で長距離移動やサービス業・観光業の盛んな地域への移動が減ったことを示した。,,https://www.nstac.go.jp/sys/files/sites/3/static/statcompe/files/2022/2022U1-daijin.pdf,references/awards/raw/2022/university-general/2022U1-daijin.pdf,2026-08-17T07:54:07.486571+00:00,ef121b14df7d3c52c0586d1e1c0629c40110d5c15d80840f2a19de25838c3182,1059909,2022U1-daijin,9,14550,記述統計・可視化 / 相関分析 / 時系列 / クラスタリング,,"目的変数として， その時間的 ・地域的な傾向を示し，また経済指標等との関係を調べるものである．
本論文では，後者を扱う．この方向の先行研究では，Cevik et al. (2022) 
(2)が，拡張重力モデルに基づいて行動制
限が観光客の移動に与える影響を分析し，Goretti (2021)(3) はこれを拡張したモデルによって先進国に比べて新
興国の観光業が感染症に対して脆弱性を持っていると結論づけている．また，Long & Ren (2022)(6) は，人流の
変化傾向は，人口密度，住宅タイプ，地域の経済的困窮度，民族・文化的構成といった指標と関連して地域ご
とに異なることを指摘している．これらの研究は，人流の変化の傾向が，地域が個々に持つ性質によって，あ
るいは地域間の関係性によって，異なって現れることを示唆している．
一方，わが国の人流の変化については，緊急事態宣言の影響を，泰・佐々木・斧田・浅野・鈴木 (2021) 
(13)が
北海道及び東京都に，根元・藤井・佐野・鈴木・雨宮・大澤 (2021) (12)がつくば市に，後藤・田村・田中・塚井 
(2022) (10)が広島県にそれぞれ注目して定量分析しており，泰らと後藤らは共通して都市部での経済活動の回復
の遅れを示唆する結果を得ている．国土交通省 (2022) (16)は，全国をブロックに分け，それぞれのブロックで滞
在者数の推移の解析と市区町村のクラスタリングを行っている．国土交通省は移動を距離別に分類し，遠距","結論づけている．また，Long & Ren (2022)(6) は，人流の
変化傾向は，人口密度，住宅タイプ，地域の経済的困窮度，民族・文化的構成といった指標と関連して地域ご
とに異なることを指摘している．これらの研究は，人流の変化の傾向が，地域が個々に持つ性質によって，あ
るいは地域間の関係性によって，異なって現れることを示唆している．
一方，わが国の人流の変化については，緊急事態宣言の影響を，泰・佐々木・斧田・浅野・鈴木 (2021) 
(13)が
北海道及び東京都に，根元・藤井・佐野・鈴木・雨宮・大澤 (2021) (12)がつくば市に，後藤・田村・田中・塚井 
(2022) (10)が広島県にそれぞれ注目して定量分析しており，泰らと後藤らは共通して都市部での経済活動の回復
の遅れを示唆する結果を得ている．国土交通省 (2022) (16)は，全国をブロックに分け，それぞれのブロックで滞
在者数の推移の解析と市区町村のクラスタリングを行っている．国土交通省は移動を距離別に分類し，遠距離
からの来訪者が減少した一方で同一市区町村内での移動はむしろ増加していることを示した．この他，NTT ド
コモ社や Agroop 社が自社の持つ流動人口データを可視化したものを逐次提供している． また， 観光業への影響
を調べることを念頭にした人流データの研究も多く，山本 (2021) 
(15)は遠方から京都に来訪する観光客が減少し
ていることを，小西．原嶋・荒川・峯 (2022) (9)は",references/awards/text/2022/university-general/2022U1-daijin.txt,references/awards/notes/2022/university-general/2022U1-daijin.md
2022,paper,大学生・一般の部,優秀賞,社会保障政策と犯罪の関係 ―都道府県パネルデータによる実証分析―,TENG YU ZHE(青森中央学院大学経営法学部) 都道府県別データにより、犯罪件数を生活保護人員数割合、進学率、失業率等の変数で回帰し、社会保障政策が充実すれば犯罪が減ることを示した。,,https://www.nstac.go.jp/sys/files/sites/3/static/statcompe/files/2022/2022U2-yushu.pdf,references/awards/raw/2022/university-general/2022U2-yushu.pdf,2026-08-17T07:54:07.486571+00:00,227c8d36e4b9d88cd526c84908d97a3be97a4e3c36571546e32e5d74fa5e0840,467368,2022U2-yushu,9,13952,記述統計・可視化 / 相関分析 / 重回帰 / パネルデータ / 時系列 / 検定,福祉・子育て / 防災・安全 / 政治・行政,"はじめに 
 犯罪と社会保障政策に関する研究は社会学や経済学を基本としているものが多い。社会学による研
究として、よく知られているものに Merton（1938）がある（18）。そこでは、ストレスの蓄積によって
犯罪の可能性が高まることが指摘されている。ただし、Rudolph and Starke(2020)では、社会保障政
策のようなソーシャルサポート（Social Support）は 、罪を犯そうとする者のストレスを解消させ、
間接的に犯罪を抑制するとしている（20）。一方、犯罪に関する経済学的研究として、よく知られてい
るBecker（1968）では、犯罪は便益と費用との比較によって決定され、犯罪の費用が犯罪の便益を上
回れば犯罪が発現すると指摘している（13）。さらに、Becker は所得が増加するほど、犯罪の便益が低
下し、犯罪が減少するとしている。つまり、罪を犯そうとする者に社会保障給付があれば、所得が増
加し、犯罪の可能性は低下すると考えられる。 
 日本では、憲法第 13 条の個人の尊厳と第 25 条の生存権を基に、社会保障制度が整備されている。
日本の社会保障は、国民皆保険制度や年金制度などを中心としており、生活保護制度も含まれている。
厚生労働省は、「生活保護制度は、生活に困窮する方に対し、その困窮の程度に応じて必要な保護を
行い、健康で文化的な最低限度の生活を保障するとともに、自立を助長することを目的としている」
と定めている
（3）。生活保護制度には、所得","結論である。 
 
 
 
 

 2
２．先行研究 
 1930年代の米国は世界恐慌に直面しており、当時の米国大統領であったルーズヴェルト氏は犯罪の
基本的な原因は国民の生活困難であり、社会保障政策を通して犯罪を抑制できると述べている。
Fishback et al.（20 10）は 1930 年から 1940 年までの米国のデータを用いて、ルーズヴェルト氏の
主張のように、社会保障制度は犯罪を抑制したことを実証した
（17）。Rudolph and Strake（2020）は
OECDの18か国の22年分のパネルデータを用いて社会保障の支出は犯罪率に対して負の相関があるこ
とを指摘している
（20）。 
 また、犯罪の決定要因に 関する研究も多く存在しており、Fajnzylber et al.（2001）（16）では、ク
ロスカントリーデータを用いて所得格差を表すジニ係数と犯罪率との間の正の相関を指摘している。
同様の指摘は、中国を対象とした吴・芮(2010)
（24）やスウェーデンを対象とした Nilsson(2004)（18）
でも見られる。そして、Edward and Bruce（1999）は米国において大都市での犯罪率の方が高いこと
を示している（14）。これは大都市になるほど、警察が犯罪者を逮捕し難くいことにより、犯罪の費用
が低下して便益が高くなると解釈できる。さらに、Steven（1999）は米国の 1970 年、1980 年、1990
年といったクロスセクショ",references/awards/text/2022/university-general/2022U2-yushu.txt,references/awards/notes/2022/university-general/2022U2-yushu.md
2022,paper,大学生・一般の部,統計数理賞,リサイクル活動に対する地域・政策要因の研究 -主成分分析・階層的クラスタリングを用いた市町村別分析,小関 敦生、黒須 咲菜、杉本 果穂、守木 悠太郎、森田 花梨(静岡大学情報学部) 宇留賀 大誠(静岡大学大学院総合科学技術研究科) 市町村単位のデータを用い、主成分分析とクラスター分析を組み合わせた都市分類を行った上で、リサイクル率に関して重回帰分析を行い、産業規模の拡大が都市群によってリサイクル率に影響を及ぼすことを示した。,,https://www.nstac.go.jp/sys/files/sites/3/static/statcompe/files/2022/2022U3-suri.pdf,references/awards/raw/2022/university-general/2022U3-suri.pdf,2026-08-17T07:54:07.486571+00:00,04ea57e8046086e403cacb3dc55906a467d918fee8c791cd8238019b576d5e69,1904183,2022U3-suri,9,10493,相関分析 / 重回帰 / 主成分分析 / クラスタリング,環境・エネルギー / 政治・行政,"目的
1985 年に地球温暖化に関する初めての世界会議が開催されたことを契機に、二酸化炭素(CO₂)による
地球温暖化の問題が大きく取り上げられるようになった。近年では国際的に SDGs やカーボンニュート
ラルという言葉を耳にする機会が増えた。
SDGs とは、2015 年 9 月の国連サミットで採択された 「2030 年までに持続可能でよりよい世界を目指
す国際目標」である。17 のゴール・169 のターゲットから構成されており、発展途上国のみならず、先
進国自身が取り組むユニバーサル(普遍的)なものであり、日本も積極的に取り組んでいる。 
カーボンニュートラルとは、 温室効果ガスの排出量と吸収量を均衡させることを意味し、SDGs の取組
の 1 つである。人為起源の温室効果ガスのうち 65％が二酸化炭素(CO₂)であり、CO₂の削減は重要な課
題になっている。 
 この CO₂排出の要因として我々になじみ深いものにごみの焼却・処分がある。ごみの焼却・処分を減
らす方法の一つとしてリサイクルがあげられる。ごみを減らしたり、紙やペットボトルを適切にリサイ
クルしたりすることで、ごみとして燃やすより、 温室効果ガスの排出を減らすことにつながる。 一方で、
リサイクルの在り方は、市町村ごとの自治体政策に依存する。
そこで本研究では、カーボンニュートラルを通じた SDGs に資するリサイクルについて、その地域的
な促進を検討するために、基本的な都市構造に基づく市町村レベルでの都市分類","まとめる。 これらのデータは、 教育用標
準データセット(SSDSE-A-2022)及び総務省「市町村税課税状況の調」のデータを利用した。 
なお、 分析対象とする市町村に関して、 つぎのような調整を行った。 はじめに、 福島県の飯館村、 浪江
町、 葛尾町、 双葉町、 大熊町、 富岡町の6 町村を分析の対象外とした。 これは、 東日本大震災の影響によ 
表１ 主成分分析に用いたデータ 
表 2 基本統計量 
2

り原発避難地域、帰還困難区域に指定されているため人口が 50 人未満となっており、 本来の姿を反映し
ていないと判断したためである。また、東京 23 区は東京特別区とし
て 1 つに集約した。 これは後のクラスター分析で使用するデータの制
約のためである。 
3-2. 主成分分析による項目の集約
主成分分析は一般的につぎのとおり表現できる。
𝑧 = 𝑤1 × 𝑋1 + 𝑤2 × 𝑋2 + ⋯ + 𝑤𝑛 × 𝑋𝑛 
ここで𝑧は主成分、𝑤𝑛は変数𝑋𝑛の重みを表す。さらに、つぎの制約条件 
𝑤1
2 + 𝑤2
2 + ⋯ + ｗ
𝑛
2
= 1 
のもと、以下の式を計算する。 
𝑅𝑊 = 𝜆𝑤 
ここでは、𝑅は変数間の相関行列、𝑊は重みを要素とするベクトルである。 この結果𝜆及び𝑤が計算される
が、このときの𝜆は固有値である。この固有値𝜆を用いて、主成分𝑘の寄与率及び主成分に対する主成分負
荷量を以下のように求める。 
寄与率 =
𝜆𝑘
∑ 𝜆 主成分負荷量 = 𝑤𝑘 ×",references/awards/text/2022/university-general/2022U3-suri.txt,references/awards/notes/2022/university-general/2022U3-suri.md
2022,paper,大学生・一般の部,統計活用奨励賞,生活系ごみ排出量と事業系ごみ排出量による回帰分析,原 明美(東京理科大学理学部第二部) 都道府県別パネルデータを用い、ごみ排出量と各種変数の関係を分析し、1人当たり県内総生産やごみリサイクル率が生活系ごみ排出量と事業系ごみ排出量にプラスの影響を与えることを見出した。,,https://www.nstac.go.jp/sys/files/sites/3/static/statcompe/files/2022/2022U4-katsuyo.pdf,references/awards/raw/2022/university-general/2022U4-katsuyo.pdf,2026-08-17T07:54:07.486571+00:00,4bea6dbb05899355f16d1f7c3bcfa52ab7264aec01b9c5c9a548a93275f2735e,2183908,2022U4-katsuyo,9,12930,記述統計・可視化 / 相関分析 / 重回帰 / パネルデータ / クラスタリング / 因果推論,環境・エネルギー,"研究目的
ごみ問題は，近年においても深刻な状況にあり，長年続く課題である．例えば，2015 年 9 月の国連サミ
ットにて持続可能な開発目標（SDGs：Sustainable Development Goals）が作られ，その中 14 番目の目標
として，海の豊かさを守るためにもプラスチックゴミ軽減による問題改善を図る策など，多々挙げられて
いる． 世界的には3R（リデュース・リユース・リサイクル） と呼ばれる取り組みが長年行われている.世界
ではごみの総排出量が増え続けている中 , 先進国である日本は， ごみ処理に関して世界から高い評価を得
られ，ごみ総排出量は平成 2４年度以降微減傾向である． 
日本のごみ総排出量は次のように定義されており，年度ごとに排出形態別で比べてみる． 
ごみ総排出量＝生活系ごみ排出量＋事業系ごみ排出量 
図１から平成 30 年度では，事業系ごみが 1,302 万トンであり，生活系ごみ（2,971 万トン）については
全体の約 70％を占めたことがわかる． 
出典：一般廃棄物処理事業実態調査の結果（令和元年度）について 
図１ 
これまで生活系ごみ排出量や事業系ごみ排出量などの要因を分析し，そこから施策を言及するという研
究は多く行われていた．和田・児玉（2020 年）はごみ減量化を促すには住民意識の向上と負担の公平化が
必要であり，有料化の導入は生活系ごみの排出量を減少させ，リサイクル率の向上をもたらす可能性が示
唆された．清水・金谷（2014 年）","考察の軌跡も単純な学術論⽂的ではないが苦労の跡が興味深く感じられた。
他のパネルデータ分析よりひと⼿間かけたことが評価される。プロの実証研究者が今
後参考とすべき分析論⽂としても⾼く評価される。 

生活系ごみ排出量と事業系ごみ排出量による回帰分析
 原明美
東京理科大学理
学部第二部数学科
第一章 研究背景と研究目的
ごみ問題は，近年においても深刻な状況にあり，長年続く課題である．例えば，2015 年 9 月の国連サミ
ットにて持続可能な開発目標（SDGs：Sustainable Development Goals）が作られ，その中 14 番目の目標
として，海の豊かさを守るためにもプラスチックゴミ軽減による問題改善を図る策など，多々挙げられて
いる． 世界的には3R（リデュース・リユース・リサイクル） と呼ばれる取り組みが長年行われている.世界
ではごみの総排出量が増え続けている中 , 先進国である日本は， ごみ処理に関して世界から高い評価を得
られ，ごみ総排出量は平成 2４年度以降微減傾向である． 
日本のごみ総排出量は次のように定義されており，年度ごとに排出形態別で比べてみる． 
ごみ総排出量＝生活系ごみ排出量＋事業系ごみ排出量 
図１から平成 30 年度では，事業系ごみが 1,302 万トンであり，生活系ごみ（2,971 万トン）については
全体の約 70％を占めたことがわかる． 
出典：一般廃棄物処理事業実態調査の結果（令和元年度）について 
図１ 
これまで生活系ご",references/awards/text/2022/university-general/2022U4-katsuyo.txt,references/awards/notes/2022/university-general/2022U4-katsuyo.md
2022,paper,大学生・一般の部,審査員奨励賞,パネルデータを用いた空き家に関する要因分析,青樹 香乃、五十嵐 歩美、高安 茉有沙、島田 壮(南山大学総合政策学部),,https://www.nstac.go.jp/sys/files/sites/3/static/statcompe/files/2022/2022U5-shorei-01.pdf,references/awards/raw/2022/university-general/2022U5-shorei-01.pdf,2026-08-17T07:54:07.486571+00:00,9d239aca9868368f695193d1a72101953f39521ce9d376dd6ccf6078722afaad,946074,2022U5-shorei-01,8,11713,相関分析 / 重回帰 / パネルデータ / 検定 / 因果推論,,"目的 
1.1 問題背景 
 近年の日本においての社会問題の１つに空き家問題がある。日本の空き家数は、総務省統計局が公表してい
る｢住宅・土地統計調査｣データなどから把握されており、ここでは日本に存在する空き家を｢賃貸用住宅｣、｢売
却用住宅｣、別荘などに使用される｢二次的住宅｣、｢その他の住宅｣の4つに分類している。｢その他の住宅｣は、
上記以外の、人が住んでおらず長期不在になっている又は取り壊すことが決まっている物件のことであり、放置
され続けることで防災性・防犯性の低下や、衛生・風景や景観の悪化が引き起こされることが考えられ、問題とし
て取り上げられる場合が多い。 
 次に、空き家についてデータで見てみる。「住宅・土地統計調査」によると、1998年では日本の空き家数は約5
76万戸であったが、最新のデータである2018年では過去最高の約849万戸まで増加している。さらに、空き家を
種類別に見てみる。2018年の空き家の種類別内訳を円グラフに表したものが、図1である。賃貸用の住宅が1番
多く50.9％であり、次いでその他の住宅が41.1％、二次的住宅が4.5％、売却用の住宅が3.5％である。このこと
から、賃貸用の住宅とその他住宅が空き家の大部分である92％を占めていることがわかる。 
 日本全体で、人口減少や少子化などの多様な要因の中で、空き家数が増加傾向にあるのは事実である。管
理の行き届いていない空き家を放置し続けることで、人々の生活に影響をもたらす。そのため、日本にお","結論 
5.1結果の解釈 
 「高齢単身世帯割合」については、その他空き家率では正で有意という結果であった。このことより、高齢者が
単身で住むことには様々なリスクを伴うことから、老人ホームなどに入居することや病気によって入院すること、子
の家族とともに二世帯で暮らすことなどから、人員的な面での住宅管理が困難になると考えられる。そのため、
高齢単身世帯割合が増加するとその他空き家率も増加すると考えた。「死別率」については、その他空き家率と
賃貸用空き家率が共通して正で有意という結果であった。死別者は高齢者に多く見られることから、高齢単身世
帯の中でも死別して単身となった高齢者が、その他と賃貸用に共通して空き家率の増加に大きく影響している
のではないかと考えた。「人口増減率」については、その他空き家率と賃貸用空き家率が共通して負で有意とい
う結果であった。このことより、人口減少が見られる地域では魅力度が低下することや高齢者が多いことが、その
他と賃貸用に共通して空き家率を増加させる理由として考えられる。ところが、空き家が増加することがその地域
の魅力度低下に加担することで人口減少が起こっている可能性があるため、空き家率が増加しているから人口
減少が進む、という解釈も可能となることが考えられる。「婚姻率」については、その他空き家率と賃貸用空き家
率が共通して正で有意という結果であった。婚姻すると、それぞれ別に住んでいた住居を引き払い、同じ住居に
住むという変化が考えられる。このように2",references/awards/text/2022/university-general/2022U5-shorei-01.txt,references/awards/notes/2022/university-general/2022U5-shorei-01.md
2022,paper,大学生・一般の部,審査員奨励賞,東日本大震災後の避難生活と健康影響,浅井 惇志、高木 伸也、松田 美奈(名古屋市立大学経済学部),,https://www.nstac.go.jp/sys/files/sites/3/static/statcompe/files/2022/2022U5-shorei-02.pdf,references/awards/raw/2022/university-general/2022U5-shorei-02.pdf,2026-08-17T07:54:07.486571+00:00,47aa42d7de91e7b413262b4746fa7093177759a44db957d953b4ed40de95506e,786113,2022U5-shorei-02,9,12266,記述統計・可視化 / 相関分析 / パネルデータ / クラスタリング / 検定 / 因果推論,健康・医療 / 防災・安全,"目的
2011年の東日本大震災では、 地震のみならず、 津波や福島第一原子力発電所事故による被害も拡大し、人々
の暮らしに甚大な影響を与えた。発生から10年以上が経過した現在も、多くの避難者が各地に存在する。震
災後の長期的な避難生活や不慣れな土地での避難生活は、人々の健康状態に無視できない負の影響を及ぼし
ている可能性が高い。被災地や避難先で行われたアンケート調査によると、半数近くの回答者が健康に不安
を感じながら生活している（岩手県復興局2014, 2015(1); 東京都総務局 2017(2)など） 。本研究では、東日本大
震災を端緒とする避難生活が健康に与える長期影響について検証する。
行動医学や疫学研究において、東日本大震災や阪神淡路大震災の被災者や避難者の健康状態が悪化したこ
とが報告されている（尾崎 2012(3); 三重野ほか 2016(4); 本谷 2013(5)など）。これらの研究はいずれも、対象
期間が震災発生時およびその直後に限られていたり、分析対象を被害の大きい地域に限定したりしている。
本研究では、震災発生前後についてより長期的な期間を研究対象とする。また、47 都道府県の入院および外
来患者数と震災後の避難者数データを用いて、避難生活に伴う健康被害について考察する。それにより、現
在も続く復興取組に加え、頻発化・激甚化する自然災害の被災者支援につながる提言を目指す。
2. 研究の方法と手順
避難者の健康影響を分析するにあたり、本研究では後述する都道府","考察する。それにより、現
在も続く復興取組に加え、頻発化・激甚化する自然災害の被災者支援につながる提言を目指す。
2. 研究の方法と手順
避難者の健康影響を分析するにあたり、本研究では後述する都道府県レベルの患者パネルデータを用い
る。避難者数の増加に伴い病院の入院および外来患者数が増加するかを回帰分析によって仮説検証する。
地震や津波、原発事故により避難を余儀なくされた避難者は外生的に決定されたと言える一方で、避難先
の決定は避難先の社会経済的特徴や地理的特徴によって左右される可能性がある。たとえば、医療施設など
の社会福祉資本が充実した地域や居住環境が整った都心部への避難を優先する避難者は多い。被災地よりで
きるだけ離れた場所や高所への避難を希望する者も存在する。自治体が誘致するケースもある。一方、近接
避難先である東北 3 県（岩手県、宮城県、福島県）では、震災や津波の影響で医療施設の数が減少傾向にあ
り、十分な医療サービスを受けられない可能性も考えられる。こうした地域固有の特徴は、入院患者数およ
び外来患者数の決定要因ともなりうる。そこで本稿では、医療サービスの供給要因（一般病院数や一般病院
病床数）と需要要因（人口密度、男女人口比率、老年化率）および地域経済レベル（県民総生産）をコントロ
ールすることで、交絡要因の影響を取り除く。その他、観察不可能な地理的・文化的要因や、景気やマクロ
経済政策など時間を通じて推定値に影響を及ぼしうる要因については、 それぞれ都道府県の固",references/awards/text/2022/university-general/2022U5-shorei-02.txt,references/awards/notes/2022/university-general/2022U5-shorei-02.md
2022,paper,大学生・一般の部,審査員奨励賞,建物火災発生率予測モデルの構築および発生率の決定要因分析,猪田 尚希(横浜国立大学経済学部),,https://www.nstac.go.jp/sys/files/sites/3/static/statcompe/files/2022/2022U5-shorei-03.pdf,references/awards/raw/2022/university-general/2022U5-shorei-03.pdf,2026-08-17T07:54:07.486571+00:00,c3e77a573962c18367e0677dfe5d0d660fca8e2516bda3271227c288a1d99d67,2341510,2022U5-shorei-03,9,12206,相関分析 / パネルデータ / 空間分析 / 機械学習,防災・安全,"目的 
1.1.はじめに 
我が国では年間3 万件以上の火災が発生しており、消防白書によると2020 年 （令和2 年） には全国で34,691
件の火災が発生した。これは1 日当たり約95 件、15分ごとに1 件の火災が発生したことを意味する。このう
ち半分以上の19,365 件が建物火災、1,239 件が林野火災、3,466 件が車両火災、78 件が船舶火災、10,543 件
がその他火災（枯れ草など）にあたる1。 
一方、火災の発生数には明確な地域差が見られ、2019 年（平成 31 年・令和元年）において、人口 10 万人
当たりの火災発生数（以下、出火率）は、最も高かった山梨県が44.3 件だったのに対し、最も低かった富山
県では 18.2 件と、人口当たりで 2 倍以上の差が存在する。人口 10 万人当たりの建物火災発生数（以下、建
物出火率）に限定しても、最も高かった青森県が 23.0 件だったのに対し、最も低かった石川県が 11.6 件と
大きな開きがある2。東京都が高い一方、京都府や神奈川県が低いなど、必ずしも都市部と地方で分けられる
ものでもない。 
今回、 統計データを基に都道府県の建物出火率を予測するモデルを作成し、建物出火率の地域差が生じる原
因を検討した。建物火災に限定したのは、火災の種類ごとに発生メカニズムが大きく異なるためである。 
地域特性と建物出火率の関係性を分析した先行研究として、早坂・中林（2005）による東京都板橋区を対象
にした研究3や","考察する建物出火率を決定する要因 
1 点目のポイントとして、「可住地面積 1 ㎢当たりの人口密度【人】」や「第 2 次産業事業所構成比【％】」、
「15 歳未満人口割合【％】」と負の相関を、「高齢単身世帯の割合【％】」や「住宅の敷地面積（1 住宅当たり）
【ｍ2】」と正の相関を示すなど、全体的に都市部よりも農村地域、いわゆる「地方」で建物出火率が高いこと
を示唆する結果になっている。 
2 点目のポイントとして、仮説とは大きく異なる点も一部見られ、喫煙率や犯罪発生率といった、直感的に
建物出火率に影響を与えそうな説明変数が実際に与える影響は、 （地域の人口構成や産業構成などに比べて）
相対的には小さくなっている。 
 
5.2.建物火災が起きやすい地域を視覚的に確認する 
図 8～11 は、オープンソース GIS ソフトウェアである QGIS を使用し、建物出火率および今回の LightGBM
における SHAP 値上位3 位であった「高齢単身世帯の割合【％】」 、 「可住地面積1㎢当たりの人口密度【人】」、
「第 2 次産業事業所構成比【％】」の数値を日本地図上に図示したものである。色が濃い地域ほど数値が高く、
薄い地域ほど数値が低いことを示している（ 「可住地面積1 ㎢当たりの人口密度」のみ自然分類、その他は等
間隔分類）。なお、 この図からもわかる通り、「高齢単身世帯の割合 【％】 」 と 「第2次産業事業所数構成比 【％】 」
の間には一定の相関がみられた (R=-0.",references/awards/text/2022/university-general/2022U5-shorei-03.txt,references/awards/notes/2022/university-general/2022U5-shorei-03.md
2022,paper,大学生・一般の部,審査員奨励賞,"味覚から眺める地域別「ふるさとの味」 -関西が薄味,関東が濃い味は本当なのか",大塩 浩輝(東京理科大学経営学部),,https://www.nstac.go.jp/sys/files/sites/3/static/statcompe/files/2022/2022U5-shorei-04.pdf,references/awards/raw/2022/university-general/2022U5-shorei-04.pdf,2026-08-17T07:54:07.486571+00:00,dc38ffbf3df97ad38701a16b4d395cb85352ca3c2c2e168302b5d7cc43fbf2f4,890490,2022U5-shorei-04,9,9247,記述統計・可視化 / 重回帰 / 時系列,,"目的
 日本は古くから， 地域ごとに多種多様な食文化を育んできた．「お雑煮」 のつくり方が地方によって全
く違うことは， その最たる例といえよう．そのような中で， 最も耳にする違いの一つが， 「関西は薄味だ
が，関東は濃い味」だろう．実際，インターネットで「関西 関東 味」などと検索をかけると，いろ
いろな違いを知ることができる．その理由として，歴史的背景を説明したり，地域の特産物・気候の特
徴を挙げたりして説明を試みることは十分可能だが，データとして分析することはできないだろうか，
という純粋な興味が生まれた． 
 地域による味に関する研究は，数多く行われている．例えば，的場（2005）は東海道に沿ってうどん
のだしを分析し，食塩濃度・グルタミン酸濃度などの分析やアンケートから関西のだしは薄く，関東の
だしは濃い味であると述べている(1)．これを一般的な料理や家庭においても言えないだろうか． 
 しかし， ここで問題が生じる． それは， 「味が濃い」 という言葉自体の定義である． 広辞苑第６版によ
れば， 
こ・い【濃い】 
③密度が高い
イ． （味・香・化粧などが）淡泊でない．濃厚である．
とある （一部省略） ． 一方で，味は一般的に塩味， 甘味， 酸味， 苦味から構成される（これにうまみを加
える場合もある） ． 以上から， 濃い味とはどのような味であるか， どのようなパラメータで味の濃さを測
ることができるのかが明確に決まっているわけではない．そこで，今回は分析のしやす","考察をすることにする． 
 以上から， 本論文のテーマは， 「地域別に見た味の違い」である． また，目的は， 具体的なデータ分析
を通じてそれらの違いを説明することだ． 
2. 方法と手順
第２節では，分析手法に関して述べる． 
2.1 分析方法 
 今回は，典型的な分析手段である回帰分析を行う．地域に依存したダミー変数を都道府県ごとに付与
し，それらを説明変数として食塩の消費量，調味料中に含まれる食塩の消費量，および砂糖の消費量を
1

説明することを試みた．例えば，都道府県と食塩の消費量について，都道府県に与えられたダミー変数
𝑋𝑖の平均及び標準偏差がX̅,  σX，食塩の消費量𝑠𝑖の平均がs̅，共分散がσX,sであたえられるとき， 
β0 = s̅ − β1X̅, β1 = σX,s
σX
2 
として 
𝑠 = β0 + β1𝑋 
という線型回帰ができることを用いた． 
 
2.2 分析手順 
 まずは，一人当たりの食塩購入金額，一人当たりが調味料から摂取する塩分量および一人当たりの砂
糖購入金額それぞれを都道府県に付与したダミー変数を説明変数として回帰分析を行った． 
 つづいて，食塩に関するデータと砂糖のデータの比較を行うため，平均値と標準偏差によって標準化
し，また新たな回帰を行った．これを行った理由は，食塩と砂糖では単純な比較ができないためである
（より詳しくは，3.1 使用データで述べる） ． 
 以上が分析の手順である．下に，表１として分析をまとめた．",references/awards/text/2022/university-general/2022U5-shorei-04.txt,references/awards/notes/2022/university-general/2022U5-shorei-04.md
2022,paper,大学生・一般の部,審査員奨励賞,日本の電力需要量の影響調査,北村 宙士、杉澤 直斗(名古屋大学大学院創薬科学研究科),,https://www.nstac.go.jp/sys/files/sites/3/static/statcompe/files/2022/2022U5-shorei-05.pdf,references/awards/raw/2022/university-general/2022U5-shorei-05.pdf,2026-08-17T07:54:07.486571+00:00,e6154be320560606d803825f03de45eba4e1a117cf5a86355866756a4c7ee094,887048,2022U5-shorei-05,9,8662,相関分析,環境・エネルギー,"目的 
電力不足問題は日本のみならず世界が抱える重要課題である。実際、電気は人の生活とは切り離せないもの
になってきており、現在ではエネルギー消費量の内の４分の１以上を占めている[1]。昨今の新型コロナウイル
ス感染症の流行により、一時的に電力需要量は低下したものの、現在は以前の水準まで戻りつつある（図 1）
[2]。
図 1. 日本の電力需要量 
筆者の身の回りで電力を消費しているものとして挙げられるのはエアコンである
。特に夏季は家庭における
家電製品の電力消費量の約３分の１を占めることが知られている[3]。さらに今年は、経済産業省から初めて
電力逼迫注意報が発令された[4]。気象庁によると、例年よりも早く梅雨が明けたことが明らかになっており 
[5]、気温が急激に上昇し、エアコンの稼働率が上昇したことが原因であると考えられる。この推察に基づく
と、より暑いまたは寒い地域ではエアコンを頻繁に使用することで電力消費量が増大すると考えられる（図
2） 。すなわち、天候、特に各地域の気温が電力需要量に対して影響を及ぼしていると考えられる。また、現在
深刻化する電力不足を解決するにあたって、電力を必要としない地域に対して過剰に電力を供給し続けるのは
電力の損失となってしまうため、適切に電力を供給することが重要であると考えた。
そこで本論文では、電力不足という問題を解決するにあたり、電気需要量が実際
にどんな要素に依存してい
るのかを統計的に解析することで、電力不足となりうる要素をもつ","考察し
ている。 
⊡「天気（気温、降水日数） 」 
冒頭でも言及した天候の影響に関しては、 あまり大きくないと示唆された。 特に年平均気温については、 ほ
とんど電力需要量に影響を及ぼしていないと読み取ることができる。 このことから、 電力需要量は地域の気候
よりもむしろ人口に依存している、すなわち人ひとりあたりの電力使用量は地域に寄らない可能性があるこ
とが示唆された。 一方で、 これは仮説にすぎないが、 年単位での平均気温を用いたことで、 本来特徴的な値を
示すはずであった変数が平均化されてしまったことも考えられる。この検証に関しては月次データを用いる
ことで達成できると考えられるが、データの増大による計算時間の増加が懸念される。 
⊡その他の変数 
その他変数として比較的大きいのは「一般病院数」である。これは、 「総人口」と相関がある変数であるた
め、その影響が見られていると考えられる。 
以上に挙げられていない変数に関しては、ほとんど電力需要量に影響を及ぼしていないものと考察した。 
 
・予測値の解釈 
続いて表 5 の予測値、 実測値、 誤差に着目すると、 愛知県、 三重県、 茨城県において負の方向への非常に大
きな誤差が見られた。 愛知県では予測値に対して実測値が大きく下回っており、 予測よりも多くの電力を必要
としていると考えられる。割合にして約 10%の誤差になっている。日本において愛知県が突出しているもの
として、 自動車産業を挙げることができる。 三重県で",references/awards/text/2022/university-general/2022U5-shorei-05.txt,references/awards/notes/2022/university-general/2022U5-shorei-05.md
2022,paper,大学生・一般の部,審査員奨励賞,周辺環境からみた新型コロナウイルス感染症の要因分析,桑名 聖人、松岡 一樹(早稲田大学政治経済学部),,https://www.nstac.go.jp/sys/files/sites/3/static/statcompe/files/2022/2022U5-shorei-06.pdf,references/awards/raw/2022/university-general/2022U5-shorei-06.pdf,2026-08-17T07:54:07.486571+00:00,7c5e81083c6cc9f8bf1c17b7ef6edf1d69fc99a6689e6e7b53f4bfe76635ac45,653021,2022U5-shorei-06,9,14234,記述統計・可視化 / 相関分析 / 重回帰 / パネルデータ / 時系列 / 検定 / 因果推論,環境・エネルギー,"はじめに 
 新型コロナウイルス感染症の感染者は、 2020 年 1 月 15 日に神奈川県で初めて確認され(1)て以降指数関数
的に増加していき、2022年 8月 31 日時点で日本国内では 1870万人を超えた(2)。約 100年前に世界中で流行
したスペイン風邪の感染者数は日本国内で 2300万人前後と言われており(3)、統計上記録されている中では日
本最大のパンデミックであったと言われている。新型コロナウイルスの感染者数は現時点でそのスペイン風
邪の感染者数の 8 割を超え、流行は未だ終息の兆しが見えていない。このパンデミックが続く限り、経済活
動の停滞・誤情報の拡散・医療の崩壊など様々な悪影響が日本社会にもたらされ続けることは確実である。
そのため、新型コロナウイルス感染症の拡大がいかなる環境要因によって引き起こされ、どのような政策に
よって抑えることができるのか分析することの社会的意義は大きいと考えられる。 
 新型コロナウイルス感染症の感染拡大に関する要因分析は、パンデミックに入った 1年目の 2020年の時点
から行われており、種々の説明変数を用いて感染者数に回帰する分析が主流となっている。（吉岡,2021）
(4)
は 2020 年 11月 5 日までの各都道府県の累積感染者数を用いて、環境面から見た要因分析を行っている。ま
た、（井上・沖本,2022）(5)は新規感染者数と人流の関係を特定するため、Google COVID-19 Community Mobil","考察、5章で結果の
貢献や政策的含意、および本研究の限界について述べる。 
 
２． 説明変数とデータ 

2 
 
本研究では、人口 10万人当たり新型コロナウイルス感染者数を説明するための回帰モデルに基づいて説明
変数を選択した。吉岡（2021）によると、感染者数の回帰モデルは以下の式(1)で表される。 
 𝑌ൌ𝑓 ሺ𝑥ଵ, 𝑥ଶ, 𝑥ଷሻ ൅𝜀 (1) 
𝑌は被説明変数である人口 10万人当たり新型コロナウイルス感染者数、𝜀は誤差項を表す。𝑥ଵは自然要因であ
り、各都道府県の気象条件の違いが感染者数に与える影響を表すものである。 𝑥ଶは社会要因であり、社会環
境の違いや変化が都道府県ごとの感染者数に与える影響について表す。𝑥ଷは個人要因であり、1人当たり住宅
面積や世帯当たりエアコン普及率など家庭における個人環境の違いが各都道府県の感染者数の増減に与える
影響を示す。このうち𝑥
ଷの個人要因に関しては、今回の分析に用いられる月次のデータを収集することが難
しく、分析の対象外とした。本研究が、家庭内感染の要因分析よりも、人々が外出時に直面する様々な感染
の要因についての詳細な分析に重心を置いていることもその理由の一つである。そのため、今回は 𝑥
ଵの自然
要因と𝑥ଶの社会要因の二つの領域から説明変数を選択し、分析に用いた。 
 次に、各説明変数の出典とデータの変換方法について以下の表 1 に示す。 
 使用したデータは全て日本の 47都道府県についての月次データとなっており、",references/awards/text/2022/university-general/2022U5-shorei-06.txt,references/awards/notes/2022/university-general/2022U5-shorei-06.md
2022,paper,大学生・一般の部,審査員奨励賞,市町村予算から見る社会増減の時系列要因分析,佐々木 孝広、鈴木 真生、横井 智広、山下 俊介、片岡 龍太郎(株式会社日経リサーチ ソリューション本部),,https://www.nstac.go.jp/sys/files/sites/3/static/statcompe/files/2022/2022U5-shorei-07.pdf,references/awards/raw/2022/university-general/2022U5-shorei-07.pdf,2026-08-17T07:54:07.486571+00:00,2b79dad6e37ada38584d865f0096c7fcb28c5032d32ec188f913d5a3e60ff5b7,831485,2022U5-shorei-07,9,12090,時系列 / 主成分分析 / 機械学習,,"目的 
 
2022 年 4 月 1 日、人口減少が進む「過疎地域」に 65 の市町村が追加され計 885 市町村となり、全国
(東京 23 区を除く)の半数を超えた(1)。過疎地域が全市町村の半数を超えたのは、過疎に関する法律が制
定された 1970 年以来初めてのことである。「過疎対策の現況」(2)によると、過疎地域の人口は全国の 8.2%
にすぎないが、過疎地域の面積は国土の約 6割を占めている。地方の人口減少は行政サービスの維持が
できなくなるのに加え、地域コミュニティの衰退や農林水産業の担い手不足など、数多くの問題を引き
起こす。また、人口の移動について、「情報通信白書」
(3)では、2003 年から 2013 年までの就業者数は東
京圏のみ著しく増加しており、その原因として魅力的な就業機会が地方に不足していることをあげてい
る。より良い就業先を求めて若者が東京圏に移動すると、働き手の不足が起こり、地方の行政サービス
の悪化や農林水産業などの生産機能の悪化につながるため、都市圏への人口流入は是正される必要があ
る。 
人口増減は、自然増減と社会増減の二つに分類される。自然増減は死亡数と出生数の差、社会増減は
流出数と流入数の差によって表され、出生数が死亡数よりも多い場合は自然増、流入数が流出数よりも
多い場合は社会増となる。自然増減の現状について人口動態統計月報年計
(4)をみると、出生数は 1949 年
の 269 万人をピークに、2016 年以降は 100 万人を下","まとめ
たものである。 
表 1：各予算項目の概要と要約統計量 
予算項目名 概要 平均 標準偏差 最小 最大 
議会費 議員の給与や議事堂建設費など議事運営に必要な経費 3.70 2.23 0.87 11.16 
総務費 各種の行政活動に共通的な管理費 46.29 19.46 25.44 169.94 
民生費 地域住民の一定の生活水準の維持ないしは向上を目的とした経費 119.85 45.57 47.03 289.65 
社会福祉費 民生費のうち、重い病気をもった方々などへの支援のための経費 31.60 10.82 13.22 65.38 
老人福祉費 民生費のうち、老人医療費など高齢者福祉のための経費 22.76 7.09 10.02 50.67 
児童福祉費 民生費のうち、子育てをしている方々への支援のための経費 45.91 15.44 17.88 83.76 
生活保護費 民生費のうち、生活に困っている方々への支援のための経費 19.51 26.58 0.00 125.39 
災害救助費 民生費のうち、災害見舞金や地域の防災力向上のための経費 0.07 0.48 0.00 6.98 
衛生費 医療対策、衛生対策、ごみ処理施設などの整備運営に要する経費 34.62 12.71 19.70 104.18 
労働費 職業訓練や失業対策などのための経費 0.99 1.51 0.00 19.12 
農林水産業費 生産基盤の整備や農用地及び漁場等の汚染対策等に要する経費 8.71",references/awards/text/2022/university-general/2022U5-shorei-07.txt,references/awards/notes/2022/university-general/2022U5-shorei-07.md
2022,paper,大学生・一般の部,審査員奨励賞,欠測値を含むパネルデータを用いた健康寿命の要因分析,高須 尚哉、近藤 雅哉、山中 美幸、丹羽 美歩(南山大学総合政策学部),,https://www.nstac.go.jp/sys/files/sites/3/static/statcompe/files/2022/2022U5-shorei-08.pdf,references/awards/raw/2022/university-general/2022U5-shorei-08.pdf,2026-08-17T07:54:07.486571+00:00,a3414d6818d0cb99f8fce2ada74d3034eb7dcf2329f54aeaa8eadf4dcf828896,2008852,2022U5-shorei-08,9,8396,記述統計・可視化 / 相関分析 / 重回帰 / パネルデータ / 検定 / 因果推論,健康・医療,"目的
近年、医療の発達とともに世界的に平均寿命が伸びている。内閣府の「令和 3 年版高齢社会白
書」1 では日本の高齢化率は 28.8%となっており、人数に直すと 3,619 万人いると示されてい
る。日本の総人口の約３割を占める高齢者は世代で人口が異なり、前期高齢者年齢である 65~74
歳人口は 1747 万人、後期高齢者年齢である 75 歳以上人口は 1872 万人となっており、後期高齢
者人口が前期高齢者人口を上回る。厚生労働省の e-ヘルスネット 2 によると、平均寿命と健康寿
命の差は男性において約９年、女性においては約 12 年であり、「2001 年と比べても、平均寿命
と健康寿命は男女ともに延伸しているが差は縮小していない」とも述べられている。 これは平均
寿命と健康寿命が年々伸長する中で、持病や加齢により寿命そのものは伸び ているものの、過去
と比較して健康的な生活を送る事が出来ない期間が長い人が増えていると考えられる。この状態
で日本における最大の社会問題の一つである超少子高齢社会が続けば、年金問題や老後の資産問
題も現在より更に深刻になるだろう。就業年数についても、一般的に 60 歳であった定年退職年
齢が、2021 年の高齢者雇用安定法の改定により、65 歳までの雇用確保の義務化、70 歳までの高
年齢者の就業機会の確保が努力義務として定められた。また、図 1 の平均寿命の推移については
緩やかではあるものの、今後徐々に伸び続けていくと予想されている。その","考察 
 まず、男女ともに符号が一致し、統計的に有意であった変数として医療費・多目的運動広場
数・酒類消費・降水日数がある。医療費は仮説と同様に負で有意となった。医療技術の向上な
どにより平均寿命・健康寿命は年々延伸してきてはいるが、加齢に伴って慢性的な疾病に罹る
リスクが高まることから、歳を重ねる毎に自然と医療費がかかる様になり、その結果として医
療費では負の結果になったと考えられる。次に、多目的運動広場数について、これまで多くの
研究において運動・スポーツが健康寿命、平均寿命に与える影響は大きいとされており、本研
究においては多目的運動広場数という施設の数に注目して運動と健康寿命の関係を分析した結
果、正に有意という結果が得られた。昨今、ボール遊び禁止の公園の増加等から近所の公園で
ボールを使用したスポーツをすることは難しい状況にある人々が多い中で、身近に手軽に利用
することの出来る多目的運動広場が増えれば、運動を通じた家族・友人との交流や個人が習慣
的な運動を行う事が容易となり、健康寿命の延伸にとって良い影響をもたらすのではないだろ
うか。逆に、一般的な通説として健康寿命に悪影響を与えるとされている酒に関する変数であ
る酒類消費量については、本研究においても推定値に負の符号が現れたことから、健康寿命の
延伸の為には酒類の摂取量を減らすことは重要であると言える。また、降水日数について、仮
説における降水日数が多ければ運動する機会が減少し、健康寿命に負の影響を与えるという予
想",references/awards/text/2022/university-general/2022U5-shorei-08.txt,references/awards/notes/2022/university-general/2022U5-shorei-08.md
2022,paper,大学生・一般の部,審査員奨励賞,日本の出生率に関するパネルデータ分析 ―男性の育児参加と女性社会進出の重要性―,中根 智樹(同志社大学経済学部),,https://www.nstac.go.jp/sys/files/sites/3/static/statcompe/files/2022/2022U5-shorei-09.pdf,references/awards/raw/2022/university-general/2022U5-shorei-09.pdf,2026-08-17T07:54:07.486571+00:00,2f7c9e6c9e0ef6ee25093950fa016ed27894d414e978609b95e495bf7f02d4b6,1055988,2022U5-shorei-09,8,10998,記述統計・可視化 / 相関分析 / 重回帰 / パネルデータ / 時系列 / クラスタリング / 因果推論,,"はじめに
 
1.1 目的 
日本の合計特殊出生率は1989 年の 1.57 ショック以降も減少し続け、2005 年に底を打ち回復したが、
2015 年以降また減少を始めている（図１）。出生率の低下要因として挙げられるのは未婚率の上昇、晩
婚化、教育コストの上昇、女性の所得上昇や女性の社会進出による出産の機会費用の発生などである。 
実際に日本の出生率の実証分析を行った高山他（2000）(1)、 阿部、 原田（2008）(2)や足立、 中里（2017）
(3)では女性の賃金が負の影響を及ぼしていることを実証しており、女性の社会進出による機会費用の発
生が出生率の減少要因だとしている。
しかし、近年その傾向は変化していることをDoep
ke 他（2022）(4)は主張しており、収入の大きな国々
では女性の社会進出は正の効果を持つようになってきたことを指摘している。Doepke 他（2022）は先進
国の出生率の新たな決定要因として家族政策、協力的な父、社会規範の変化、そして柔軟な働き方を挙
げている。 
そこで、本研究では女性の賃金や失業率などの先行研究にある説明変数に加え、女性の社会進出と、
協力的な父の指標として男性の育児時間の合計特殊出生率への影響を分析する。 
図 1 日本の合計特殊出生率の推移（R を用いて作成） 
1.2 先行研究 
代表的な理論モデルの先行研究として、 出生率の決定要因をモデル化したBecker（1960）(5)やWillis
（1973）(6)がある","結論付けた。 阿部、 原田 （2008）は重み付きで操作変数法を使用し、
被説明変数に合計特殊出生率をとり、説明変数に所得、女性賃金、地価、通学者数対15～24 歳人口、そ
して保育所の制約を置いた。その結果、すべての変数は有意で負であった。十万人未満の都市に絞った
ところも同様の結果が出た。足立、中里（2017）は都道府県データを用いて出生率の決定要因を分析し
た。その結果、OLS と WLS では生涯未婚率の上昇と女性賃金の増加が出生率に負の影響をもたらしてい
ることがわかった。 一方、 女性の社会進出や晩婚化が出生率を低下させるという効果は見られなかった。
加藤（2017）はLutz 他（2006）(8)が固定効果モデルを用いて出生率減少の要因に人口密度が寄与してい
ることを示したことを参考に、 日本で人口密度が合計特殊出生率にどのような影響を持つのかOLS とWLS
を用いて実証した。その結果、負の影響を持つことを実証している。近藤（2014）(9)は不況による失業
率と出生率・既婚率への影響を都道府県パネルで分析した。その結果、失業率は合計特殊出生率に負の
効果を与えることがわかった。しかし、係数の大きさが時系列で見た失業率と合計特殊出生率の変動と
比較して小さかった。さらに、データの期間を分割すると結果が安定しないことがわかった。符号が変
化する訳では無いが、1985-1990 と1995-2000 は統計的に有意な相関が見られなかった。 
これらの先行研究の課題は、",references/awards/text/2022/university-general/2022U5-shorei-09.txt,references/awards/notes/2022/university-general/2022U5-shorei-09.md
2022,paper,大学生・一般の部,審査員奨励賞,大学進学率の決定要因における地理的異質性に関する分析,納家 享佑、河野 暁光、千田 琢真(東北大学大学院経済学研究科),,https://www.nstac.go.jp/sys/files/sites/3/static/statcompe/files/2022/2022U5-shorei-10.pdf,references/awards/raw/2022/university-general/2022U5-shorei-10.pdf,2026-08-17T07:54:07.486571+00:00,111e093a1d1b4ff6907ccfa55cd979c639ef7aa9ebfe46d1a2698ce7cb315162,2396124,2022U5-shorei-10,9,10968,相関分析 / 重回帰 / 時系列 / 空間分析 / 検定 / 因果推論,教育,"目的
大学進学率は年々増加しており、令和 3 年度の大学進学率は文部科学省の学校基本調査によると過去最高
の 54.9%であった。しかしながら、大学進学率には依然として大都市圏と地方の間に格差が存在しており
(豊田 2019 (1))、格差是正に向けた対策が求められている。このような課題を抱える中で、進学率の地域間
格差に関してはこれまで様々な研究がなされてきた。豊田(2019)(1)は重回帰分析を用いて、各都道府県の大
学進学率を規定する要因を分析し、大学立地の偏在によるアクセシビリティの差異と地域の学歴別人口構成
が地域格差に強く作用していると結論付けた。また、松本(2019)(2)ではマルチレベルモデルを用いること
で、市区町村単位でより詳細な進学率に対する要因分析を行った。しかしながら、進学率などの社会現象は
空間的に同質ではなく、地理的空間効果と呼ぶべきものに影響される( 鎌田・岩澤 2009
(3))。本研究で用い
るデータも空間的な自己相関が認められるため、マルチレベルモデルでは正確に地域毎の大学進学率に対す
る説明要因を捉えられない可能性がある。そこで本研究では空間統計分析の手法の一つである、地理的加重
回帰法(Geographically Weighted Regression 以下、GWR)を用いる。GWR は回帰モデルによって推定され
た係数が地域によって異なると仮定したローカルな回帰モデルに、条件付きカーネル回帰法を空間的に拡張
したモデルである(中谷 2","結論付けた。また、松本(2019)(2)ではマルチレベルモデルを用いること
で、市区町村単位でより詳細な進学率に対する要因分析を行った。しかしながら、進学率などの社会現象は
空間的に同質ではなく、地理的空間効果と呼ぶべきものに影響される( 鎌田・岩澤 2009
(3))。本研究で用い
るデータも空間的な自己相関が認められるため、マルチレベルモデルでは正確に地域毎の大学進学率に対す
る説明要因を捉えられない可能性がある。そこで本研究では空間統計分析の手法の一つである、地理的加重
回帰法(Geographically Weighted Regression 以下、GWR)を用いる。GWR は回帰モデルによって推定され
た係数が地域によって異なると仮定したローカルな回帰モデルに、条件付きカーネル回帰法を空間的に拡張
したモデルである(中谷 2004
(4))。 
 以上の議論を踏まえて本研究では、大学進学率に対して市区町村毎に係数を推定し、地域 毎の大学進学率
の説明要因を明らかにする(研究目的①)。さらにその結果を用いて地方自治体や行政に対する施策の提言を
行う(研究目的②)。 
2. 研究の方法と分析手順
本研究で用いる地理的加重回帰法は、係数が地域毎に異なると仮定した回帰モデルに条件付きカーネル回
帰法を空間的に
拡張したモデルである(中谷 2004 (4))。通常の回帰モデルに位置(空間座標)変数を導入し、
回帰モデルの係数の推定に空間的加重をかけることで、係数の空間的なばらつ",references/awards/text/2022/university-general/2022U5-shorei-10.txt,references/awards/notes/2022/university-general/2022U5-shorei-10.md
2022,paper,大学生・一般の部,審査員奨励賞,地域格差から見る人口移動,野村 京加(名古屋市立大学経済学部),,https://www.nstac.go.jp/sys/files/sites/3/static/statcompe/files/2022/2022U5-shorei-11.pdf,references/awards/raw/2022/university-general/2022U5-shorei-11.pdf,2026-08-17T07:54:07.486571+00:00,9e514e8017016e8069af71cd19d7cbac0913bf6a767f7b665d2940ae01cd5042,528920,2022U5-shorei-11,5,5751,検定,人口・移住,"目的 
日本では長年、東京一極集中といった都市部にヒト・モノ・カネが集まる問題がある。反対に地方で
は、ヒト・モノ・カネが流出し、格差は拡大している。モノ・カネの都市部への集中は人口集積に起因
する。そこで、本論文では特に「ヒト」に着目し、移住について分析する。都市部に人口が集中するこ
との問題点として、都市部での地価の高騰や交通渋滞、地方の過疎化や産業の衰退がある。都市部の発
展は促進されるという利点がある一方で、所得や労働生産性が低い地方から、都市部に人口が流出し、
結果、地方の過疎化や地方における産業の衰退が誘発される、すなわち、賃金格差、教育格差、労働生
産性格差という地域格差が生まれる。地方から都市部への人口流出は地域格差の一つの要因であり、取
り組まなければいけない問題である。そこで、地方から都市部への人口流出の要因を明らかにするため
に、県をまたぐ移住について分析をする。教育機会の格差や、労働機会の格差という地域格差のデータ
として、県内総生産・有効求人倍率・高校卒業後の進学率・大学数・専修学校数・短期大学数をとりあ
げる。地域格差を表すデータの他に、都道府県間距離も移住要因に含んだ。 
日本における人口移動の要因について分析した先行研究には、落合(2015)、當麻(2016)がある。 落合
(2015)は、人口移動の要因が労働生産性の地域格差にあると考え、1975 年から 2009 年にかけての都道府
県間の移動確率が労働生産性地域格差により決定されているかについ","結論を述べる。 
 

2 
 
２．研究の方法と手順 
 本論文は、都道府県をまたぐ移住とその要因について、ロジットモデルを用いて分析する。推定式
は、 
 
ln ൬
ா೔ೕ,೟
ா೔೔,೟
൰ൌ𝛼 ௜௝,௧ ൅𝛽 𝑟 𝑒 𝑐௜,௧ ൅𝛾 ൫ 𝑋௝,௧ െ𝑋 ௜,௧൯൅𝛿 𝐷 ௜௝ ൅𝑦 𝑒 𝑎 𝑟௧ ൅ 𝑝𝑟𝑒𝑓𝑒𝑐𝑡𝑢𝑟𝑒௜ ൅ 𝑝𝑟𝑒𝑓𝑒𝑐𝑡𝑢𝑟𝑒௝ ൅𝑢 ௜௝,௧ （ 1 ） 
 
と表される。 
𝐸௜௝,௧は𝑡年の都道府県𝑖から都道府県𝑗への移住者数、𝑟𝑒𝑐௜,௧は𝑡年の都道府県𝑖の高校卒業後の進学率、𝑋௜,௧
は𝑡年の都道府県𝑖のその他の移住要因の変数、𝐷௜௝は都道府県間距離、𝑦𝑒𝑎𝑟௧は年ダミー、𝑝𝑟𝑒𝑓𝑒𝑐𝑡𝑢𝑟𝑒௜は移
住前都道府県ダミー、𝑝𝑟𝑒𝑓𝑒𝑐𝑡𝑢𝑟𝑒௝は移住先都道府県ダミー、𝑢௜௝,௧は誤差項を表す。なお、移住要因であ
る高校卒業後の進学率は、移住前都道府県での進学率が移住に影響することから、高校卒業後の進学率
は移住前都道府県のものを用いる。その他の移住要因について、地域格差を考慮するため差を用いた。 
 
 
３．データセットの加工 
都道府県間の移住確率として、(2)式で表される、都道府県𝑖から都道府県𝑗への移動確率を都道府県𝑖か
ら都道府県𝑖への移動確率で割ったものの対数を使用する。以降、これをオッズ比と呼ぶ。データは総務
省「住民基本台帳人口移動報告」から取得した。 
 
 l n ൬
௣೔ೕ,೟
௣೔೔,೟
൰ൌ ln ൬
ா೔ೕ,೟/",references/awards/text/2022/university-general/2022U5-shorei-11.txt,references/awards/notes/2022/university-general/2022U5-shorei-11.md
2022,paper,大学生・一般の部,審査員奨励賞,操作変数法を用いた精神疾患の要因分析,増田 涼音、加藤 風歌、杉原 朱音、杉山 巧(南山大学総合政策学部),,https://www.nstac.go.jp/sys/files/sites/3/static/statcompe/files/2022/2022U5-shorei-12.pdf,references/awards/raw/2022/university-general/2022U5-shorei-12.pdf,2026-08-17T07:54:07.486571+00:00,8e5517f1ba641d32d5bd5d2ae06a9002c95634729eb4f4aac810eed502f328b2,627051,2022U5-shorei-12,9,12157,記述統計・可視化 / 相関分析 / 重回帰 / パネルデータ / クラスタリング / 因果推論,健康・医療,"はじめに 
日本における自殺者数は1997 年から1998 年にかけて顕著に増加し、その後2009年から 2014年には減少
しているが、依然として自殺は日本における深刻な社会問題である。(1) また、現代社会は少子高齢化に伴
い労働力が減少している上、労働環境問題によって離職や失業を選択する労働者が存在する。そのため、日
本の労働力を確保するためには、自殺者数の増加を抑制する対策が必要であると考える。自殺の大きな要因
には、精神疾患が挙げられ、精神疾患を引き起こす原因には労働環境や地域の社会環境など周りの環境が大
きく影響を与えていると考える。ゆえに、精神疾患の要因を明らかにすることができれば、自殺率を減少さ
せることができると考える。そして、自殺の要因をデータ分析によって理解することは、自身だけでなく周
りの人々の自殺を引き止めることが可能になると考える。藤本・横山(2016) (2) によると、自殺の決定要因
を探る分析の課題は客観的な判断材料を示す点にあり、自殺要因は一つに集約できず、複合的な効果を持つ
ことでうつ病となり、自ら命を絶つ。また、中澤(2010) (3) によると、自殺率は個人の内面だけに原因を結
び付けることはできず、自殺の原因となるストレス、プレッシャーを強いるような社会のあり方も考慮する
必要がある。そのため、個票データではなく、都道府県別のパネルデータを用いることで、精神及び行動の
障害推計患者の外来受療率や自殺率に影響を与える要因を客観的に捉えるこ","まとめた。 
表 1 各説明変数の精神及び行動の障害推計患者外来受療率に対する正負の仮説 
 
社会経済 自然 健康 
説明変数 離婚率 刑法犯認知件数 離職率 雪日数 降水量 成人喫煙率 精神病床数 
正負 － ＋ － ＋ ＋ ＋ ＋ 
 
また、これらの説明変数(離職率を除く)は上記の理由から外来受療率に何らかの影響をもたらすと考えら
れるため、操作変数法の外生変数として用いる。 
外来受療率と離職率の間には同時決定が起こると考えられるため、操作変数法の内生変数を離職率とした。
外来受療率と離職率との関係は2 つ考えられる。1 つ目に、職に対して何らかのストレスを持つことで精神
疾患を引き起こし、離職を選択すると考えられる。2 つ目に、離職による環境の変化がストレスとなり、精
神疾患を引き起こすと考えられる。そのため、係数の偏りをなくし、因果を明らかにするために内生変数と
して設定した。 
操作変数には、一般求職者給付受給者実人員割合と有効求人倍率を使用した。一般求職者給付受給者実人
員割合が増加することにより、離職時の充実した失業等給付を理由に離職を決意する人数は増加すると考え
る。そして、有効求人倍率も離職を決意する上での重要な指標であり、有効求人倍率が増加すると、離職率
は増加すると考える。ゆえに、これら２つの変数は離職率との相関を持つが、精神疾患には直接的に関係し
ない変数であると考えられる。また、離職率の持つ内生性を考慮した際の外来受療率を捉える必要性がある
と考え",references/awards/text/2022/university-general/2022U5-shorei-12.txt,references/awards/notes/2022/university-general/2022U5-shorei-12.md
2022,paper,大学生・一般の部,審査員奨励賞,幸福度の年代別決定要因の比較,三原 龍、内野 宏紀、小島 慈子、八木 真大朗(青山学院大学経済学部),,https://www.nstac.go.jp/sys/files/sites/3/static/statcompe/files/2022/2022U5-shorei-13.pdf,references/awards/raw/2022/university-general/2022U5-shorei-13.pdf,2026-08-17T07:54:07.486571+00:00,9eed2b363d005f12c3c486e0570b8278708d1dff145f88a1eab66a8522b8cbb7,1199073,2022U5-shorei-13,9,17521,相関分析,,"目的 
「幸福とは一体何か。 」 誰しもが一回はこのような疑問を抱いたことがあるだろう。 幸福かと聞かれて
も、今自分が幸福であるということを常々感じているわけではない。これまで多くの人々の頭を悩ませ
てきた問題である。 
一般的に幸福度を考える際に、所得が大きく関係しているように思われるが、 Easterlin(1974)の実証
結果で得られた「幸福のパラドックス」では、経済成長によって一人当たりの所得が増加しても、ある
一定の水準を超えると一人当たりの所得の伸びと幸福度の伸びが明確な相関を持たなくなることが示さ
れている。 幸福のパラ ドックスが 起きる有 力 な説明とし て、Easterlin(1974) の相対 所得仮説 と
Helson(1974)の順応水準理論がある。相対所得仮説では、所得が絶対的に増加しても他者との相対的な
位置付けが上昇していなければ、幸福度は上昇しないというもので あり、順応水準理論では、所得が上
がった際に一時的に幸福度は上昇するが、その状況に慣れてしまうと、幸福度は元の水準にまで低下し
てしまうというものである。 
所得と幸福度には明確な相関がないことが幸福のパラドックスより窺えるが、真に幸福度と相関を持
つものは何であろうか。 国連が設立した持続可能開発ソリューション・ ネットワーク(SSDN)が毎年発表
している世界幸福調査(World Happiness Report)を参考にすると、この中で日本は 153 カ国中 54 位とな
ってお","考察し、幸福度上昇のために必要なものは何かを回帰分析によって検証する。 
 分析の結果、 各年代共通してスポーツを生活に取り入れることが幸福度を決定する上では重要であり、
所得の高低に関しては幸福度に影響を与えないことが与えないことがわかった。 また、年齢が上昇する
とともに幸福度を決定づける要因が自分個人に向けたものではなく、子どもなどの 将来世代へと移って
いくことが明らかになった。 
本稿の構成は以下のとおりである。まず次節と第 3 節で分析手順とデータについて確認し、第 4 節で
1

分析の結果を考察。第５節で結果の解釈を行い、第６節で結論と今後の展望について述べる。 
 
２． 研究の方法と分析手順 
 本稿では幸福度の決定要因を特定するために、幸福度を被説明変数、幸福度に影響を与えていると 考
えられる変数を説明変数とした回帰分析を行う。ただし、説明変数の数が非常に大きいケースを許容す
るため、Lasso による罰則付回帰を行う。 
線形回帰モデルにおいて、Lasso は残差二乗和とℓ1罰則項の和 
∑(𝑦𝑖 − 𝛽̃0 − 𝛽̃1𝑥1 − 𝛽̃2𝑥2 − ⋯ − 𝛽̃𝑘𝑥𝑘)
2
𝑁
𝑖=1
+ 𝜆 ∑|𝛽̃𝑗|
𝑘
𝑗=1
 
を最小化する𝛽̃0, 𝛽̃1, … , 𝛽̃𝑘として定義される。ここで、𝑦は被説明変数、𝑥1, 𝑥2, … , 𝑥𝑘は𝑘個の説明変数であ
る。 また、𝜆は正則化パラメーターと呼ばれ、𝜆 → ∞ならばすべてのパラメーターが 0 となり、 逆",references/awards/text/2022/university-general/2022U5-shorei-13.txt,references/awards/notes/2022/university-general/2022U5-shorei-13.md
2022,paper,大学生・一般の部,審査員奨励賞,最低賃金の要因分析,山田 渉生、石川 真冬(早稲田大学政治経済学部) 金山 隼人(早稲田大学大学院経済学研究科),,https://www.nstac.go.jp/sys/files/sites/3/static/statcompe/files/2022/2022U5-shorei-14.pdf,references/awards/raw/2022/university-general/2022U5-shorei-14.pdf,2026-08-17T07:54:07.486571+00:00,ad1677250ab5f1a8df20053bb1073fc0ca7f749532a8291b0fcee6f91c365e1b,779651,2022U5-shorei-14,9,12254,記述統計・可視化 / 相関分析 / 重回帰 / パネルデータ / 時系列 / 機械学習,労働・経済,"目的
本稿では、2013 年度から 2019 年の最低賃金の引き上げ額を対象にその要因について分析を行う。日本の最
低賃金は、2007 年に最低賃金法が改正されて以降、上昇を続けている。2012 年の地域別最低賃金額の加重平
均額は 749 円に対して、2019 年は 901 円であり、およそ 1.2 倍上昇している。内閣府 [5]によれば、 「景気や
物価動向を踏まえ、地域間格差にも配慮しながら、できる限り早期に最低賃金の全国加重平均が 1000 円以上
となることを目指し、引上げに取り組む。 」とされている。*12007 年の最低賃金法改正では、生活保護額が最
低賃金月収を上回る都道府県については、その乖離をなくすために 2008 年から 2012 年にかけて賃金を引き
上げるとされている。しかし、2013 年以降の引き上げについてはその理由は定かではない。
最低賃金の重要な意義は賃金の下限を設けることによって労働者の生活水準を保障することにある。しか
し、その決定にあたってどの要因がどれほど寄与しているかについては明確でない。そのため、本稿では経済
的要因、法的要因、労働組合の３つを主な要因として分析を行う。特に経済的要因については、地域経済的な
要因と国全体の経済的要因を分解することにより、それぞれの寄与度を明らかにする。
玉田（2009）[8]は 2001 年から 2009 年までの 最低賃金 の決定要 因を分析 してお り、結果と して有効
求 人 倍 率 、賃 金","結論として、法律の条文に記載されている要因が最低賃金引き上げの関連は不明確であることが示された。
また、有効求人倍率と最低賃金引き上げの間には正の相関がみられることから、地域のマクロ経済的状況を代
理している雇用動向が最低賃金と関連することが示された。
4.2 SHAP を用いた結果
SHAP による分析結果は、図 1 のとおりである。有効求人倍率がもっとも寄与度が大きく、次いで名目
GDP 成長率が予測に寄与する結果が示される。有効求人倍率と SHAP の値の間には正の相関があることが
読み取れる。これは、有効求人倍率と最低賃金の間に正の相関があるという統計分析の結果と整合的である。
名目 GDP 成長率は、予測の寄与度合いは大きいものの、その解釈は難しい。 SHAP が 0 に近いところでは、
最低賃金が上昇するが、0 から離れると最低賃金が減少すると予測する。したがって、名目 GDP 成長率は予
5

表 3: 線形モデルの結果
最低賃金の増加額（被説明変数）OLS FE （時間・都道府県）FE（都道府県） FE（時間） RE 相関変量効果
（切片） −2.39 420.37 18.28
(5.78) (43.92) (5 .26)
消費支出増加率 −0.05 0.02 −0.02 0.02 −0.22 0.02
(0.04) (0.02) (0.03) (0.019) (0 .11) (0.02)
賃金上昇率 −0.05 0.00 −0.05 −0.01 −0.25 −0",references/awards/text/2022/university-general/2022U5-shorei-14.txt,references/awards/notes/2022/university-general/2022U5-shorei-14.md
2022,paper,大学生・一般の部,審査員奨励賞,IT社会が生み出す連鎖する格差,山邊 璃久(信州大学大学院総合理工学研究科),,https://www.nstac.go.jp/sys/files/sites/3/static/statcompe/files/2022/2022U5-shorei-15.pdf,references/awards/raw/2022/university-general/2022U5-shorei-15.pdf,2026-08-17T07:54:07.486571+00:00,c888b9ec417392b6fe2def39d668aa6fd0b5ea5049551dc2fb84e1bf1496218a,2470436,2022U5-shorei-15,9,7736,記述統計・可視化 / 相関分析 / 機械学習,,"目的 
現在の生活の中で、インターネットは必要不可欠な存在となっている。情報の収集、商品購入、オンライン
学習など、様々な領域で使用されるためインターネットを利用する人と利用しない人とでは生活に大きく差が
出てしまう。特に、地方と都心ではインターネット利用率に大きな差が生まれる、情報格差（デジタルディバ
イド）が発生している。情報格差が引き起こす問題は、情報を収集できないという単純な問題だけでなく、高
齢者の孤立、緊急時の対応遅れ、所得の格差といった社会問題にも発展している。この問題が発生している原
因として、マイノリティー（情報端末を利用しない人々）への対応不足が考えられる。多くの人が利用してい
るものを基準に技術や施策の進化が起こるため、マイノリティーの人々への対応は次第におろそかになってし
まう。その対応不足が重なり、多くの不便が生じてしまい、社会との距離が広がっていってしまう。したがっ
て、マイノリティーへの対応は今後の課題の１つとして非常に重要である。マイノリティーへの対応を検討す
るにあたり、明確化しなければならないのがインターネット利用者と非利用者の特徴である。両者の違いが明
確化されれば、 的確なアプローチで情報格差を無くすことができる。情報格差による研究(1)では、4 種類の格差
があると示した。個人間の格差、組織間の格差、地域間の格差、国際的な格差である。この 4 種類の原因をそ
れぞれ特定し、それぞれの格差によってどんな問題が生じるかを示すことができれば、問","考察していく。 
 
３．データセットの加工 
 本研究で使用したデータセットは、2 種類のデータセットを組み合わせて作成している。種類については、
2-1 で示したものである。以下に、詳細な加工手順を示す。 
 
3-1．データセットの作成 
 （１） のデータセットをRandom Forest に入力できるようにしていく。 データ形式としては、 データフレー
ム構造を使用する。 データフレーム構造とは、最初の行に列の名称があり、 列の名称に書いてあるデータの種
類が同じ列に入っているデータ形式である。 このようにして、 列１～列４のように重ねたものをデータフレー
ム構造（表１）という。このような構造に変形するため、SSDSE からcsv ファイルで取得し、1 行目を飛ばし
つつ、Encoding をshift-jis とした。 （２）のデータセットは、総務省の報告書(2)からデータ情報を確認し、
csv ファイルを作成した。このデータを（１）のデータセットに結合して１つのデータセットとした。 
Random Forest に入力する際には、カテゴリ情報を含む列を削除した。詳細は、表２に記載した。 
 
 表１：データフレーム構造のイメージ 
都道府県 最高気温 最低気温 湿度 
北海道 ○○℃ ○○℃ ○○％ 
青森 ○○℃ ○○℃ ○○％ 
秋田 ○○℃ ○○℃ ○○％ 
 
表２：削除する列名 
列名 詳細 
男女の別 男女別で分けるためのラベル 
地域コード 地域ごとに",references/awards/text/2022/university-general/2022U5-shorei-15.txt,references/awards/notes/2022/university-general/2022U5-shorei-15.md
2022,paper,大学生・一般の部,審査員奨励賞,住宅価格の格差と影響を与える要因:空間パネルモデルに基づく研究,李 佳奇、華 振雄(名古屋大学大学院国際開発研究科),,https://www.nstac.go.jp/sys/files/sites/3/static/statcompe/files/2022/2022U5-shorei-16.pdf,references/awards/raw/2022/university-general/2022U5-shorei-16.pdf,2026-08-17T07:54:07.486571+00:00,b42a41ab0cf7cec8cadd6b784574b4f55835f7b60e3b501973a93b383b1e9346,908228,2022U5-shorei-16,9,13076,記述統計・可視化 / 相関分析 / パネルデータ / 時系列 / クラスタリング / 空間分析 / 検定,,"はじめに
不動産の価格は社会において誰にとっても関係があり、 不動産価格は都市間の人の移動だけでなく、 地域内
の経済活動の量と質にも影響を与える。 住宅価格の二極化現象は、 社会経済活動や資源の不平等を反映してい
るため、地域の政策立案者が考慮し、対処しなければならない問題である。日本は1990 年代に急速な経済成
長を遂げ、それに伴い不動産価格も急上昇し、1991 年には東京などの大都市圏の中心地の住宅で62,000USD/
㎡という史上最高の価格を記録した。 その後、日本政府が意図的に不動産バブルを崩壊させたため、価格は
50％以上に下落したが、住宅は依然として社会の大多数の世帯が保有する最も重要な金融資産であることに
変わりはない。2008 年の世界金融危機以降、多くの国では経済格差が拡大し、各国が金融緩和政策を大々的
に採用したため、 不動産市場に大量の資金が流され、 富裕層が大きな富を取り戻し、 低・中所得世帯は希望を
見出せなくなった。Rognlie (2015)によると、近年、住宅価格は富の再分配に重要な役割を担っている。 
日本の住宅市場について、 Kubo, T. （2020）は、1990年以降、日本政府による開発の重心を郊外から都心
に移したため、 都心の不動産への投資がますます重要になり、 結果として郊外が高齢化と空き家という大きな
課題に直面したと指摘している。 近年、日本の人口は東京や大阪などの大都市圏に徐々に移行しており、日
本の不動産価格は一部の地","考察 
パネル回帰の結果から、商業地価格、病院数、ホテル数、 人口密度は、全エリアをトータルで考えるという
観点から、 住宅地価格にプラスの影響を与えることが実証された。 しかし、 空間的独立性を考慮した場合、 空
間パネルモデルはより多くの情報を提供する。 商業地価の住宅地価へのプラスの影響と病院数は、地域の住

 
 
 
7 
宅地価にプラスの影響を与えるだけで、周辺地域の住宅地価には影響を与えない。 しかし、診療所数の増加は
近隣地域の住宅価格上昇に不利に働くという、診療所数による負の波及効果もある。 これは、 現在の日本は高
齢化率が高く、一般診療所ではより充実した医療支援が受けられないため、地域的には病院への依存度が高
く、病院の数が住宅価格に大きな影響を与えるためと考えられる。 しかし、診療所の医療サービス質の分析は
さておき、 地域診療所の数が多いと、 近隣地域にとって魅力的であるため、 近隣地域の住宅価格にマイナスの
影響を与える傾向がある。 
また、ホテルの数や人口密度は、地元や近隣の住宅地の価格にプラスの影響を与える。 このことから、ホ
テルが多い地域は観光業が比較的発達している地域であるため、間接的に周辺地域を動かしている傾向があ
ると考えられる。 そして、 人口密度が高いということは、 その背後に比較的高い市場需要があることを表すこ
とが多く、そのため周辺地域に影響を与えることになる 
6. おわりに 
本研究では、47 都道府県レベルのパネルデータに基",references/awards/text/2022/university-general/2022U5-shorei-16.txt,references/awards/notes/2022/university-general/2022U5-shorei-16.md
2023,paper,高校生の部,総務大臣賞,生活の形態と女性の社会進出,杉山 輝恵(愛知県立岡崎高等学校) 女性の社会進出に影響を与える要因を勤続年数、正規雇用率、管理職有職率の3つの目的変数それぞれから分析し、雇用環境や住居環境ではなく、育児支援や介護支援などの公的生活要因に属する社会制度が大きく関わっていることを示した。,,https://www.nstac.go.jp/sys/files/sites/3/2023H1-daijin.pdf,references/awards/raw/2023/high-school/2023H1-daijin.pdf,2026-08-17T07:54:19.375524+00:00,897f05427b0d83a357f08ed91251d30f4e3106de3ce16350a61a4c9a49d16f99,1274990,2023H1-daijin,9,14976,記述統計・可視化 / 相関分析 / 重回帰,,"目的 
1.1 問題意識の背景 
 日本の女性の社会進出は欧米諸国に比べて遅れている傾向にある。
内閣府男女共同参画局が発表した女性の年齢階級別労働力率の国際比
較によると、[1]日本では、出産や育児が重なる 25~39 歳に一時的に減
少する M 字型曲線を描くが、欧米諸国では出産や育児が重なる
25~39 歳の範囲であっても変わらない(図 1)。また、世界経済フォー
ラム（WEF）が公表した「Global Gender Gap Report 2023」による
と、 各国における男女格差を測るジェンダー・ギャップ指数におい
て日本は世界 146 カ国中 125 位と先進国中最下位である。特に「政
治」 、「経済」は特に深刻な値をとっている。 
1.2 研究の目的と先行情報 
[2]鈴木・鹿間・小坂（2019）は、18～23 歳の女子大学生 219 人を対象とした無記名自記式調査法を行い、
重回帰分析より、老親扶養義務感、子育て感と女性の社会進出との関連を分析した。そこでは、「女子大学生
の中で、介護負担感が高いもののうち， 「パート・派遣」を選択した対象者が社会進出に消極的な考え方を示
している。 」と論じている。また、 「ライフコースとして「正規の職員」を選択した対象者は子育てに関心が高
く， 「パート・派遣」を選択したものは，介護に高い関心を示した。 」とも論じている。このことから、子育て
や介護など、当人が向き合わなければならない状況によって、選択するライフコースが変わっ","考察が⾏われており、現
時点での課題も認識されており、今後さらに研究を深めることも期待できる。 
 
 
 

1 
 
 
生活の形態と女性の社会進出 
 
杉山輝恵 
愛知県立岡崎高等学校 
 
１．研究のテーマと目的 
1.1 問題意識の背景 
 日本の女性の社会進出は欧米諸国に比べて遅れている傾向にある。
内閣府男女共同参画局が発表した女性の年齢階級別労働力率の国際比
較によると、[1]日本では、出産や育児が重なる 25~39 歳に一時的に減
少する M 字型曲線を描くが、欧米諸国では出産や育児が重なる
25~39 歳の範囲であっても変わらない(図 1)。また、世界経済フォー
ラム（WEF）が公表した「Global Gender Gap Report 2023」による
と、 各国における男女格差を測るジェンダー・ギャップ指数におい
て日本は世界 146 カ国中 125 位と先進国中最下位である。特に「政
治」 、「経済」は特に深刻な値をとっている。 
1.2 研究の目的と先行情報 
[2]鈴木・鹿間・小坂（2019）は、18～23 歳の女子大学生 219 人を対象とした無記名自記式調査法を行い、
重回帰分析より、老親扶養義務感、子育て感と女性の社会進出との関連を分析した。そこでは、「女子大学生
の中で、介護負担感が高いもののうち， 「パート・派遣」を選択した対象者が社会進出に消極的な考え方を示
している。 」と論じている。また、 「ライフコースとして「正規の職員」を選択し",references/awards/text/2023/high-school/2023H1-daijin.txt,references/awards/notes/2023/high-school/2023H1-daijin.md
2023,paper,高校生の部,優秀賞,大腸がん罹患要因の探究と罹患しにくい生活の提案,鈴木 実由(慶應義塾湘南藤沢高等部) 男女の総罹患数が最も多い大腸がんに着目し、生活や環境に関するデータを用いて相関分析や重回帰分析を行うことで、どのような要素が大腸がん罹患に起因しているかを明らかにし、その結果を基に罹患しにくい生活を提案した。,,https://www.nstac.go.jp/sys/files/sites/3/2023H2-yushu.pdf,references/awards/raw/2023/high-school/2023H2-yushu.pdf,2026-08-17T07:54:19.375524+00:00,93c992aee66634417a3c96e86ca13e707734c1778917a7602c8d1d665402c815,1404581,2023H2-yushu,9,13984,記述統計・可視化 / 相関分析 / 重回帰 / 検定,,"目的 
科学技術の発達によりがん治療はめまぐるしい発展を遂げているにもかかわらず、未だに、 「がん」は日本
人の死因の1 位となっている。なぜこのような現状となっているかについて、罹患前の対策が十分になされ
ていないからではないかと考えた。対策の不十分さにより、罹患後の治療技術の向上をもってしても、それ
でも対処しきれないほど、 「患者数が多くなっている」ということだ。 
部位別のがんの罹患者数を見てみると、男性の1 位は「前立腺がん」 、女性の1 位は「乳がん」であり、そ
の次に、男女ともに「大腸がん」がランクインしている（【図1】）。それぞれ1 位は各性別に限られたがんで
あることもあり、総数では「大腸がん」が1 位となっている。大腸がん罹患数の推移をみると、年々右肩上
がりで、増加傾向にあることが分かる（【図2】）。がんの罹患者数を減らすことができれば、必然的に死者数
も減る。よって、 「がんでも死なない」世界ではなく、 「がんにならない」世界を作ることを目標としたいと
考えた。本論文では、性別による差がない「大腸がん」に着目し、どのような要素が大腸がんの発症に起因
しているのかを調査する。分析結果から「がんにならない」世界を目指して最適な生活を提案する。 
 
【図１】男女別 部位別がん罹患割合(2019 年) 【図２】大腸がん罹患者数の推移 
 
2．研究の方法と手順 
2-1 研究の方法 
大腸がん罹患の原因となる要素について、都道府県別のデータを用い、「食生活」 「","考察に繋げると良い。 
 
 
 

1 
 
大腸がん罹患要因の探究と罹患しにくい生活の提案 
鈴木実由 
慶應義塾湘南藤沢高等部 
 
1．研究テーマと目的 
科学技術の発達によりがん治療はめまぐるしい発展を遂げているにもかかわらず、未だに、 「がん」は日本
人の死因の1 位となっている。なぜこのような現状となっているかについて、罹患前の対策が十分になされ
ていないからではないかと考えた。対策の不十分さにより、罹患後の治療技術の向上をもってしても、それ
でも対処しきれないほど、 「患者数が多くなっている」ということだ。 
部位別のがんの罹患者数を見てみると、男性の1 位は「前立腺がん」 、女性の1 位は「乳がん」であり、そ
の次に、男女ともに「大腸がん」がランクインしている（【図1】）。それぞれ1 位は各性別に限られたがんで
あることもあり、総数では「大腸がん」が1 位となっている。大腸がん罹患数の推移をみると、年々右肩上
がりで、増加傾向にあることが分かる（【図2】）。がんの罹患者数を減らすことができれば、必然的に死者数
も減る。よって、 「がんでも死なない」世界ではなく、 「がんにならない」世界を作ることを目標としたいと
考えた。本論文では、性別による差がない「大腸がん」に着目し、どのような要素が大腸がんの発症に起因
しているのかを調査する。分析結果から「がんにならない」世界を目指して最適な生活を提案する。 
 
【図１】男女別 部位別がん罹患割合(2019 年) 【図２",references/awards/text/2023/high-school/2023H2-yushu.txt,references/awards/notes/2023/high-school/2023H2-yushu.md
2023,paper,高校生の部,統計数理賞,地価に関する最適モデルの構築と手法提案,柏原 昊隼、田原 睦己、大西 裕貴(雲雀丘学園高等学校) 都市部への人口集中や地方の過疎化の問題に着目し、地価データを用いて因子分析及び重回帰分析を行い、地価の高い地域に共通する因子の特徴を推定することで、地方の人口増加に貢献する要因を見出した。,,https://www.nstac.go.jp/sys/files/sites/3/2023H3-suri.pdf,references/awards/raw/2023/high-school/2023H3-suri.pdf,2026-08-17T07:54:19.375524+00:00,bcaed1e85c258d29c9ee6a3c7c7638c708c4362781323ba77c2d89f3f375ac9b,663535,2023H3-suri,9,10877,記述統計・可視化 / 相関分析 / 重回帰 / 因子分析 / 空間分析 / 機械学習,,"研究目的と研究背景 
 近年、都市部への人口集中や地方での過疎化が問題となっており、まちおこしや地方公共団
体の権限強化などがそれらの対策として実行されている。しかし、状況は依然として好転しな
い。そこで我々は、地方の魅力を上げるために、その土地の魅力を示す尺度として、地価に関
するデータの変化によって地方都市の人口が増加するための要因を見つけることにした。黒木
(1999)[1]は、地価を「その土地の立地するポイントの持つ自然的・社会的・経済的及び行政的
なポテンシャルを価格という尺度で表現したもの」と論じている。この定義を踏まえると、地
価はその土地の魅力を総合的に算出する値と考えることができる。よって、地価を高めること
はその土地の魅力を高めることにつながると考えた。 
したがって、私たちの最終的な目標は、地価の高い地域に共通する因子の特徴を推定するこ
とで、地方の人口増加に貢献する要因を見いだすことである。そのため、本研究の目的は、地
価に関するデータをもとに、総務省の統計データを使い、地方の魅力に関するよりよい説明モ
デルを構築することである。持続的かつ効果的な発展のために、どの年にも比較的共通するよ
うな因子の特定や、時代ごとに変化する因子を見いだすことにした。 
 
1-2 問題の検証と先行研究 
 まず、地方部の過疎化について図１で示した。図１は転入超過数の年ごとの推移を示してい
る。図１からわかるように年々都市部と地方部の転入超過数の差が開いていることから、地方","考察し、新たな事実を発見する
ことを目指している。土地の魅力という主観的なものに対して、アンケート等の方法を用い
ず、客観的なデータを用いて統計的なアプローチを用いることにした。 
本稿の構成は、第2章は使用するデータの説明、第3章は研究方法、第4章は研究結果、第5章
が考察、第6章が結論と今後の課題とした。 
第2章 使用するデータ 
2-1 用意したデータ 
 本研究において使用するデータには、欠損値等の理由により後から加えたもの（後述）を除
いて、総務省統計局が提供する「統計でみる市区町村のすがた」と総務省が提供する、「地方
公共団体の主要財政指標一覧」、各都道府県が調査・公表する「都道府県地価調査」、総務省
統計局が提供する「国勢調査」を使用した。菅野・塩濱ら(2021)[4]は研究の際に使用する地
価として、他の地価よりも厳密に測定された公示地価を使用している。菅野・塩濱らは公示
地価に対して肯定的だが、否定的な意見もある。例えば、井筒・中川・笠間ら(2022)[5]は
公示地価は標準点の地価を示しているため、標準値以外の任意の地点の地価を正確に予測す
ることは難しいと述べている。しかし、両者ともに公示地価が厳密に測定されている点は共
通しており、本研究では公示地価を使用する。また、東京について、人口などの様々な観点
において他の県庁所在地との差が大すぎるため、本研究では対象から外すことにした。 
本研究では、「統計でみる市区町村のすがた」と「地方公共団体の主要財政指標",references/awards/text/2023/high-school/2023H3-suri.txt,references/awards/notes/2023/high-school/2023H3-suri.md
2023,paper,高校生の部,統計活用奨励賞,独自指標作成による地方創生の方法論と兵庫県活性化の提案,衣川 凌太、中島 琉士、穂積 佑季、丸山 晃平、盈 優真(兵庫県立姫路西高等学校) 自身が生活する兵庫県を題材に、地方創生・活性化を目指し、様々なデータを用いて新たな指標を作成しクラスター分析や主成分分析を行うことで、地域の課題を発見し、兵庫県活性化の施策提言を行った。,,https://www.nstac.go.jp/sys/files/sites/3/2023H4-katsuyo.pdf,references/awards/raw/2023/high-school/2023H4-katsuyo.pdf,2026-08-17T07:54:19.375524+00:00,8c995770f2a9de6ad432d2a53cd8830b127f2172bf68e7cb25b5ef404a2c5a8a,5069550,2023H4-katsuyo,9,13344,記述統計・可視化 / 相関分析 / 重回帰 / 時系列 / 主成分分析 / クラスタリング / 空間分析,人口・移住,目的 1.1 問題意識の背景 兵庫県は、摂津・播磨・但馬・丹波・淡路という歴史も風土も異なる5国からできている。阪神地域を中心とする大都市圏に始まり、瀬戸内海に浮かぶ淡路島や城崎温泉で有名な多自然地域、コウノトリや全国屈指の金物生産、重工業企業の参入などで栄える地方都市圏、といったように様々な特色を持つ地域が混在している。それ故に「日本の縮図」と称されるが、抱える問題までも日本を反映して複雑化している。 1.2 現状の把握 県がまとめる課題・現状に関する6つの資料[1]を効率よく把握するために、テキストマイニングを用いて頻出語・共起語を調べた。（図1）その結果、東西南北を貫くように整備された「基幹道路」の活用法、周辺都市との「交流人口対策」 、県内での 「繋がり」 が今後解決すべき問題ではないかと考えたが、より複雑な課題があると感じた。 1.3 研究の目的と先行研究 本研究では、「 兵 庫 県 の 抱 え る 複 雑 な課題を読み解き、活性化させるにはどうすればよいか。」とリサーチクエスチョンを立てた。従来、地方創生は子育てや経済といった単一側面での課題をきっかけに政策が進められている。ひょうごビジョン2050[2]によると、100のデータから兵庫の課題が例示されている。しかし、個々の課題を挙げて解決するだけでは意味がなく、最も解決すべき課題は何か、課題どうしの関係性は考えなくて良いかなど、単一側面からでは限界があると私達は考えた。そこで、「統合的アプローチでの方法論を編み出すこ,まとめる課題・現状に関する6つの資料[1]を効率よく把握するために、テキストマイニングを用いて頻出語・共起語を調べた。（図1）その結果、東西南北を貫くように整備された「基幹道路」の活用法、周辺都市との「交流人口対策」 、県内での 「繋がり」 が今後解決すべき問題ではないかと考えたが、より複雑な課題があると感じた。 1.3 研究の目的と先行研究 本研究では、「 兵 庫 県 の 抱 え る 複 雑 な課題を読み解き、活性化させるにはどうすればよいか。」とリサーチクエスチョンを立てた。従来、地方創生は子育てや経済といった単一側面での課題をきっかけに政策が進められている。ひょうごビジョン2050[2]によると、100のデータから兵庫の課題が例示されている。しかし、個々の課題を挙げて解決するだけでは意味がなく、最も解決すべき課題は何か、課題どうしの関係性は考えなくて良いかなど、単一側面からでは限界があると私達は考えた。そこで、「統合的アプローチでの方法論を編み出すことで兵庫県の課題発見・解決につなげられる」と仮説を立てた。 ここで参考にした先行研究・取り組みは、ふじのくに少子化突破戦略の羅針盤、AIを活用した長野県の未来に関するシミュレーション、Fragile States Index[3]である。多側面からデータを収集して独自指標を作成・スコアを算出することで、全国の市区町村間を客観的に比較できるのではないかと考えた。 2. 研究の方法と手順 2.1 研究の概要 本研究は、証拠に基づく政,references/awards/text/2023/high-school/2023H4-katsuyo.txt,references/awards/notes/2023/high-school/2023H4-katsuyo.md
2023,paper,高校生の部,審査員奨励賞,日本人の英語能力の実態とその背景 ~諸外国と比較して〜,大池 一葉(愛知県立一宮高等学校),,https://www.nstac.go.jp/sys/files/sites/3/2023H5-shorei-01.pdf,references/awards/raw/2023/high-school/2023H5-shorei-01.pdf,2026-08-17T07:54:19.375524+00:00,2398c763429a5bc6cf18980a592558fae18d93fb810b2416233cff0187fe2a1f,2147822,2023H5-shorei-01,9,8113,記述統計・可視化 / 相関分析,,"目的 
１．１研究の目的 
 本研究はグローバル化が進む現代において 、日本人の英語能力の低さの要因 について国内と世界の視点から
分析し、日本人の英語能力の改善のヒントを見つけることにある。 
１．２テーマ選択の背景 
 今回の研究テーマを設定した理由は 、私自身が日本の英語能力の低さを実感したためである。私は学校の
SSH 国際交流という取組で海外の学生と SDGsについて英語でオンラインミーティングした際に、海外の学生の
英語によるコミュニケーション 能力の高さに圧倒されると共に 、日本の英語能力の遅れを強く感じた。そこで、
日本の英語能力の低さの原因を 国内で比較、分析し、また日本と世界でどのような違いがあるかを分析した。
１．３先行研究・調査 
まず初めに現時点での日本の英語能力の高さは世界でどれくらいの高さなのか調べることにした。 国際教育
事業を展開しているイー・エフ・エデュケーション・ファーストが発表した 2022 年版『EF EPI 英語能力指数』
によると、日本の順位は 111 ヶ国・地域中 80 位ととても低いことが分かる。またアジア地域内では 24 位中 14
位となっており、高いとは言えない。 能力レベルは『低い』の枠に含まれている。 以上から日本の英語能力が
低いことが分かる (表１、図１) 。 
 
表１ 各国の EF EPIスコア 
 
 
 
 
 
 
 
 
 
 
 
 
 
 
 図１ 上位三国と日中韓のスコア比較 
661
642
62","まとめた (図２) 。 
 
図２仮説とデータ分析 
 
３．データセットの加工 
本研究で使用したデータ名とその出典を下記の表 2 に記す。 
 表２ データセットの加工 
データ名 年次 出典 
総人口[人] 2021 独立行政法人 統計センターSSDSE－基本教材 
外国人人口[人] 2020 独立行政法人 統計センターSSDSE―基本教材 
高校生の英語力[％] 2019 文部科学省 中学生・高校生の英語力 (都道府県・指定都
市別) 
(e)CEFR A2レベル相当以上の英語力を
取得または有すると思われる生徒数 2023 https://www.mext.go.jp/content/20230516-
mxt_kyoiku01-00029835_7.pdf 
過去１年間のインターネットの利用経
験（世帯単位） （加工） 2022 総務省「令和４年通信利用動向調査」 
英語を学習した人の割合 2021 独立行政法人 統計センターSSDSE―社会生活 
授業における 、生徒の英語による言語
活動時間の割合 2023 https://www.mext.go.jp/content/20230516-
mxt_kyoiku01-00029835_7.pdf 
EF EPIスコア 2022 EF EPI 2022-EF英語能力指数 インターネット普及率[％] 2022 
異文化理解力・対応力[％] 2018 内閣府 特集１ 日本の若者意識の現状～国際比較から見
えてくるもの～ 外",references/awards/text/2023/high-school/2023H5-shorei-01.txt,references/awards/notes/2023/high-school/2023H5-shorei-01.md
2023,paper,高校生の部,審査員奨励賞,都道府県ごとの学力の差,清水 幹太郎(早稲田実業学校高等部),,https://www.nstac.go.jp/sys/files/sites/3/2023H5-shorei-02.pdf,references/awards/raw/2023/high-school/2023H5-shorei-02.pdf,2026-08-17T07:54:19.375524+00:00,a4c6570274927ac8217b36093133bd4f7c3adcf456fb760d852f06bedaca5a54,1540887,2023H5-shorei-02,7,4798,記述統計・可視化 / 相関分析,教育,"目的・研究準備 
1.1 背景 
 最近中高生は、デジタル機器の発達などにより睡眠時間、及び勉強時間が低下している傾向があ
る。さらに、これから社会がデジタル化していく中、様々な SNS等の娯楽に惑わされずに勉強をし、
どのように学力を向上又は維持するか重要になってくる。そのためには、自分の行動や社会環境が関
わってくるが、具体的に何が関係しているのか。全国における各都道府県ごとの学力の差はどこに原
因があるのか、普段の社会や生活環境と勉強はどのような関係性があるのか、ということに焦点をあ
て研究を進めることにした。 
 
1.2 日本の現状 
 文部科学省のデータによると、1990年代の高校生の家庭内での勉強時間は 93.7分であったのに対
し、2006年は 70.5分と 20分以上も減少している。しかし、2022年の平均時間は 107分と上昇して
いる。昔よりもスマートフォンなどが発展してきているのにも関わらず、そのような結果が出ている
ということは社会や生活環境の変化という背景があるはずである。 
また、スマートフォン利用率の推移(図 1)によると、高校生に限らず全体的にスマートフォンの利用時
間が年々上がってきている。そこで、学力と関係するのは何か、都道府県ごとの差をどのように埋め
ることができるのか導き出す、ということを最終的な 
目標としてテーマを設定した。 
 
 
 
 
 
 
 
 
 
 
1.3 仮説 
まず学力と何が関係するのか考えた。小学生と中学生を対","結論 
 偏差値ととても強い相関を持つ要因はなかったが、関係しているものをいくつか見つけることが出
来た。主に、スマートフォンの利用時間が長い、塾の数が少ない、教育費が少ない、世帯年収が低い
という点が、偏差値が低い原因なのではないかと考えた。なので、都道府県ごとに差が生まれてしま
うのではないかと感じた。しかし、この差を埋めるために上記以外の要因があるという可能性も考え
られる上に、塾の数を増やせば学力が必然的に向上するというわけでもない。その各地域にある学校
が、成績をあげるような取り組みをするのが一番現実的であると考えた。 
 
 
5.2 今後の展望 
 全国の偏差値及び学力を向上そして一律化のために、都心部だけでなく地方部も塾の数を増やす、
学校もしくは行政単位で教育費の補助や負担を行う、通信会社が牽引し一日のスマホ利用時間やネッ
トワーク使用量を制限するなどといった対策についてより深く調べ、各都道府県の学力格差を埋める
ための解決策を考えていきたい。 
 
 
参考文献 
1)高校偏差値.net(2023) 
https://xn--swqwd788bm2jy17d.net/tokyo.php 
2)文部科学省（2012）
https://www.mext.go.jp/component/b_menu/shingi/giji/__icsFiles/afieldfile/2012/10/03/1326458_2.p
df 
3)おうち教材の森 
https://naki",references/awards/text/2023/high-school/2023H5-shorei-02.txt,references/awards/notes/2023/high-school/2023H5-shorei-02.md
2023,paper,高校生の部,審査員奨励賞,熱中症を防ごう!,堀 くるみ(愛知県立一宮高等学校),,https://www.nstac.go.jp/sys/files/sites/3/2023H5-shorei-03.pdf,references/awards/raw/2023/high-school/2023H5-shorei-03.pdf,2026-08-17T07:54:19.375524+00:00,6bb0cddc503f6dc5cd5cc6396891d25b0af34dacfeab2c1a464c2102c9b1d582,2352702,2023H5-shorei-03,9,4302,記述統計・可視化 / 相関分析,,"目的 
1.1 テーマ設定の理由 
 近年の気候変動により、猛暑日が増えている。夏が近づくと、熱中症に関するニュースをよく耳にする。
そこで、熱中症について調査し、熱中症になる人を減らしたいと考えた。 
1.2 目的 
 どのような条件で熱中症が起きやすいのか、どういう場面で特に注意が必要なのか、熱中症を防ぐ効率的
な方法はあるのか、などを調査し、分析する。得た情報を広め、熱中症対策の呼びかけをして、熱中症にな
る人を減らすことが目的である。 
1.3 先行研究 
 国立環境研究所のホームページでは、「日最高気温別の熱中症患者発生率」が示されている(1)。図１を見
ると、30℃を超えたあたりから急激に熱中症患者が増えていることが分かる。 ここでは WBGT（暑さ指
数）が高い地域ではそれに応じた熱中症対策が行われているとして、気候による熱中症のなりやすさは考慮
しないとする。 
 また、 「年齢階級別・発生場所別に見た熱中症患者の発生率」も示されている（図２）。年齢別に発生場所
の割合に差があることがよく分かる。これを手がかりにして，年齢階級別（15 歳以下、16～64 歳、65 歳以
上）に熱中症になる要因を探りたい。 
 
 
 
 
 
 
 
 
図１ 日最高気温別の熱中症患者発生率 図２ 年代別の熱中症患者発生率 
 
 
 
 
 
 
 
 
図３ 年代別の熱中症発生場所 

2 
 
２．研究方法と手順 
 年齢階級別に熱中症の原因を予想する。都道府県別の熱中症","考察 
 15 歳以下ではスポーツ活動率と弱い相関が見られたことから、スポーツをするときは通常よりもさらに
熱中症対策が必要だと分かった。 
 16～64 歳では通勤・通学時間と負の相関が見られたことから、遠距離の移動に使われる バスや電車によ
る通勤・通学では熱中症になりにくいと考えた。また、自家用車での通勤・通学とは正の相関が見られた
が、これは熱中症になりやすい地域では自家用車での通勤・通学を選ぶ人が多いからかもしれない。 
 65 歳以上では熱中症になる割合が高いが、原因となる要因を特定することができなかった。 
 全世代では、一人当たりの食料消費量と負の相関があったことから、栄養不足が熱中症の要因になるので
はないかと考えた。野菜、果物、魚類、酒類と負の相関が特に強かったことから、この類の食べ物には熱中
症を防ぐ効果が期待できるのではないかと考えた。しかし酒類のように、 疑似相関の可能性もあるため，断
定できるだけの根拠とは言えない。 
 
5.2 今後に向けて 
 現在、猛暑日日数も熱中症死者数も増加傾向にある。地球温暖化による異常気象に対して、熱中症対策を
とることは自らの命を守るために必須である。しかし、熱中症を防ぐがゆえに、 運動不足になったり、子供
が自然と触れ合う時間が減ったりすることは避けたい。どのような条件が特に熱中症を引き起こしやすいの
かが、もっと具体的に分かれば、暑さとうまく向き合いながら、スポーツや仕事を始めとしたさまざまな活
動に思う存分取り組",references/awards/text/2023/high-school/2023H5-shorei-03.txt,references/awards/notes/2023/high-school/2023H5-shorei-03.md
2023,paper,高校生の部,審査員奨励賞,海水温からの降水量予測を目指して,三島 光太郎、石井 沙英、岸本 理央、宮本 賢一郎、八木 琳太郎(兵庫県立姫路西高等学校),,https://www.nstac.go.jp/sys/files/sites/3/2023H5-shorei-04.pdf,references/awards/raw/2023/high-school/2023H5-shorei-04.pdf,2026-08-17T07:54:19.375524+00:00,460a619ea502a4e73542afe75a956ecfbde80953f82eed51d559a89661c0c070,556021,2023H5-shorei-04,9,8314,記述統計・可視化 / 相関分析,,"目的 
 近年、異常気象という言葉をよく耳にするように極端な大雨などの災害が増えている。日本の 1年間の降
水量は、長い目で見ると変化が少ない。しかし近年、1時間に 50mmを超えるような集中豪雨の発生回数は増
加傾向にある。降水量に変化は少ないが、集中豪雨が増加していることから、雨の降り方が変化していると
考えられる。 
 また、蒸発して雲を作り、雨として降る水の 8割以上は海から蒸発することが分かっている。さらに、現
在気象庁が行っている台風の勢力の発達予想は海水温が大きな要因の一つとして考えられ予測に活用してい
る。よって、その年の降水量が決まる要素の 1つとして海水温が関係しているのではないかと考えた。 
 気象庁の天気予報は 過去に観測した気象データを分析し予測するが、 天気予報として発表する前に予報官
による監視・分析が入る。 過去のデータをもとにしているので、雨の降り方に変化が起こっている状態だと
予報官が予測しにくくなり、実際の降水量との間で誤差が生まれ る。そこで、従来の方法に新たな指標を加
えて予測することで精度の向上を図ることができるのではないかと思いこの目的を設定した。 
 
2. 研究の方法と手順 
 初めに、集中豪雨との相関について、1時間に 50mm以上、80mm以上、100mm以上の 3通りで、春（3～5
月）夏（6～8月）秋（9～11月）冬（12～2月） についてそれぞれ相関分析を行った。 
 次に、SSDSEのデータにある日本海側の地点の降水量",,references/awards/text/2023/high-school/2023H5-shorei-04.txt,references/awards/notes/2023/high-school/2023H5-shorei-04.md
2023,paper,高校生の部,審査員奨励賞,日本の食料自給率を上げるために,水野 怜(愛知県立一宮高等学校),,https://www.nstac.go.jp/sys/files/sites/3/2023H5-shorei-05.pdf,references/awards/raw/2023/high-school/2023H5-shorei-05.pdf,2026-08-17T07:54:19.375524+00:00,52b0bd38aa0d07afeab000b604dee39a1ba10d085f5eab96e3131a94a05649a6,1063180,2023H5-shorei-05,9,10395,記述統計・可視化 / 相関分析,,"目的 
1.1研究の目的 
本研究の目的は、 現在非常に低く、 国家の問題にもなっている日本の食料自給率について分析し、 改善に向
け必要なことを特定し提案することにある。 
1.2 テーマ設定の理由 
このテーマを選択した理由は、学校の地理の授業などで日本の食料自給率が世界の他の国と比べて低いこ
と、 そして、 今のままでは外国から食料の輸入ができなくなると食べられるものが限られ、 日本人の食生活は
とても貧しいものになってしまうことを知り、危機感を感じたからである。 
1.3先行調査・研究の検討 
食料自給率に関して今までに行われた研究を調べたところ、2016 年に廣瀬拓教授他が行った研究（１）の結
果では、 日本の自給率上昇の要因は、「需要要因の貢献が大きく， 農業の生産要因の貢献は小さい傾向にある」
ことが示されている（需要要因は日本の総人口と一人当たり需要量としている） 。また、食料自給率をより大
きく上昇させるためには「耕作放棄などによる作付面積や頭数の減少傾向を緩和ないし反転させる政策的支
援が，重要であることが示唆される」とされていた。 
次に、日本政策金融公庫によって行われた消費者動向調査結果（2）では、食料品を購入するときに国産品か
どうかを「気にかける」と回答した人のうち、その理由を「安心・安全だと思うから」 （75.9%）と回答した人
が最も多く、次いで 「おいしいから」 （26.1％） 、 「国産品を食べて、 日本の生産者を応援したいから」 （25.4％","結論につ
ながる関係ではない。 ここに書いたものと違う相関の理由があることも十分に考えられるだろう。次の研究段
階として、県別の比較だけでなく、より地域の特徴があらわれやすい市町村別のデータを使った分析を加える
ことも検討したい。 
 
参考文献 
（１） 廣瀬 拓, 赤堀 弘和, 近藤 功庸, 澤内 大輔, 山本 康貴 ： “将来の人口減少が品目別食料自給率に
与える影響分析” 、農林業問題研究、52 巻、 3 号、pp. 148-153（2016） 
将来の人口減少が品目別食料自給率に与える影響分析 (jst.go.jp) 
（２） 日本政策金融公庫 農林水産事業本部 情報企画部：“消費者動向調査結果（令和５年１月）”, 日本
政策金融公庫, pp．6-11 (2023) 
topics_230315a.pdf (jfc.go.jp) 
（３） 農林水産省統計部：“令和 4 年新規就農者調査結果”，農林水産省（2023） 
令和 4 年新規就農者調査結果：農林水産省 (maff.go.jp) 
表５ 園芸などをした人の
割合が多い県（上位 10 県） 
1 位 群馬県 
2 位 長野県 
3 位 茨城県 
4 位 岡山県 
5 位 山梨県 
6 位 栃木県 
7 位 熊本県 
8 位 山形県 
9 位 島根県 
10 位 鹿児島県 
y = 0.1242x - 2.0382
R² = 0.2097
0
0.5
1
1.5
2
2.5
3
3.5
17 22 27 32 37",references/awards/text/2023/high-school/2023H5-shorei-05.txt,references/awards/notes/2023/high-school/2023H5-shorei-05.md
2023,paper,高校生の部,審査員奨励賞,兵庫県の宝「いかなご」を守る,宮川 航、三笠 心菜、百瀨 泉里、山本 祐生、安岡 和希(兵庫県立姫路西高等学校),,https://www.nstac.go.jp/sys/files/sites/3/2023H5-shorei-06.pdf,references/awards/raw/2023/high-school/2023H5-shorei-06.pdf,2026-08-17T07:54:19.375524+00:00,fc4b76dce17c562ffd47e5c5faaa2f022aedf97c71dac6d208134d6213963ee5,2075275,2023H5-shorei-06,9,5486,相関分析,,"目的 
1-1. 研究の目的 
 「いかなごのくぎ煮」は兵庫県民が愛する郷土料理である。しかし近年、兵庫県のいかなご
の漁獲量は減ってきている(1-3. Ⅱ図 5) 。「それはなぜなのだろうか。」疑問に思った私たち
は、その原因を確かめ、どうすればいかなご文化を守っていけるか考えたいと思ったため、こ
のテーマで研究を始めた。 
 
1-2.先行研究 
①海洋温度上昇に対応してプランクトンは減少する。 
「プランクトンに対する海洋温度の影響」 
（GregoryBeaugrand,AbigailMcQuatters-Follop,MartinEdwards,EricGoberville）（2012） 
②高水温環境下において動物プランクトンの死亡率が加速度的に高まり、 そのほとんどが魚類に
補食されることなくバクテリアに分解されるか、 もしくは海底の物質循環に加わる。日本沿岸域
の水温上昇は、水中内の動物プランクトンの死亡率を高めると考えられる。 
「国内沿岸海域の海水温上昇が動物プランクトンの死亡率を高める。」 
(高橋一生） （2019） 
③海洋酸性化は海洋生物に影響を与える。 
「海洋酸性化が植物プランクトンの動態および物質循環に及ぼす影響」 
(杉江 恒二、芳村 毅） (2011) 
 

 
 
 
 
1-3. いかなごの現状 
～Ⅰ：いかなごの漁獲量が多いのはどこか？～ 
 図 1 では海面漁業生産統計調査 / 速報 令和 4
年漁業・養殖業生産統計海面漁業都道府県","考察 
 高気温、pH の低下は、いかなごの漁獲減少の原因となると考えられる。また、気温の上昇と
pH の上昇には負の相関があることから、いかなごの漁獲量を増やすためには、気温の上昇を抑
える必要がある。よって、いかなごの漁獲量減少をできるだけ抑え、毎年一定量のいかなごの漁
獲量を保ち多くの人々にいかなご文化を愛し続けてもらうためには、気温上昇の抑制、つまり地
球温暖化を抑えなければいけないと考えた。 
5-2.漁獲量の減少を抑えるための具体的な提案 
 私たちは、いかなごの漁獲量の減少を抑える策として以下の２つを提案する。 

 
 
 
 
・海域周辺の陸地の緑化活動を進め、海域周辺の気温上昇を抑制する。 
・稚魚を放流するとともに、漁獲制限を設け、いかなご資源を保護する。 
5-３.今後の展望 
 以下の５つの観点から、研究を深めていきたい。 
・降水量といかなごの漁獲量には関係があるのか？ 
・気温を下げるためにはどのような対策を取ればよいのか？ 
・気温の上昇抑制とその効果とは？ 
・海中の栄養濃度といかなごの漁獲量には関係があるのか？ 
・漁業人口などの人的要因といかなごの漁獲量には関係があるのか？ 
 
〇参考文献〇 
1 農林水産省 海面漁業魚種別漁獲量累年統計（都道府県別） （全国・北海道）1956~2018 
https://www.e-stat.go.jp/stat-search/files?stat_infid=000031605791 
最終閲覧日：2",references/awards/text/2023/high-school/2023H5-shorei-06.txt,references/awards/notes/2023/high-school/2023H5-shorei-06.md
2023,paper,大学生・一般の部,総務大臣賞,小中学生の不登校率における環境要因分析,廣野 准貴、藤井 優菜、山下 航、吉本 正崇(南山大学総合政策学部総合政策学科) 小中学生の不登校の要因について家庭環境、学校環境、地域環境から分析を行い、小中学生ともに家計支出に占める教育費割合と高校進学率が低いほど不登校率の上昇に影響があることや、中学生では転校が影響を与えることを示した。,,https://www.nstac.go.jp/sys/files/sites/3/2023U1-daijin.pdf,references/awards/raw/2023/university-general/2023U1-daijin.pdf,2026-08-17T07:54:19.375524+00:00,dd1bc6b7fa22a73afcfc6ab06dbe3fd5e88f56f7cce50590bc91e673f23bdc7d,1593904,2023U1-daijin,9,13706,記述統計・可視化 / 相関分析 / 重回帰 / パネルデータ / クラスタリング / 検定 / 因果推論,教育 / 環境・エネルギー,"はじめに 
1.1 背景と研究の目的 
 2021 年度の日本の小・中学校における不登校児童生徒数は前年度の 24.9%増となる 244,940 人とな
っている。また、近年の少子化で児童生徒数が減少しているにもかかわらず、不登校児童生徒数は 9 年
連続で増加し過去最多を記録している(1)。 
 不登校は個人レベルで見ると、学習の遅れ(2)や学力低下を引き起こす。さらに、森田(2003)(3)は進路
選択上の不利益や社会的自立へのリスクといった「進路形成の問題」を指摘している。これら個人レベ
ルの問題は人的資本蓄積の停滞や潜在能力の未発揮につながり、不登校の発生は国の経済発展に寄与し
ない。小川(2011)(4)では中学校時における長期不登校率が高校中退率、高校時無業率に有意な正の効果
を有することが示唆されている。すなわち、不登校問題は個人だけでなく国にも関わる問題であり、不
登校率の要因を分析することの社会的意義は大きい。さらに少子高齢化により、少ない子どもの数で多
くの高齢者を支えなければならない状況において、彼ら1 人 1 人がしっかりと教育を受け、社会参加を
する必要がある。 
 
1.2 先行研究 
 不登校に関する研究は、 文部科学省が1991 年に 「登校拒否はどの子どもにも起こりうるものである」
(5)と指摘した以降も活発に行われてきた。例えば、中学生において欠席願望を抑制する要因として学校
魅力が大きな影響を与えていたことを示した研究や(本間, 2000)","まとめた。 
表１ 不登校率に対する各説明変数の相関の正負の仮説 
説明変数 離婚率 転入率 教育費
割合 
クラス
サイズ 
スクール
カウンセ
ラー配置
率 
高校進
学率 
少年刑法
犯検挙人
員 
教育･学
校生活
の相談 
子ども
全般の
相談 
日照時間 
正負 ＋ ＋ － ＋ － － ＋ － － － 
 
2.2 モデルと推定方法 
 本研究においては、各都道府県の「不登校による小学校長期欠席児童比率」と「不登校による中学校
長期欠席生徒比率」を被説明変数とする３時点のパネルデータ分析を行う。パネルデータ分析の最大の
利点は、個体の持つ時間を通じて不変で観測されない影響をコントロールすることができるという点で
あるが、この個体効果をどのように扱うかによってパネルデータ用の回帰モデルは異なってくる。換言
すれば、パネルデータ分析においては個体効果の扱いが最も重要な問題である。まず、個体効果が説明
変数と相関しない場合は POLS（Pooled Ordinary Least Square s）と同様に、個体効果を誤差項の一部
とみなして変量効果モデルで推定することができる。この場合は誤差項の中に個体効果が含まれており
自己相関が生じるため、共分散の構造を織り込んだ一般化最小二乗法が適用される(16)。一方、個体効果
が説明変数と相関する場合は係数の推定値にバイアスが生じるため、固定効果モデルで推定する必要が
ある。そこで、初めに「個体効果の係数がすべて０」を帰無仮説とし",references/awards/text/2023/university-general/2023U1-daijin.txt,references/awards/notes/2023/university-general/2023U1-daijin.md
2023,paper,大学生・一般の部,優秀賞,市町村費負担教員任用の規定要因 ―ハードルモデルを用いた多変量解析から―,菊地原 守(名古屋大学大学院教育発達科学研究科) 市町村費負担教員制度に着目し、市町村別のデータを用いて回帰分析や検定を行うことで、自治体が市町村費負担教員の任用を規定する要因について明らかにするとともに、これからの教育政策のあり方を示唆した。,,https://www.nstac.go.jp/sys/files/sites/3/2023U2-yushu.pdf,references/awards/raw/2023/university-general/2023U2-yushu.pdf,2026-08-17T07:54:19.375524+00:00,d06d51a75381eaab2936236f7b69a99eb11b29a3f9df508125f7e932d1843b6e,558991,2023U2-yushu,9,13914,記述統計・可視化 / 相関分析,教育,"はじめに 1.1 問題の所在 「教育は人なり」 という言葉がある。このフレーズは戦前の日本において、「量としての教師は考えられても、質としての教師は見積もられぬ教育である」状況を批判するために用いられてきた（上田1939 p. 211）。そして戦後においても、教師の資質能力が学校教育の成否に影響を及ぼすと解釈されている（中教審2006）。 かかる教師の資質能力の向上は重要な政策課題の一つである。世界的にも、「いかなるコミュニティに属する全ての生徒でも、 能力があり献身的な教師から学ぶことができるよう目指すこと」が求められている（Martin & Mulvihill 2017, p.79）。一方で新自由主義が進展し国内では地方分権化が進むなか、教師の質的向上以外で学校教育の改善を図る傾向が見られる。それがオルタナティブな採用ルートを活用した教員の量的増加である。 2001年に「公立義務教育諸学校の学級編制及び教職員定数の標準に関する法律」が改正され、「非常勤講師を置く場合、常勤の教員定数を活用して置くことが出来るものとし、その報酬について県費負担・国庫負担を可能とする」こととなった（磯田2014, pp.149-150）。さらに2004年の「義務教育費国庫負担法」の改正では総額裁量制が導入され、教員給与および教職員定数の上限が撤廃された。これは各都道府県が教職員の給与水準を引き下げることで財源を確保して、教員加配を行うことが可能となった点を意味する（原北2018）。そして2007年","考察は少し希薄だったが、その後の政策⽴案に役⽴つような知⾒は得られ
ている。 
 
 
 

1 
 市町村費負担教員任用の規定要因 ―ハードルモデルを用いた多変量解析から― 菊地原 守*1 *1: 名古屋大学大学院教育発達科学研究科 １．はじめに 1.1 問題の所在 「教育は人なり」 という言葉がある。このフレーズは戦前の日本において、「量としての教師は考えられても、質としての教師は見積もられぬ教育である」状況を批判するために用いられてきた（上田1939 p. 211）。そして戦後においても、教師の資質能力が学校教育の成否に影響を及ぼすと解釈されている（中教審2006）。 かかる教師の資質能力の向上は重要な政策課題の一つである。世界的にも、「いかなるコミュニティに属する全ての生徒でも、 能力があり献身的な教師から学ぶことができるよう目指すこと」が求められている（Martin & Mulvihill 2017, p.79）。一方で新自由主義が進展し国内では地方分権化が進むなか、教師の質的向上以外で学校教育の改善を図る傾向が見られる。それがオルタナティブな採用ルートを活用した教員の量的増加である。 2001年に「公立義務教育諸学校の学級編制及び教職員定数の標準に関する法律」が改正され、「非常勤講師を置く場合、常勤の教員定数を活用して置くことが出来るものとし、その報酬について県費負担・国庫負担を可能とする」こととなった（磯田2014, pp.149-150）。さらに2004年の「義務",references/awards/text/2023/university-general/2023U2-yushu.txt,references/awards/notes/2023/university-general/2023U2-yushu.md
2023,paper,大学生・一般の部,統計数理賞,CO 2 排出特性と地域特性の関係 ―2050年カーボンニュートラルの実現に向けて―,宮部 美月、戴 士淵(日本電子専門学校AIシステム科) カーボンニュートラル社会に向けた取組が進む中、地域特性ごとのCO 2 排出量について、市区町村のCO 2 排出特性に基づいた市区町村の類型化を行い様々な分析を行うことで、地域特性との相互関係やCO 2 排出特性の規定要因を明らかにした。,,https://www.nstac.go.jp/sys/files/sites/3/2023U3-suri.pdf,references/awards/raw/2023/university-general/2023U3-suri.pdf,2026-08-17T07:54:19.375524+00:00,c937cbfea3027d425b3a83cec709d967292efbe2215b9c156484b38891b936dc,872835,2023U3-suri,9,15780,相関分析 / クラスタリング,,"目的 
2020 年 10 月に日本政府が「2050 年カーボンニュートラル」を宣言して以来，日本全体で脱炭素に向けた取
組が急速に進んでいる．2020 年 12 月には国と地方公共団体が協働・共創する取組として「国・地方脱炭素実現
会議」が設置され，2021 年 6 月に「地域脱炭素ロードマップ」が公開された． 
「地域脱炭素ロードマップ」は，地域脱炭素の行程と具体策を述べたもので，「決意・コミットメントの脱炭
素ドミノ」と 「実行の脱炭素ドミノ」 という2 つの考え方を示している．前者は「2050 年ゼロカーボンシティ」
の表明を指し，後者は前者を基に意欲と実現可能性の高い地域から脱炭素の取組を全国に広げることを指す．
これを実現するためのモデルケースとして，既に全国 32 道府県 83 市町村が脱炭素先行地域に選定された．し
かし，「実行の脱炭素ドミノ」 を実現するためにはこれらの地域に加え，他の市区町村の地域特性ならびに CO2
排出特性を把握し，比較検討できる環境を整備することが必要である． 
全国の自治体を対象とした地域脱炭素についての既往の研究は，特定の部門に着目したものと総合的なもの
に分けられる．前者の研究では松橋・石河（2018）(1)が，家庭と乗用車から生じる市町村別 CO2 排出量の特徴
を比較分析し，集合住宅居住割合等との関係を示した．後者の研究では中口 （2010）(2)が，製造業，業務，家庭，
運輸の 4 つの部門を含む CO2 排出特性から 14","考察があれば、
さらに良い内容になることが期待される。 
 
 
 

1 
 
 
 
CO2 排出特性と地域特性の関係 
―2050 年カーボンニュートラルの実現に向けて― 
 
宮部美月*1・戴士淵*1 
 
*1: 日本電子専門学校 AI システム科 
 
１． 研究のテーマと目的 
2020 年 10 月に日本政府が「2050 年カーボンニュートラル」を宣言して以来，日本全体で脱炭素に向けた取
組が急速に進んでいる．2020 年 12 月には国と地方公共団体が協働・共創する取組として「国・地方脱炭素実現
会議」が設置され，2021 年 6 月に「地域脱炭素ロードマップ」が公開された． 
「地域脱炭素ロードマップ」は，地域脱炭素の行程と具体策を述べたもので，「決意・コミットメントの脱炭
素ドミノ」と 「実行の脱炭素ドミノ」 という2 つの考え方を示している．前者は「2050 年ゼロカーボンシティ」
の表明を指し，後者は前者を基に意欲と実現可能性の高い地域から脱炭素の取組を全国に広げることを指す．
これを実現するためのモデルケースとして，既に全国 32 道府県 83 市町村が脱炭素先行地域に選定された．し
かし，「実行の脱炭素ドミノ」 を実現するためにはこれらの地域に加え，他の市区町村の地域特性ならびに CO2
排出特性を把握し，比較検討できる環境を整備することが必要である． 
全国の自治体を対象とした地域脱炭素についての既往の研究は，特定の部門に着目したものと総合的なもの",references/awards/text/2023/university-general/2023U3-suri.txt,references/awards/notes/2023/university-general/2023U3-suri.md
2023,paper,大学生・一般の部,統計活用奨励賞,行動制限下における家計消費の変化に伴う経済波及効果の算出,井手 健太(法政大学大学院経済学研究科/東京都総務局統計部調整課) 山口 真菜(東京都総務局統計部調整課) 新型コロナウィルス感染症に伴う行動制限下で人々の消費にどのような変化があったか、またどのような経済波及効果があったか家計調査のデータを用いて分析を行い、家計消費支出や生産誘発額が大きく減少したことを示した。,,https://www.nstac.go.jp/sys/files/sites/3/2023U4-katsuyo.pdf,references/awards/raw/2023/university-general/2023U4-katsuyo.pdf,2026-08-17T07:54:19.375524+00:00,7f561727f7ef962cf9b96fa5240b8a148d852e390a5748197a5661e7bf66eb38,814730,2023U4-katsuyo,9,14407,,労働・経済,"目的 
2020年 4月 7日、政府は新型コロナウイルス感染症の流行が国民生活及び国民経済に甚大な影響を及ぼすお
それがある事態が発生したと判断し、緊急事態宣言を発令した。内閣府によると、2020年４月に最初の緊急事
態宣言が発令されてから、2022 年１月に 36 都道府県に適用され、３月に解除された新型コロナウイルス感染
症まん延防止等重点措置を最後に、 新型コロナウイルス蔓延防止を目的とする行動制限は実施されていない(内
閣府(1))。この間、人々の生活はどのように変わったのだろうか。 
Google COVID-19 Community Mobility Reports(2)が公表している人流データを見ると、行動制限は人々の行
動に大きな影響を与えたことが分かる。このデータは、人々が訪れる場所を 6つのカテゴリ (小売店・娯楽施
設、食料品店・薬局、公園、公共交通機関、職場、住居) に分類し、場所ごとのモビリティ（訪問数や滞在時
間）を示したものである。具体的には、コロナ感染初期にあたる 2020年 1月 3日から 2月 6日までの 5週間
の曜日別中央値を基準値とし、各日のモビリティを基準値と比較した増減率 (%) が地域別に算出されている。
図 1は「公共交通機関」、「職場」 、「住居」における、行動制限のあった 2020年から 2022年までの、基準値に
対する都道府県別増減率を、それぞれ地図上に表したものである。2020年当初の基準値に対して人流が増加し
ている場","考察したい。 
 
２．研究手順とデータセットの加工 
 前節で述べたように、 行動制限があった期間は人流が大きく変化した。 この生活行動の変化によって、消費
の傾向が変化したと考えられる。そこでまず、 人々の生活行動がどのように変わったかを捉えることとした。 
行動の変化については、SSDSE-Dにある社会生活基本調査の 2021年の行動者率と、過去の SSDSE-Dにある
社会生活基本調査の 2016年の行動者率の変化から考察できる。表１は全国の行動者率の 2021年と 2016年の
差を、表 2は全国の行動者率の対前回調査比をそれぞれ示している。 
表１ 行動者率の差(％) 
 
表２ 行動者率の比 (2016 年を１とした指数) 
項目番号 生活行動 行動者率の変化
MD31 スマートフォン・家庭用ゲーム機などによるゲーム 7.1
MD08 ＣＤ・スマートフォンなどによる音楽鑑賞 4.5
MB021 パソコンなどの情報処理 4
MB02 商業実務・ビジネス関係(総数) 3.9
MC20 ウォーキング・軽い体操 3
MB00 学習・自己啓発・訓練の総数 2.7
MB04 家政・家事(料理・裁縫・家庭経営など) 2.3
MB022 商業実務・ビジネス関係 1.3
MB05 人文・社会・自然科学(歴史・経済・数学・生物など) 1.2
MB01 外国語 1.2
項目番号 生活行動 行動者率の変化
MF02 旅行(１泊２日以上) -26.8
MF021 国内 -25.8
MF021",references/awards/text/2023/university-general/2023U4-katsuyo.txt,references/awards/notes/2023/university-general/2023U4-katsuyo.md
2023,paper,大学生・一般の部,審査員奨励賞,パネルデータを用いた進学と就職時による人口流出の要因分析,大河内 菜月(東海大学大学院理学研究科),,https://www.nstac.go.jp/sys/files/sites/3/2023U5-shorei-01.pdf,references/awards/raw/2023/university-general/2023U5-shorei-01.pdf,2026-08-17T07:54:19.375524+00:00,cd03b6128c2c52dbed2be380e5e76f55de7edc9ed19fab95271145596d345126,1573256,2023U5-shorei-01,9,15545,記述統計・可視化 / 相関分析 / 重回帰 / パネルデータ / 検定,人口・移住,"目的 
1.1. はじめに 
今日、 日本の人口は2008年の1億2808万人をピークに減少の一途を辿っている一方で、 東京都や大阪府、
愛知県、神奈川県など都市圏の人口は2008年以降も増加が続き、2023年7月時点では2008年時の人口を上
回っている(1,2,3,4,5)。特に若者が地方圏から都市圏へ移住することよって、地方地域の労働者不足による経済・
産業の縮小、税収減による行政サービス水準の低下、空き家の増加による治安悪化、空き家の倒壊や火災によ
る防災問題などは地方圏が抱える課題となっている(6)。 若者の県外流出の要因として大学進学(7)や就職(8)があ
げられる。そこで、本研究では 10 代後半から 20 代前半の各都道府県の人口流出率を目的変数として、進学
と就職の観点からパネルデータ分析を実行し、なぜ進学や就職の際に地方圏を離れてしまうのか要因の分析
と考察を行う。 
 
1.2. テーマの背景 
まず、人口移動の現状を把握するため、以下の式より20～24歳人口が5年前と比較してどの程度県外へ流
出したのかを示す人口流出率(%)を求めた。添え字の𝑡は時刻(年度)を表す。 
(1 −
[20~24 歳人口]𝑡 
 [15~19 歳人口]𝑡−5
) × 100 (1) 
人口移動によって県内人口が減少した場合は正の値、人口が増加した場合は負の値となる。図１が2021年度の
人口流出率である。人口流出率が最も高い都道府県は秋田県であり、30％以上の人口流出が発生して","考察を行う。 
 
1.2. テーマの背景 
まず、人口移動の現状を把握するため、以下の式より20～24歳人口が5年前と比較してどの程度県外へ流
出したのかを示す人口流出率(%)を求めた。添え字の𝑡は時刻(年度)を表す。 
(1 −
[20~24 歳人口]𝑡 
 [15~19 歳人口]𝑡−5
) × 100 (1) 
人口移動によって県内人口が減少した場合は正の値、人口が増加した場合は負の値となる。図１が2021年度の
人口流出率である。人口流出率が最も高い都道府県は秋田県であり、30％以上の人口流出が発生していること
から急激な人口減少が起きていると言える。対して人口流出率が低い東京都、京都府、神奈川県、大阪府、 
 
 
 
 
 
 
 
 
 
 
 
 
 
 
 
図１ 2021年度20～24歳人口流出入率([5年前]15～19歳→[現在]20～24歳) 
人口流出率が高い
都道府県Top5
流出率
[%]
秋田県 31.56%
青森県 27.42%
長崎県 27.27%
宮崎県 26.42%
和歌山県 25.53%
人口流出率が低い
都道府県Top5
流出率
[%]
東京都 -51.97%
京都府 -22.83%
神奈川県 -19.77%
大阪府 -14.65%
千葉県 -13.40%

2 
 
千葉県は流出率が負の値となっており、これらの都道府県は人口流入が起きているとわかる。また、東京都、
京都府、神奈川県、大阪府には人口100万人以上の人口集中地区が、千葉",references/awards/text/2023/university-general/2023U5-shorei-01.txt,references/awards/notes/2023/university-general/2023U5-shorei-01.md
2023,paper,大学生・一般の部,審査員奨励賞,変数重要度に着目したクラスタリングによる社会構造と睡眠時間の関係性の解析,薫田 千雪、髙橋 希帆(千葉工業大学先進工学部知能メディア工学科),,https://www.nstac.go.jp/sys/files/sites/3/2023U5-shorei-02.pdf,references/awards/raw/2023/university-general/2023U5-shorei-02.pdf,2026-08-17T07:54:19.375524+00:00,46b88f731516c8cce709bb057d9452aca4209fccf5ae492c5d540bc6fc2f9b12,725555,2023U5-shorei-02,6,5352,記述統計・可視化 / 相関分析 / クラスタリング / 機械学習,,"目的 
今日経済の成長と競争の激化により，労働者は仕事に多くの時間を費やすケースが増加する傾向にあ
り，長時間労働がワークライフバランスに悪影響を与えることが懸念されている．ワークライフバラン
ス憲章[1]によれば，ワークライフバランスが実現された社会とは， 「国民1 人ひとりがやりがいや充実感
を感じながら働き， 仕事上の責任を果たすとともに， 家庭や地域生活などにおいても， 子育て期， 中高年
期といった人生の各段階に応じて多様な生き方が選択・実現できる社会」であるが，近年日本でワーク
ライフバランスが声高に叫ばれている背景には，出生率の低下や，過労死や脳心臓疾患，精神疾患につ
ながる過重労働の問題がある[2]．ワークライフバランスを改善することで，「健康」 「生産性」 「家族時間」
「趣味」 「ストレス軽減」 「モチベーションの維持」 など様々な観点から問題を改善し，生活の質を向上さ
せることが期待できる．実際に，余暇時間，食事や入浴などの生活時間と睡眠時間の組み合わせが睡眠
の質やメンタルヘルスと関連することが報告されている[3]．ワークライフバランスに影響する要因の一
つに睡眠が挙げられる．良好な睡眠は仕事の安全性， 健康の促進， 職業生活の充実に密接に関連する．労
働者に特化して国内での睡眠時間の変化をみると，睡眠が6 時間未満である労働者が2012 年では46.5%
に至り，1992 年前と比べて 2.2 倍になっている[4]．十分な睡眠時間を確保することで，体調面",,references/awards/text/2023/university-general/2023U5-shorei-02.txt,references/awards/notes/2023/university-general/2023U5-shorei-02.md
2023,paper,大学生・一般の部,審査員奨励賞,「英語教育実施状況調査をエビデンス生成に繋げるための探究」 ~二項ロジスティック回帰モデルの係数解釈による英語力の地域間比較~,門田 直道(宮崎県教職員 高等学校英語科教諭),,https://www.nstac.go.jp/sys/files/sites/3/2023U5-shorei-03.pdf,references/awards/raw/2023/university-general/2023U5-shorei-03.pdf,2026-08-17T07:54:19.375524+00:00,e850d441b3fa49ea7776248b27dfc2ebe649e210367aec111a65a75ad262830c,2894425,2023U5-shorei-03,9,14657,記述統計・可視化 / 相関分析 / 因子分析 / 検定,教育,"目的 
 1.1 背景、問題点、先行研究 
 文部科学省は、平成 25 年度から英語教育改善へ向けた施策検討の状況調査として、日本全国の公立小
学校、中学校、 高等学校および中等教育学校を対象に 「英語教育実施状況調査」を実施している。主な項
目としては、 中高卒業時の学力到達目標とされるCEFR（ヨーロッパ言語共通参照枠） の達成状況、 授業
における生徒の言語活動の割合や ICT 活用時間・用途、英語教師の英語使用状況、ALT（外国語指導助
手） の活用状況、 各校で設定するCAN-DO リスト形式の学習到達目標の設定 ・ 活用状況などが挙げられ、
同省ホームページでデータと結果概要の報告書が公開されている。都道府県と政令指定都市別に集約さ
れたものとはいえ、対象となる学校総数は２万校を超え、日本の英語教育実施状況についてマクロ的示
唆を得られる貴重な情報源である。 
 一方、 以下のような課題が挙げられる。第一に、 報告書に記載されている分析内容が、 ほぼ全ての項目
において、単一変数の総計と平均値を視覚化したもの、あるいは校種別のクロス集計に終始している点
である。『令和 4 年度「英語教育実施状況調査」概要』(1)において、２変数の関係を分析しているのは、
最終頁(p.22)の「生徒の英語力と各項目の相関」と、 「経年で伸びが見られた主な取組（中学校の例）」の
２つのみである。 なお、 前者は３変数以上を用いた疑似相関の検討をしていない。後者は、 ３つの調査項
目に対し","まとめた。 
3.4 結果の解釈 
 まず、８モデル全てにおいて、事前選抜した説明変数のほとんどが有意であると判定され たことは印
象的であるが、説明変数の統計的有意性と効果量の大きさは別問題である点に留意すべきである。因子
属性の違いや、１標準偏差分の教育実施状況の差という比較的大きなギャップに対して、ただでさえ抽
象的な概念である学力の変容を実感するためには、少なくとも 1 割程度の効果が必要であると仮定する
と、有意であると判定された変数でも実質的影響力を持つものは絞られる。クラスタ間での K_A2cefr 率 
 
 
 
 
 
 
 
Coefficient K_A2cefr K_A2seem K_A2Lv K_exam C_A1cefr C_A1seem C_A1Lv C_exam
(intercept) (0.301) (0.123) (0.445) (0.571) (0.283) (0.224) (0.486) (0.474)
_A~cefr 0.634*** 1.548*** 0.617*** 1.833***
_A~seem 0.815*** 1.127*** 0.791*** 1.173***
_A~exam 1.160*** 1.071*** 1.094*** 1.265*** 1.081*** 1.195***
_LA50 1.112*** 0.873*** 1.072*** 1.073*** 1.070*** 1.086*** 1.077*** 0.",references/awards/text/2023/university-general/2023U5-shorei-03.txt,references/awards/notes/2023/university-general/2023U5-shorei-03.md
2023,paper,大学生・一般の部,審査員奨励賞,都道府県別のパネルデータを用いた合計特殊出生率の決定要因 ―地域差と女性の時間選択がどう影響しているか―,出川 朋佳、近藤 七海、玉木 由梨、山本 桃子(東洋英和女学院大学国際社会学部国際社会学科),,https://www.nstac.go.jp/sys/files/sites/3/2023U5-shorei-04.pdf,references/awards/raw/2023/university-general/2023U5-shorei-04.pdf,2026-08-17T07:54:19.375524+00:00,3d719169bb1b4a74a32155fdf5bc12d42a1b59fd96f08f48197029cec6190796,924617,2023U5-shorei-04,9,11491,記述統計・可視化 / 相関分析 / 重回帰 / パネルデータ / 時系列 / クラスタリング,,"目的 
 1.1 背景 
現代の日本において少子化は深刻な問題である。厚生労働省によると、2022 年の出生数は 77
万 747 人となっており、 わずか 5 年で 20 万人近くも減少している。 合計特殊出生率は 1.26 で、
前年の 1.30 より低下している。 
 そのような状況下で、岸田内閣では「異次元の少子化対策」として、2023 年 6 月の「子ども
未来戦略方針」として、1）構造的賃上げ等と併せて経済的支援を充実させ、若い世代の所得を
増やすこと、2）社会全体の構造や意識を変えること、3）全てのこども・子育て世帯をライフス
テージに応じて切れ目なく支援すること、 の 3 つの基本理念を打ち出した。 具体的な内容として
児童手当の拡充や「年収の壁」への対策、働き方改革として⾧時間労働の是正、子育て世帯に対
する住宅支援の強化などがあげられる。このための予算は年間 3.5 兆円規模になるとされてい
る。これまでも、1990 年代後半から保育所の増設、育児休業制度の充実など男女共同参画社会
の推進など、 「大卒、大都市居住、大企業勤務」の働き手の両立支援に重きを置いた政策が実施
されてきたが、 少子化の進行を止めることはできなかった。 よりいっそうの少子化の要因の丁寧
な分析と政策の丁寧なマッチングが必要と考える。 
 
1.2 既存研究と問題意識 
そこでまず、少子化の要因について、家族人口学、家族社会学、経済学から既存研究を振り返
る。 少子化を引き起こす要因は、","まとめ
ている。 
①家計の所得（収入）は、子どもの価格（教育費・養育費）を変数として入れた場合に、出生
率に対し正の係数を持つ。つまり、所得の上昇は子どもの数を増加させる。2 
②子どもを持つ費用（教育費・養育費）、機会費用としての女性賃金は、出生率に対し負の係
数を持つ。従って、女性の賃金や年収を増加させる潜在的要因である。 
③出生率に対し、 保育所定員数は正、 地価は負の影響があるなど、 保育政策、 住宅政策にかか
わる変数も重要である。 
これらの実証研究では、所得・賃金・保育政策・住宅政策に関するデータと合計特殊出生率
の関係が研究されたが、夫や妻の時間選択（仕事時間・家事時間・育児時間・趣味娯楽時間・
休養時間など）との関係は示されていない。 
そこで本研究では、従来重視されてきた変数に加え、男性・女性の時間選択に関するデータ
を社会生活基本調査からとり、2015 年から 2020 年までの先行研究よりも新しい都道府県デー
タを用い、個々人の時間選択が未婚化・少子化にどのような影響を与えているのかを分析して
ゆくこととする。 
 
２．研究の方法と手順 
 本研究では都道府県別パネルデータを用いて合計特殊出生率の要因分析を行う。パネルデー
タ分析では、変数に現れる個体の間の違いと、同じ個体間での時間を通じての変化を同時に扱
 
1 飯島・横山（2018）は、これらの理論の先行研究として、人口経済学の Leibenstein
（1957） 、Mincer（1963）を",references/awards/text/2023/university-general/2023U5-shorei-04.txt,references/awards/notes/2023/university-general/2023U5-shorei-04.md
2023,paper,大学生・一般の部,審査員奨励賞,市区町村ごとの失業率の要因分析,富張 聡祥(東京大学理学部情報科学科),,https://www.nstac.go.jp/sys/files/sites/3/2023U5-shorei-05.pdf,references/awards/raw/2023/university-general/2023U5-shorei-05.pdf,2026-08-17T07:54:19.375524+00:00,24f7d2140012082e574eada84a2fe7b18081de242ce18fec3d270888487c6d20,920249,2023U5-shorei-05,9,8817,記述統計・可視化 / 相関分析 / 重回帰 / 時系列 / 主成分分析 / クラスタリング / 機械学習 / 因果推論,,"目的 
失業率は、経済の健全性を示す重要な指標の一つであり、経済の現状や将来の方向性を示す。失業率の正確
な分析は、経済の状態の理解や将来の予測に寄与するだけでなく、効果的な政策立案のために必要な情報を 与
える。 
近年、機械学習手法が多様な領域での予測や分析に用いられるようになっており、失業率に関してもこれら
の先進的な手法を駆使した研究が増え、高い予測精度が達成されている(2,3)。一方、機械学習手法の多くには分
析や予測に至るまでの過程が不透明で、得られた結果の背後にある理由や要因が不明確であるという欠点があ
る(1)。このようなブラックボックス的な特性を持つ機械学習手法を用いた失業率の分析は、政策立案や実務的
な意思決定において重要となる説明性や透明性を欠いてしまう可能性がある。 
そこで、本研究では、機械学習手法の中でも説明性が高いとされる手法を用いて市区町村ごとの失業率の分
析を行うことを目的とする。失業率の要因や地域ごとの特徴を明らかにすることで、具体的な施策の提案や、
より的確な政策の方針の指針を与えることを目指す。 
 
２． 研究の方法と手順 
2.1 重回帰とElastic Net 回帰 
まず、市区町村ごとの説明変数(𝑥𝑖,1, . . . , 𝑥𝑖,𝑑)と被説明変数である失業率𝑦𝑖のデータに対して線形モデル 
𝑦𝑖 = ∑ β𝑘𝑥𝑖,𝑘
𝑑
𝑘=1
+ β0 + ϵ𝑖 
が成り立つことを仮定し、古典的な統計分析手法である重回帰 と過学習を防ぐために 正","結論と今後の課題 
 本研究では、市区町村ごとの失業率に影響する要因を、古典的な重回帰分析と機械学習技術を活用
して分析した。古典的な回帰分析とランダムフォレスト回帰の双方からの一貫した結果として、労働力
人口や第一次産業の活動が失業率に影響を与えることが確認された。ランダムフォレスト回帰モデルの
結果からは、人口密度、地方税、転入超過率、外国人人口といった要因が他の要因と組み合わさって重
要な要因となることも明らかになった。 
 主成分分析と k-平均法によるクラスタリングの結果では、市区町村の特性が都市部であるかどうか
という軸に大きく現れることが分かった。しかし、失業率自体は明確に現れなかったことから、失業率
が複数の要因に影響を受ける複雑な指標であると示唆される。これらの結果を受けて、失業率の低下策
としては、単一の対策ではなく、各市区町村の独自の状況に対応する多面的なアプローチが効果的だと
考えられる。 
 
 一方、機械学習手法の解釈性の問題や、ランダムフォレスト回帰の過学習、k-平均法の初期値依存
性といった分析自体の限界が確認された。今後の研究では、説明変数の精緻な選択や、モデルの複雑性
の増加に伴う予測精度の向上と解釈の困難性とのトレードオフ、さらに統計的因果推論や時系列データ
を用いた将来予測の検討が課題である。 
 
参考文献 
(1) Burkart, Nadia, and Marco F. Huber. ：“A survey on the explain",references/awards/text/2023/university-general/2023U5-shorei-05.txt,references/awards/notes/2023/university-general/2023U5-shorei-05.md
2023,paper,大学生・一般の部,審査員奨励賞,子ども・子育て支援の充実は合計特殊出生率を高めるか? ―47都道府県パネルデータを用いた実証分析―,平澤 未羽、鈴木 陽翔、木村 美穂、白川 杏南、NGUYEN THI MINH QUY(青森中央学院大学経営法学部経営法学科),,https://www.nstac.go.jp/sys/files/sites/3/2023U5-shorei-06.pdf,references/awards/raw/2023/university-general/2023U5-shorei-06.pdf,2026-08-17T07:54:19.375524+00:00,26c5761a241076e7850da5cf1efe3ac0bcf5e9814315bfac934799e9e8f82233,395336,2023U5-shorei-06,8,13661,記述統計・可視化 / 相関分析 / 重回帰 / パネルデータ / 時系列 / クラスタリング / 因果推論,福祉・子育て,"はじめに 
2023年１月、岸田文雄首相は年頭記者会見にて「異次元の少子化対策への挑戦」を表明した。そこで
は、子ども政策を強化する基本的な方向性として、 「経済的支援の強化」 、 「子育て家庭を対象としたサー
ビス拡充」 、 「働き方改革の推進と制度の充実」をあげた。その後、４月には、こども家庭庁が発足し、
６月には「こども未来戦略方針」が決定された。子ども・子育て支援政策は日本がいま取り組まなけれ
ばならない喫緊の課題であるといえる。 その背景には、図１のような合計特殊出生率の低下傾向があ
り、2022年には1.26まで低下している。 
 
 
 
政府はこれまでにも多くの子ども・子育て支援政策を行ってきた。1990年の、いわゆる「1.57ショッ
ク」以来、1994年には緊急保育対策等を含む「エンゼルプラン（今後の子育てのための施策の基本方向
について） 」 が10年計画にて策定され、1999年には、 子育てと就業の両立に向けた 「新エンゼルプラン」
が策定された。2003年には少子化社会対策基本法が制定され、それに基づき、2004年には、仕事と家庭
の両立支援や子育ての新たな支え合いなどの重点課題に対し「少子化社会対策大綱」が示され、その実
施計画として 「子ども・子育て応援プラン」 が策定されている。 同大綱はその後も策定し直されており、
2010 年には子ども手当の創設や高校の実質無償化、待機児童の解消など、2015 年には幼児教育無償化
や結婚支援、地域の実情に即した","結論である。 
 
 ２．先行研究 
 先ずは、出生の経済学的な理論モデルに関する先行研究を紹介する。先駆的な研究として、 Becker
（1960）が知られている。そこでは、子供の質、量、その他の消費財からなる効用を予算制約のもとで
の最適化することを考え、子供の質と量の間にトレードオフの関係があることを指摘している。（4）所得
の拡大が子供の質を高めることに敏感であれば、所得の拡大は子供の量を減少させることにつながると
しており、国民所得の拡大と少子化の間の負の相関についても上手く説明できる。また、女性の社会進
出との関係では、Willis（1973）が仕事についている女性ほど出産の機械費用が高くなることを理論的
に導いている。（5）より広い視点から、出生に関する経済学的な理論モデルをサーベイした先行研究に
Doepke et al.（2022）がある。そこでは、 「出生率」と「女性の労働参加や収入」との間には負の関係
が導かれてきたとしつつも、こうした関係はもはや普遍的なものではなく、高所得国では正の関係が導
かれるとしている。こうした出生率の要因の他にも、家族政策や父親の協力度、社会規範、労働市場の
柔軟度といった女性のキャリアや家族に関する諸要因が出生率に影響することを導けるとしている。（6） 
 次は出生の要因に関する実証研究である。戸田（2007）では、1985 年から2004年までの都道府県デ
ータを用いて、合計特殊出生率に対する育児政策などの影響を分析している。",references/awards/text/2023/university-general/2023U5-shorei-06.txt,references/awards/notes/2023/university-general/2023U5-shorei-06.md
2024,paper,高校生の部,総務大臣賞,食の外部化における地域特性,佐々木 万悠子(雙葉高等学校) 新型コロナウイルス感染症による外出自粛の影響により、外食から中食へのシフトが進んでいる状況に着目し、都道府県庁所在市別にどのように異なるかを比較分析し、食の外部化(外食と中食)の傾向が地域により異なり、その背景は生活環境が大きく影響すると考えられることを示唆した。,,https://www.nstac.go.jp/sys/files/sites/3/2024H1-daijin.pdf,references/awards/raw/2024/high-school/2024H1-daijin.pdf,2026-08-17T07:54:26.205306+00:00,6eb858ae1843b591c2e305a76f8687f1597aefef22d2d542b3e877f85cac318d,577576,2024H1-daijin,9,12095,相関分析,,"目的 
2020年の新型コロナウイルス感染症（COVID-19）に
よる緊急事態宣言発令に伴う外出自粛は、外食需要の
減少をもたらした〔図１〕。一方、「中食（調理食品）」
の支出は右肩上がりの傾向で、外食から中食へのシフ
トが進んでいると感じる。自身も自粛期間を機に外食
の代わりにテイクアウトやUber Eatsなどのサービス
を度々利用するなど、 「中食」 を利用する機会が増加し
ている。そこで、コロナ禍の影響で「中食」志向にシ
フトしてきている「食の外部化」に着目し、国内で地
域によって「食の外部化」傾向に違いがあるのか、実
際に調べてみることにした。 
「食の外部化」は、調理人が家族である｢内食（素
材）｣を除いた｢外食｣と「中食」の２種類で構成される
〔表１〕1）。「外食」は、飲食店など家庭外で調理され
たものを家庭外で食べる行為である。「中食」は、調理人は家族以外、調理場所が家庭内・外、喫食場所が家
庭内・外という形態に分類できる。 
 
【表１】内食（素材）、中食（調理食品）、外食の定義と位置付け１） 
 調理人 調理場所 喫食場所 典型 
内食 家族 家庭内 家庭内 自炊 
中食 家族以外 家庭内 家庭内 ケータリング 
家庭外 家庭外（・内） テイクアウト、デリバリー 
外食 家族以外 家庭外 家庭外 料理店など 
 
堀田宗徳氏は、食を外部に依存する「食の外部化率」を「外食率」とともに提示している〔図２〕２）。 
図２の「食の外部化率」から「外食率」（図中ピンク","考察しており、外⾷から中⾷への移⾏を⽰している点が興味深い。外⾷ ・
中⾷産業への今後の注意事項が記載された結論があることも評価したい。 所得⽔準、 世
帯⼈員なども考慮されるとなおよい。 
 
 
 
 

1 
 
 
食の外部化における地域特性 
 
 佐々木万悠子 
雙葉高等学校 
１．研究のテーマと目的 
2020年の新型コロナウイルス感染症（COVID-19）に
よる緊急事態宣言発令に伴う外出自粛は、外食需要の
減少をもたらした〔図１〕。一方、「中食（調理食品）」
の支出は右肩上がりの傾向で、外食から中食へのシフ
トが進んでいると感じる。自身も自粛期間を機に外食
の代わりにテイクアウトやUber Eatsなどのサービス
を度々利用するなど、 「中食」 を利用する機会が増加し
ている。そこで、コロナ禍の影響で「中食」志向にシ
フトしてきている「食の外部化」に着目し、国内で地
域によって「食の外部化」傾向に違いがあるのか、実
際に調べてみることにした。 
「食の外部化」は、調理人が家族である｢内食（素
材）｣を除いた｢外食｣と「中食」の２種類で構成される
〔表１〕1）。「外食」は、飲食店など家庭外で調理され
たものを家庭外で食べる行為である。「中食」は、調理人は家族以外、調理場所が家庭内・外、喫食場所が家
庭内・外という形態に分類できる。 
 
【表１】内食（素材）、中食（調理食品）、外食の定義と位置付け１） 
 調理人 調理場所 喫食場所 典型 
内食 家族 家庭内 家",references/awards/text/2024/high-school/2024H1-daijin.txt,references/awards/notes/2024/high-school/2024H1-daijin.md
2024,paper,高校生の部,優秀賞,福祉支援を通じた過疎化対策の提案,黒木 喬士郎、井上 和幸、髙山 大綺、玉田 章人(大分工業高等専門学校情報工学科) 過疎化が進行している地域において、福祉支援が人口増加に与える影響を調査し、福祉施設の利用者割合と人口増加率の間には一貫した相関は見られなかったものの、特定の地域では福祉施設の充実が人口増加に寄与している可能性を示唆した。,,https://www.nstac.go.jp/sys/files/sites/3/2024H2-yushu.pdf,references/awards/raw/2024/high-school/2024H2-yushu.pdf,2026-08-17T07:54:26.205306+00:00,6136e5ddbbbf4bb894a9f90b31a15d3505b1fafa8467eaacbdf367c7053737f8,1706744,2024H2-yushu,9,8798,記述統計・可視化 / 相関分析 / 重回帰,人口・移住 / 福祉・子育て,"目的 
現在，日本国内では都市部への人
口集中と地方の過疎化が進んでい
る．総務省が発表した過疎対策の現
況によると，総人口に対する過疎地
域の人口の割合が減少しており，全
国の市町村の約半数が過疎問題を抱
えている[1]．特に東京都の人口一極
集中は災害リスクへの対応や地方創
生を阻む大きな問題である． 
総務省統計局 の人口推計結果によ
ると，人口が 増加しているのは東京
都のみであり，他の 46 道府県では人
口が減少している[2]．全国の人口増
減率を図 1 に示す．図 1 は都道府県
別に人口の 増減率 を調査し，比較し
た図である． 人口減少への 対策とし
て多くの自治体 が福祉への 支援を 実
施しているが，問題解決 には至 って
いない．その 原因として， 支援が 一
時的なものであり，長期的 に住み続
けたいと思 わせる 環境作 りや，仕事
や教育の 機会が乏しいことが 挙げら
れる ．また，佐藤 (2003)は過疎化 の
進行状況によって老人保健福祉サー
ビスの格差がある地域が存在すると論じている[3]．そこで，地域の過疎化を解決するために，福祉へ
の支援が人口増加に有意であるかを，福祉施設の充実性と人口流入の観点から調査する．結果から人口
増加を促進する解決策を提案する．
 
 
２．研究の方法と手順 
 本分析では，福祉への支援によって「人口増加率」が高い場合，そして「福祉施設の利用者割合」が
大きい場合，人口増加に有意であるととらえる． 「人口増加率」は","考察も良い。結論を導く際に因
果関係についても批判的に検討するとなおよい。 
 
 
 
 

1 
 
福祉支援を通じた過疎化対策の提案 
 
黒木喬士郎*・井上和幸*・髙山大綺*・玉田章人* 
 
*大分工業高等専門学校 情報工学科 
１．研究のテーマと目的 
現在，日本国内では都市部への人
口集中と地方の過疎化が進んでい
る．総務省が発表した過疎対策の現
況によると，総人口に対する過疎地
域の人口の割合が減少しており，全
国の市町村の約半数が過疎問題を抱
えている[1]．特に東京都の人口一極
集中は災害リスクへの対応や地方創
生を阻む大きな問題である． 
総務省統計局 の人口推計結果によ
ると，人口が 増加しているのは東京
都のみであり，他の 46 道府県では人
口が減少している[2]．全国の人口増
減率を図 1 に示す．図 1 は都道府県
別に人口の 増減率 を調査し，比較し
た図である． 人口減少への 対策とし
て多くの自治体 が福祉への 支援を 実
施しているが，問題解決 には至 って
いない．その 原因として， 支援が 一
時的なものであり，長期的 に住み続
けたいと思 わせる 環境作 りや，仕事
や教育の 機会が乏しいことが 挙げら
れる ．また，佐藤 (2003)は過疎化 の
進行状況によって老人保健福祉サー
ビスの格差がある地域が存在すると論じている[3]．そこで，地域の過疎化を解決するために，福祉へ
の支援が人口増加に有意であるかを，福祉施設の充実性と人口流",references/awards/text/2024/high-school/2024H2-yushu.txt,references/awards/notes/2024/high-school/2024H2-yushu.md
2024,paper,高校生の部,統計数理賞,子供の体力・運動能力,大河内 花音(愛知県立一宮高等学校) 子供の体力・運動能力の向上・低下に関係する要因を見つけるため、都道府県別に分析を行い、運動習慣が運動能力に大きな影響を与えており、運動系の習い事や外で遊びやすい環境を作ることや、生活習慣を整え学校での勉強にも力を注ぐことが、結果的に運動能力の向上につながることを示唆した。,,https://www.nstac.go.jp/sys/files/sites/3/2024H3-suri.pdf,references/awards/raw/2024/high-school/2024H3-suri.pdf,2026-08-17T07:54:26.205306+00:00,ffc135776c6ff26f2a54f28ccaae308432332ebd5bd2b024e3bf436ba52c0687,1719506,2024H3-suri,9,9223,記述統計・可視化 / 相関分析 / 重回帰 / 検定,,"問題意識を持ち、 分析に必要なデータを広く探して利⽤しており、 分析
の考え⽅やプロセスは最近の⾼校⽣の部で標準化されつつあるもので、おおむね妥当で
ある。分析と結論との関係の説明がもう少しあるとよい。 
 
 
 
 
 
 
 

1 
 
 
子供の体力・運動能力 
 
大河内 花音 
 
愛知県立一宮高校 
 
１． 研究のテーマと目的 
1-1 テーマ選定の理由 
スポーツ庁が実施する全国体力・運動能力調査の結果から、コロナ渦を経て
子供の体力が急激に減少していることがわかる(1)（図１）。近年学校の部活動を
廃止する傾向があり、また屋外で遊ぶ子供も減っているように感じるなど、子
供が運動する機会が少なくなっていると思われる。この傾向が続けば、肥満傾
向の子供が増加し、高血圧や糖尿病など将来の生活習慣病のリスクが高まると
考えられる。また、運動は心身の発達に欠かせないものである。よって本研究
では、体力・運動能力の向上と低下に関係する要因を特定し、分析結果から子
供の運動能力向上に向けた取り組みを提案する。 
 
1-2 愛知県の現状 
愛知県は全国体力・運動能力調査の平均合計点において、都
道府県別で全国最低レベルである。愛知県では、この結果を受
け「体力づくり推進事業提要」に基づき体力づくり推進事業が
行われている(2)。また、県内で毎年学校体力報告書を作り、全
県の状況を把握し、今後に生かすことに努めている。本研究が
愛知県内の子供の運動能力向上に役立 つようにと","結論との関係の説明がもう少しあるとよい。 
 
 
 
 
 
 
 

1 
 
 
子供の体力・運動能力 
 
大河内 花音 
 
愛知県立一宮高校 
 
１． 研究のテーマと目的 
1-1 テーマ選定の理由 
スポーツ庁が実施する全国体力・運動能力調査の結果から、コロナ渦を経て
子供の体力が急激に減少していることがわかる(1)（図１）。近年学校の部活動を
廃止する傾向があり、また屋外で遊ぶ子供も減っているように感じるなど、子
供が運動する機会が少なくなっていると思われる。この傾向が続けば、肥満傾
向の子供が増加し、高血圧や糖尿病など将来の生活習慣病のリスクが高まると
考えられる。また、運動は心身の発達に欠かせないものである。よって本研究
では、体力・運動能力の向上と低下に関係する要因を特定し、分析結果から子
供の運動能力向上に向けた取り組みを提案する。 
 
1-2 愛知県の現状 
愛知県は全国体力・運動能力調査の平均合計点において、都
道府県別で全国最低レベルである。愛知県では、この結果を受
け「体力づくり推進事業提要」に基づき体力づくり推進事業が
行われている(2)。また、県内で毎年学校体力報告書を作り、全
県の状況を把握し、今後に生かすことに努めている。本研究が
愛知県内の子供の運動能力向上に役立 つようにとの考えのも
と、本研究に取り組むものである。 
 
２．研究の方法と手順 
 仮説を立て、 仮説を基に運動能力に影響を与えると考えられる要因を「運
動機会」 、",references/awards/text/2024/high-school/2024H3-suri.txt,references/awards/notes/2024/high-school/2024H3-suri.md
2024,paper,高校生の部,統計活用奨励賞,医療費削減に向けたスポーツ時間増加策のデータ分析,過 目今(法政大学国際高等学校) 医療費削減に向けスポーツ時間を阻害する要因を見つけるため、スポーツ行動者率とスポーツ行動者平均時間の二つについて分析し、青少年期では、睡眠時間とスポーツ時間の確保が重要であり、現役世代では、健康への危機感はスポーツをする強い動機になることや、飲みニケーションは阻害要因であることを示し、シニア世代においては、寝すぎを避けることとスポーツ仲間作りが重要であることを示した。,,https://www.nstac.go.jp/sys/files/sites/3/2024H4-katsuyo.pdf,references/awards/raw/2024/high-school/2024H4-katsuyo.pdf,2026-08-17T07:54:26.205306+00:00,dff00ae5321107a209afe4f973d266ac937482e420fff56456ce0a0880d25417,1475203,2024H4-katsuyo,9,10107,記述統計・可視化 / 相関分析 / 重回帰,健康・医療 / 観光・文化,"目的 
1.1 背景 
国民医療費は、毎年一貫して増加しており、20 年で 43%増加している(1)。医療費削減は急務であり、スポ
ーツが有効だと報告されている。国土交通省(2)によると、一人一日一歩歩くだけで最小 0.065 円の医療費も節
約できる。それを半分の人口が年間平日（261 日）毎日 1000 歩歩くとしたら、医療費は約 1 兆円（約 2.4％）
削減できると計算できる。しかし、スポーツが十分に行われていないのが現状。どうしたらスポーツ時間を増
やし、医療費削減に貢献できるのか。 
1.2 目的 
国民健康・栄養調査(3)結果によると、スポーツの一番の阻害要因は「仕事（家事・育児等）が忙しくて時間
がないこと」 。では、仕事時間を減らしたら、スポーツ時間が増えるだろうか。過去データを確認したところ
（図 1） 、仕事時間が年々減少し続けてきたが、スポーツ時間に有意な増減がなかった（仕事時間の減少分を
身の回りの用事や休養・くつろぎ時間に当てた）。医療費削減するため、データ分析を通してスポーツ阻害の
真因を見つけ、スポーツ時間を増やす解決策を提案することを本研究の目的とする。 
 
図１ 仕事時間が減り続けてきたが、スポーツ時間に有意（トレンド P値<0.05）な増減が確認できなかった 
 
２．研究の方法と手順 
2.1 研究方法 
スポーツ時間を増やすには、スポーツ行動者数を増やすと、スポー
ツ行動者一人当たりのスポーツ時間を増やす二つの","考察して、処置
を検討する。 
4. 外れ値分析 分析結果の歪みを防ぐ。 外れ値を特定する。特定後に発生原因を考察して、処置
を検討する。 
5. 説明変数間で
の相関分析 
回帰分析の多重共線性
問題を回避。 
相関関係の強い説明変数 ペアを特定し、処置を検討す
る。 
6. VIF（分散膨張
因子）分析 
回帰分析の多重共線性
問題を回避。 
VIF値の高い説明変数を特定し、処置を検討する。 
補足 ：手順 5は二つの説明変数間の相関関係分析に対し、
VIF は各説明変数が他全ての説明変数との共線性を持つ
かを評価するので、より複雑な相関関係を検出可能。 
データ 
分析 
7. 目的変数と説
明変数の相関
分析 
重回帰モデルの解釈性
の向上と単純化を図る。 
目的変数と相関関係のない・弱い説明変数を特定し、重
回帰分析用説明変数から除外する。 
8. 重回帰分析 変数間の影響力比較、重
要要因特定。 
説明変数と目的変数の重回帰分析を行 い、説明変数の
影響を比較分析する。 
結論 
提案 
9. 考察と提案 スポーツ時間を増やす
解決策を提案。 
データ分析の結果を考察し、解決策を提案する。 
 
３．データセットの加工 
3.1 影響要因仮説を立てる 
影響要因を社会環境、自然環境、スポーツ環境、個人生活に分類して仮説を立てる（図３）。 
 
図３ 影響要因仮説 

3 
 
3.2 分析データを収集と加工 
影響要因仮説を基に、取得できるデータを収集＆加工（表",references/awards/text/2024/high-school/2024H4-katsuyo.txt,references/awards/notes/2024/high-school/2024H4-katsuyo.md
2024,paper,高校生の部,審査員奨励賞,少子化進行抑止のための家庭・社会要因の探究,稲葉 拓真(洛星高等学校),,https://www.nstac.go.jp/sys/files/sites/3/2024H5-shorei-01.pdf,references/awards/raw/2024/high-school/2024H5-shorei-01.pdf,2026-08-17T07:54:26.205306+00:00,39c3873608b51277ef099fef317ab457a998f535230cfb88416eec1815e1ff7f,1409461,2024H5-shorei-01,9,8209,記述統計・可視化 / 相関分析 / 重回帰 / パネルデータ / 検定,,"問題意識の背景 
 現在日本では少子化が大きな問題となっている。少子化の主な原因は「合計特殊出生率の低下」であ
り、日本では 1993 年の 1.46 から、2023 年の 1.20 と大幅に減少している１。合計出生率の低下を助長す
るものとして、「未婚率の上昇」「結婚に関する意識の低下」があると金は述べる２。また、都道府県別の
合計特殊出生率は、東京都の 1.08 と沖縄県の 1.80 と都道府県ごとに大きな差があることがわかる。合計
特殊出生率や婚姻率に影響する要因を様々な観点から見つけることは、少子化の進行を止める一助にな
るかもしれない。これが本研究の着眼である。 
 
1.2 研究の目的と先行研究 
 樋口ら３は、住宅事情・ 家族政策・ 経済要因・ 景気動向の、家庭要因・ 社会要因の観点から出生率の地
域格差を決定する要因をパネルデータ分析により検証した。しかし、課題として・「出産と継続就業の同時
決定メカニズムを明らかとする」ために共働きの夫婦のみを分析対象としたことを挙げている。また、奥
井４は、賃金や就業形態の社会要因を主な説明変数とし、出産希望年齢を重回帰分析により検証した。 
そこで、本研究では、共働きではない世帯も視野に入れ、家族要因、社会要因の 2 つの要因が出生率に
与える影響を明らかにする。 
 
２．研究方法と手順 
2.1 研究の方法 
 合計特殊出生率の低下や婚姻率の低下の原因となる要素について、都道府県別のデータを用い、「家庭
要因」「社会要因","考察し、外れ値が統計的な意味をもつかどうかを検
討し、除外するかを判断した。また、重回帰分析などの分析を行うにあたり、多重共線性の観点から、各
変数間での相関係数を検証した。その後、分析で推定された重回帰分析の評価と解釈を加えた。解釈とし
て、特に関連性の高い結果のものを選定し、異なる多様な視点からさらに分析を深め、理由や詳しい因果
関係を考察したうえで、少子化進行を抑えるための提案を提示した。 
 
2.2 要因の細分化 
 前述の要因ごとに、以下の特性要因図で細分化し、相関についての仮説を立てた。 

2 
 
 
【図 1】特性要因図と仮説 
 
３．データセットの加工 
3.1 使用するデータとデータの加工 
本分析では、『合計特殊出生率』『婚姻率』を目的変数とし、図 1 で選定した要因を説明変数の候補とし
た。また、SSDSE のデータを可能な限り活用し、得ることができなかったデータについては、外部デー
タを活用した。データの加工および出典、データ収集時の年度を表 1 表 2 に示す。・ ここでは、後の分
析で行う説明変数間の相関分析や重回帰分析による考察を容易にするために、都道府県別のデータを用
いることとする。 
(表 1)・ 分析に使用する説明変数および説明変数の加工方法 
 説明変数 データの加工 出典 年度 
家
庭
要
因 
1 人あたり都道府県民所得 SSDSE－E－2024 2019 
教育費支出割合 (教育費（二人以上の世帯）)÷(消費支出（二人以上の",references/awards/text/2024/high-school/2024H5-shorei-01.txt,references/awards/notes/2024/high-school/2024H5-shorei-01.md
2024,paper,高校生の部,審査員奨励賞,都市部とへき地の生徒間の英語能力の格差を是正するためには,井上 咲春(名古屋大学教育学部附属高等学校),,https://www.nstac.go.jp/sys/files/sites/3/2024H5-shorei-02.pdf,references/awards/raw/2024/high-school/2024H5-shorei-02.pdf,2026-08-17T07:54:26.205306+00:00,e9de4648e6b6f09f40ff1bcfa7471779aef8c21418af15b9e30ce0b8ff28f100,1361727,2024H5-shorei-02,9,8102,相関分析,,"目的 
1.1 研究の目的 
本研究の目的は、令和 5 年度の全国学力・学習状況調査によって明らかになった都市部の中学生と
へき地の中学生の英語能力における格差について、同年度の国語・数学の調査の結果との比較を交え
ながら、格差の原因や格差是正のための解決策を探ることにある。 
1.2 テーマ設定の背景 
 高校 1 年次にアメリカへの交換留学を経験し、人種のサラダボウルと呼ばれるほど多様なバックグ
ラウンドを持つ人々が暮らす社会で生きる中で、日本が今後更に発展する為には先ずは世界と渡り合
えるような語学力をより沢山の人が身に付けることが必要なのではと感じた私は、日本の英語教育に
ついて興味が湧き、学校での探究活動のテーマを日本の英語教育に関するものに設定しようと決め
た。その中でも、1.1 で触れた令和 5 年度の全国学力・学習状況調査の結果に注目し、日本人全体の英
語能力を底上げするためには、まずは日本の中での英語教育における地域格差を是正する必要がある
と考え、このようなテーマを設定した。 
1.3 先行研究・調査 
 令和５年度の全国学力・学習状況調査によると、英語の試験において、地域の規模ごとの平均正答
率は、大都市で 48.6%であるのに対してへき地では 39.9%となっており、8.7%もの差がある。これに
対し、同年度の中学生の国語と数学の試験においては、大都市とへき地の生徒間の平均正答率の差
は、それぞれ 1.7%、5.1%であり、3 教科の中では英語の平均正答率","まとめた（図１０） 。 
これによると、 「当てはまる」 「どちらかと 
いえば、当てはまる」と回答した生徒は、 
合計で 30.6%と全体の 3 分の１にも満たな 
いことがわかった。 
 
 
 
 
 
 
 
 
図９ 教科別 授業内容を理解している生徒の割合 
図１０ 学校外で日常的に英語を使用している生徒の割合 
r=-0.60 
p<0.001 
図８ 都道府県別 英語活動行動者率と英語平均正答率 

6 
 
更に、生徒たちが家庭学習で ICT 機器を利 
用している頻度を調べた。 「家庭学習の課題 
（宿題）として、どの程度 PC・タブレット 
などの ICT 機器を使用して、英語の音声を 
聞いたり英語を話す練習をしたりしていま 
すか」という質問に対しての回答をまとめ 
た（図１１） 。これによると、全く利用して 
いない生徒が 50.8%と全体のおよそ半分い 
ることが明らかになった。 
 
５. 結果の解釈 
5.1 考察 
 4.1 の分析からは、平均所得が高い都道府県ほど英語能力も高くなることが明らかになった。4.2 の
分析結果より、この傾向は数学でも見られるが、国語では見られない。更に、数学と比較すると、英
語のほうがより平均所得との関係が強いことがわかった。更に4.3 の分析より、学業に割く時間の長さ
は国語・数学・英語の各能力の高さに関係していないことがわかった。この分析で国語・数学におい
て弱い負の相関が見られた理由は、本研究において各教",references/awards/text/2024/high-school/2024H5-shorei-02.txt,references/awards/notes/2024/high-school/2024H5-shorei-02.md
2024,paper,高校生の部,審査員奨励賞,学力と外見への投資に関する回帰モデルを用いた分析,倉本 佳詩野(宮崎県立五ヶ瀬中等教育学校),,https://www.nstac.go.jp/sys/files/sites/3/2024H5-shorei-03.pdf,references/awards/raw/2024/high-school/2024H5-shorei-03.pdf,2026-08-17T07:54:26.205306+00:00,8262bee42a92186c5736757253af734ec1cd2d7bfae67cb990e1cd156eca500f,732037,2024H5-shorei-03,7,5913,記述統計・可視化 / 相関分析,教育,"目的
1.1　背景
　学習への影響要因については様々な研究がなされているが、筆者の個人的関心である「ファッション・
美容」の分野との関連を研究した例は多く見られない。一方、筆者の周りの素朴な会話からは、基本的に
「勉強と外見」に関して負の相関があるはずだという論調のものを多く耳にする印象がある。しかし、「外見
や身なりを整えることは集中力を高め、結果的に学力を高め得る」という見方にも、一定の妥当性を感じ
る。そこで、これらを統計的に分析することにより、学習に影響する要因の発見に繋がるのではないかと
考えた。また、学習能力に影響を与える他の項目項目を同時に回帰分析の説明変数とすることで、先行
研究と本研究の効果量を相対的に考察できるのではないかと考えた。
1.2　目的
　本研究では外見に対する投資が学習能力に影響するのか回帰モデルを用いて探索的分析をおこな
う。学習における外見への投資を科学的に明らかにし、外見が学習に与える新たな知見を得ることを目
指す。そして、自己投資以外に学習に影響する可能性のあるものを分析し、より学習能力を高める知見
の発見を目指す。
２．研究方法
①データの収集：SSDSE(教育用標準データセット)などのオープンデータをもとにファッションや化粧品の
購入金額と他の学力に影響する可能性のあるデータを選ぶ。そして、本研究での外見への投資は、「被
服履物購入率」「化粧品購入率」のデータを用いて分析することにする。また、他の学力に影響する要因
は先行研究をもとに特","考察できるのではないかと考えた。
1.2　目的
　本研究では外見に対する投資が学習能力に影響するのか回帰モデルを用いて探索的分析をおこな
う。学習における外見への投資を科学的に明らかにし、外見が学習に与える新たな知見を得ることを目
指す。そして、自己投資以外に学習に影響する可能性のあるものを分析し、より学習能力を高める知見
の発見を目指す。
２．研究方法
①データの収集：SSDSE(教育用標準データセット)などのオープンデータをもとにファッションや化粧品の
購入金額と他の学力に影響する可能性のあるデータを選ぶ。そして、本研究での外見への投資は、「被
服履物購入率」「化粧品購入率」のデータを用いて分析することにする。また、他の学力に影響する要因
は先行研究をもとに特定する。
②モデルの変数選択：目的変数を学力、説明変数を外見への投資と学習に影響する要因とし
て、回帰モデルを使用し、 ステップワイズ変数増減法 を適用し、最終的に分析対象とするモデル
を選ぶ。
③ 最終モデルの分析：②の分析で選ばれたモデルの 当てはめ値と観測値の一致度 を可視化し、
モデル性能を評価する。
３．データセットの加工
3.1　外見の投資以外の学習に影響すると考えられる要因の選定
①読書：アンドリュー(2013)(1)の研究より、「朝の読書や休憩時間での自由読書は子どもたちを落ち着か
せ学習にふさわしい姿勢を促進することにつながる」と論じている。よって、読書は学力の向上に影響す
るのではないかと考えた。今回",references/awards/text/2024/high-school/2024H5-shorei-03.txt,references/awards/notes/2024/high-school/2024H5-shorei-03.md
2024,paper,高校生の部,審査員奨励賞,う蝕罹患に関する要因の研究とよりよい生活の提案,徐 煌哲(かえつ有明高等学校),,https://www.nstac.go.jp/sys/files/sites/3/2024H5-shorei-04.pdf,references/awards/raw/2024/high-school/2024H5-shorei-04.pdf,2026-08-17T07:54:26.205306+00:00,60447f8db1677ae27ffa862db2f6d03e12a46577da1fc7a19b1218e0bbd262f6,460295,2024H5-shorei-04,7,7215,相関分析 / 重回帰,,"目的 
小学生におけるう蝕罹患の割合は減少傾向にあるが、2015 年時点で未だに 5 割程がう蝕の罹患経験がある
（ 【図１】 ） 。う蝕は予防可能な疾患であり、定期的な歯科受診や正しい口腔ケアによって罹患率をさげることが
可能だとされている(1)が、一定数う蝕罹患者がいるのが現状である。その要因には生活習慣のみならず、歯科医
院へのアクセスのし易さといった地理的要因や、その他多くの要素が関係していると考えた。 
また、都道府県別 12 歳児一人当たりのう歯本数を見ると、沖縄県が最多であり、最も少ない新潟県の約 4.7
倍と、大きな地域格差が見られる。これは誤差の範囲に収まらず、地域特性といった要因が関係していると考
えられる。 （ 【図２】 ） 
【図１】小学生 う蝕罹患率 年次推移 【図２】2019 年度 12 歳児 都道府県別う歯本数
（学校保健統計調査 参照） 
石井荘子・坂本元子（1981）は、東京都内と千葉県山間部の保育所・幼稚園の園児５３３人を対象に調査し、
幼児のう歯の増加の要因を、食生活の面のみならず生活環境も踏まえて分析した。この研究では、う歯の保有
者数、一人当たりのう歯保有数ともに都市部より山間部に多く見られたほか、肥満傾向児、痩身傾向児には、
普通時に比べう歯保有数が高いという結果が得られた。また、テレビ鑑賞時間が長くなるほどう歯保有数社が
増加し、この傾向は特に山間部に見られたという。このことから、う蝕の罹患率は食生活以外に生活環境も関
係してくること","考察もする。最終的に、う蝕を防ぐための最適な環境を提示することを目的とする。 
 
 
２．研究の方法と手順 
 
まず、 特性要因図を用いてう蝕罹患の要因となるものを選定する。 ここでは直接的に関係がありそうな要因か
ら、一見つながりがないような要因まであらゆる可能性を考慮する。次に、主に SSDSE、データが得られない
ものに関しては信頼できると判断した統計サイトからデータを抽出・加工する。また、相関分析をするにあた
って外れ値が相関関係に大きく影響を及ぼすため、外れ値の確認を行う。外れ値の要因を踏まえ、外れ値が統
計的な意味を持つかどうかを判断し、除外するかしないかを検討する。これらの作業をすべて終えたのち、抽
出したデータを用いてそれぞれ都道府県別う歯本数との相関を調べる。 分析で得た結果を用いて考察・う蝕罹
患率を下げるための提案を行う。 
 
 
３．データセットの加工 
 
3.1 う蝕罹患に影響があると考えられる要因の選定 
う蝕罹患に影響があると考えうる要因を、 特性要因図を用いて整理した。 厚生労働省が挙げているう歯の要
因を踏まえたうえで、自身の考える要因も考慮し特性要因図の大骨となる箇所を「食生活」 、 「生活習慣」 、 「生
活環境」 、 「経済環境」の四つに絞った(1)。また、う歯になる要因の一つに「う歯へのなりやすさ」の遺伝があ
るが、今回は県勢を調査するため適さないと判断し、要因からは除外した。 
以下がその特性要因図である （図３） 。 これらの",references/awards/text/2024/high-school/2024H5-shorei-04.txt,references/awards/notes/2024/high-school/2024H5-shorei-04.md
2024,paper,高校生の部,審査員奨励賞,鳥獣被害の原因と対策提案,西口 理子(愛知県立一宮高等学校),,https://www.nstac.go.jp/sys/files/sites/3/2024H5-shorei-05.pdf,references/awards/raw/2024/high-school/2024H5-shorei-05.pdf,2026-08-17T07:54:26.205306+00:00,f0dcf032335277572677938e418a7c91b5bb7a1d3ac9f04b664da54983ce516d,1211191,2024H5-shorei-05,7,5859,記述統計・可視化 / 相関分析 / 重回帰,,"目的 
1.1 問題意識の背景 
シカやイノシシによる 農作物 への被害が問題となってい
る。(ⅰ)農林水産省の調査によると鳥獣による農作物への被害
額は平成 22 年から 29 年にかけ減少傾向にあったものの、そ
の後は停滞している(図 1)。また、農作物への被害だけでな
く鳥獣による森林被害や人的被害も報告されている。 
 
1.2 先行研究と研究目的 
 (ⅱ)農林水産省によると、鳥獣被害の主な原因は「 里の変
化「農業構造の変化」 気象の変化「生息地の変化」 捕獲圧
の変化」であるとしている。しかし、この 3 つの原因では
鳥獣被害への影響の度合いが不鮮明であると考えた。そこで、この 3 つの原因をさらに細分化し鳥獣被害へ
の影響の大きさを比較することとした。本研究は、比較して得られた結果から考察をし、今後の鳥獣被害対
策において強化すべき箇所を提案することで、効率的な対策へとつなげることを目的とする。 
 
２．研究の方法と手順 
 研究手順・方法は以下の通りである。 
【原因整理】 
 1.2 で挙げた 3 つの原因を以下のように細分化する(図 2)。 
 
 
 
 
 
 
 
 
 
 
 
 
図 1.鳥獣による全国の農作物被害額の推移 
図 2.原因の細分化と整理 

2 
 
【データ抽出・加工】 
 SSDSE 等を用い、データを抽出し、分析で用いることができるように加工する。 
【外れ値確認】 
 各説明変数において箱ひげ図を用いて外れ値を確認する。外","考察をし、今後の鳥獣被害対
策において強化すべき箇所を提案することで、効率的な対策へとつなげることを目的とする。 
 
２．研究の方法と手順 
 研究手順・方法は以下の通りである。 
【原因整理】 
 1.2 で挙げた 3 つの原因を以下のように細分化する(図 2)。 
 
 
 
 
 
 
 
 
 
 
 
 
図 1.鳥獣による全国の農作物被害額の推移 
図 2.原因の細分化と整理 

2 
 
【データ抽出・加工】 
 SSDSE 等を用い、データを抽出し、分析で用いることができるように加工する。 
【外れ値確認】 
 各説明変数において箱ひげ図を用いて外れ値を確認する。外れ値の原因を考察し、分析に使用するかどう 
か検討する。 
【原因間での相関分析】 
(ⅲ)多重共線性がある状態で分析に使用しないようにするために原因間で相関分析を行う。2 つの原因に相
関関係が認められた場合、目的変数に対しより相関が高いデータを説明変数とし、分析に用いる。 
【データの選定】 
 【原因間での相関分析】での相関分析より、説明変数を決定する。 
【重回帰分析】 
 森林被害数」 農作物被害数」 人的被害数」を目的変数とし、それぞれの目的変数に対して重回帰分析 
を行う。 
【重回帰分析の結果を解釈】 
 推定された回帰式から統計的な意味を解釈する。 
【考察・提案】 
 重回帰分析の結果から鳥獣被害への影響を考察し、対策で強化すべき箇所を提案する。 
 
３．データセットの加工 
3",references/awards/text/2024/high-school/2024H5-shorei-05.txt,references/awards/notes/2024/high-school/2024H5-shorei-05.md
2024,paper,高校生の部,審査員奨励賞,顎・足・枕が多様な観光客にどのような影響を及ぼすのか,原田 理矢(鳥取城北高等学校),,https://www.nstac.go.jp/sys/files/sites/3/2024H5-shorei-06.pdf,references/awards/raw/2024/high-school/2024H5-shorei-06.pdf,2026-08-17T07:54:26.205306+00:00,c73273b530ed211448d1671b15935543c0bebc887c2a2b0aedfe6f00e8b04043,821984,2024H5-shorei-06,8,10401,記述統計・可視化 / 相関分析 / 重回帰 / パネルデータ / 時系列,観光・文化,"目的 
1.1 問題意識と背景 
観光白書 (1)によると、2019 年においては、日本人の宿泊旅行者数は延べ3 億 1,162 万人、国内日帰り旅
行者数は延べ 2 億 7,548 万人となっていた。そして国内旅行者が増加したことにより、2019 年の日本人国
内旅行消費額は、宿泊旅行及び日帰り旅行ともに増加し、 21.9 兆円であるということが記されていた。
このように、国内旅行のみに注目してみても 観光は現代社会において大きな産業のひとつであることが
言えるであろう。大内(2012) (2)では観光の基本要素には「場(ば)・顎(あご)・足(あし)・枕(まくら)」の 4
つの基本要素で構成されているとしている。場は地域であり、一般に観光地と呼ばれるような観光客に
非日常を提供する上で基盤となる空間を指す 。また、顎は飲食であり、旅先でその土地の食を味わうこ
とは大きな動機となる。足は交通であり、観光地へ行くまでの移動手段である。 最後に枕はホテル、旅
館などの宿泊施設のことを指す。観光政策の立案や観光地における集客を検討する際には、場である観
光地の議論が主となるが、その他の「顎・足・枕」の 3 要素においても、どの要素も観光消費に際しては
必須の要素であり、観光消費に対して及ぼす影響は大きいものであろう。 そこで本研究では、この看過
されがちである「顎・足・枕」の要素に注目することとした。 
 
1.2 研究の目的と先行研究 
「顎・足・枕」の要素に着目した 先行研究には、","考察 
本研究では 4 つの知見がある。1 つ目は日帰りの観光客には宿泊施設は必要ないにも関わらず、「旅館
営業施設客室数(ホテルを含む)」が「県内・県外日帰りの観光消費額」ならびに「県内日帰りの観光入
込客数」に正の影響を及ぼしていることが示されている。温泉街などにおいては、複数の旅館やホテル
が併設され、一帯地域そのものが観光の目的となりうる場合が考えられる。同じ県内であっても、少し
足を延ばして近隣にはない温泉でのリフレッシュを求める日帰りの観光客の誘因に繋がっているかもし
れない。しかしながら、この考察には課題も残る。そもそも旅館やホテルの出店は、経済合理性の観点
から既に多くの観光客が訪れている観光地の近隣に出店がされやすく、その客室数も増加しやすいと考
えられる。そのため、この結果には逆の因果関係や交絡因子の影響の検討が必要であろう。 
2 つ目は「道路実延長」が「県内宿泊の観光消費額」ならびに「県外宿泊の観光消費額」に対して負
の影響を及ぼしている。また「県外宿泊の観光入込客数」に対しても負の影響を及ぼしていた。これは
主要な観光地に関係のない道路を作っても、観光消費を促すことにはつながらないことを示しているで
あろう。観光地から遠く離れた地域の生活道路が充実しても観光消費を促すことに繋がらないことは想

6 
 
像に難くない。また、これは尾崎（2016）の研究結果とは一部異なる結果である。尾崎（2016）の研究
結果では、 「道路実延長」は「県外宿泊の観光消費額",references/awards/text/2024/high-school/2024H5-shorei-06.txt,references/awards/notes/2024/high-school/2024H5-shorei-06.md
2024,paper,大学生・一般の部,総務大臣賞,COVID-19の5類感染症移行後における宿泊者数損失の要因分析,中江 芙佳、緒方 奏士、山本 真大、佐々木 大地(同志社大学文化情報学部文化情報学科) 新型コロナウイルスの感染拡大により宿泊業が受けた経済的損失を都道府県単位で定量化し要因分析を行い、宿泊業を担う労働力となり得る人口の割合が高いほど損失も少なく、観光資源のタイプにより受ける損失が異なることを示唆した。,,https://www.nstac.go.jp/sys/files/sites/3/2024U1-daijin.pdf,references/awards/raw/2024/university-general/2024U1-daijin.pdf,2026-08-17T07:54:26.205306+00:00,029c06c25871946f5ec3a4c0fbcc1a8d108a6baa974d7585d837f1c9d59c4393,833261,2024U1-daijin,9,11202,重回帰 / 時系列 / クラスタリング / 空間分析 / 検定,,"目的 
1.1 背景と問題意識 
 観光業は日本において重要な産業である．令和 5 年 3 月 31 日に閣議決定された「観光立国推進基本
計画」[11]では，「ウィズコロナ・ポストコロナにおいても，観光を通じた国内外との交流人口の拡大の
重要性に変わりはなく，観光は今後とも成長戦略の柱，地域活性化の切り札である」と述べられてい
る． 
 一方で，観光業の脆弱性についても指摘されている．高坂(2021)[14]は，観光業は安定した社会環境
下で盛んになる平和産業であることから，自然災害や感染症，国際紛争・テロ，経済危機といったイ
ベントリスクに対する耐性が乏しいと述べた． 
 Burini (2020)[1]は，特に，2019 年 12 月 30 日に世界で最初の感染が発表された[16]新型コロナウイル
スの感染拡大によって，観光体験の 2 つの重要な条件である人々の動きと相互作用が完全に制限さ
れ，観光地及び観光業の脆弱性が改めて浮き彫りになったと述べた． 
実際，観光庁(2021) [8]によると，新型コロナウイルス発生後の 2020 年において，日本国内のホテ
ル・旅館等の延べ宿泊者数は 3 億 480 万人泊であり，前年と比較して 48.9％減であった．このことか
らも，観光業の脆弱性を伺うことができる． 
このような観光業の脆弱性に対して，以下のような国内の先行研究が行われてきた． 
岩崎ら(2022)[7]は，日本の 6 つの観光地が過去に直面した地震や火山の大規模噴","考察する為のメールによる調査を行った．さらに，国枝(2022)[13]は，危機からのレジリ
エンス（経済的・社会的回復力）に関するこれまでの様々な学問領域での先行研究を整理し，COVID-
19 に対する観光業のレジリエンスに関する分析への応用を提案したが，定量的な分析は行っていな
い． 
このように，観光業の脆弱性とその要因に対するこれまでの国内の先行研究は，時系列データの基
礎集計及び質的調査に基づく考察にとどまっており，観光業の脆弱性に関わる要因を統計的手法によ
り定量的に解明していない点が課題である． 
令和 6 年観光白書によると，宿泊旅行に関して，日本における 2023 年の延べ宿泊者数（日本人・外
国人の合計）は概ねコロナ前水準まで回復（2019 年比 0.5％減）している[10]．このように，全国的に
観光業が回復傾向に向かいつつある今，過去の感染症により受けた経済的損失の要因について定量的
に分析することが重要である．この分析を通じて，将来起こり得る新たな感染症拡大とそれに伴う観
光業の経済的損失に対する備えを強化し，より強靭な観光産業の構築に繋げることができる． 

2 
 
1.2 目的 
 本研究の目的は，観光業の中でも国内において観光 GDP の多くを占めている宿泊業[9]に着目し，新
型コロナウイルス感染拡大により宿泊業が受けた経済的損失を都道府県単位で定量化し，その要因分
析を行うことで，将来起こり得る新たな感染症拡大とそれに伴う観光業の経済的損失に",references/awards/text/2024/university-general/2024U1-daijin.txt,references/awards/notes/2024/university-general/2024U1-daijin.md
2024,paper,大学生・一般の部,優秀賞,合計特殊出生率の決定要因の影響はコロナ禍で変化したのか,天野 葵、伊藤 愛、神谷 珠里(南山大学総合政策学部総合政策学科) 少子高齢化と新型コロナウイルスの二つの分野に焦点を当て、新型コロナウイルスが合計特殊出生率の決定要因にどのような影響を与えたのかについて分析し、コロナ禍において、一般病院数割合が出生率との相関が強くなったことや、教育費割合の増加が出生率に与えていた負の影響が弱まったことを示した。,,https://www.nstac.go.jp/sys/files/sites/3/2024U2-yushu.pdf,references/awards/raw/2024/university-general/2024U2-yushu.pdf,2026-08-17T07:54:26.205306+00:00,1cafc5d9c798540315a803424b6a3cfc68a32b0c98335661510d82dc6a0438e9,832873,2024U2-yushu,9,13786,記述統計・可視化 / 相関分析 / パネルデータ / 時系列 / 検定,,"目的 
1.1 問題の背景と研究目的 
厚生労働省が発表した令和 5 年人口動態統計月報年計によれば、令和 5 年の出生数は過去最低の 727,277 人
まで減少している（1）。先進国の中でも出生率が非常に低い日本において、内閣府は平成6年の「エンゼルプラ
ン」から始まり、平成27年の「子ども・子育て支援新制度」といった少子高齢化対策を実施してきた（2）。しか
し、出生数は依然として減少を続けており、政府はこのような少子高齢化の進行が社会経済に多大な影響を及
ぼすことを危惧している（3）。また、人々の生活も変容し、長沼らの研究（2006）では、少子高齢化により都市
部では空地が増加し、生活インフラが失われる可能性が高いと指摘している（4）。 
一方、令和元年に発生した新型コロナウイルスは瞬く間に世界中へと広がり、労働環境や市場経済に大きな
打撃を与えた（5）。令和 2 年 4 月に初めての緊急事態宣言が発表されると、外出の自粛や学校の休校に加えて、
厚生労働省より「新しい生活様式」が発表されるなど、人々の生活は大きく変化した（6）。このように、新型コ
ロナウイルスは日本中に多大な影響を与えたにもかかわらず、人々の行動や考え方がコロナ前とコロナ禍でど
のように変化したのかを複数時点で比較した研究は少ない。そこで、少子高齢化と新型コロナウイルスという
二つの分野に焦点を当て、新型コロナウイルスが合計特殊出生率の決定要因にどのような影響を与えたのかを
分析する。このような分析を通して","まとめている（9）。
Beckerの「質・量モデル」（Quality-Quantity Model）では、出産する子どもの数と一人当たりのシャドープラ
イスが家庭によって内生的に決定され、両者はトレードオフの関係となることが示されている。つまり、先進
国で多くみられる出生率の低下は、子どもの数に対する需要の所得弾力性が、子どもの質に対する需要所得弾
力性を下回ることで説明される。したがって、所得が高くなるにつれて、親は子供の数を増加させるのではな
く、一人の子供に高い教育を施すなどして子供の質を高めようとする。この傾向は教育関連費の増加にも表れ
ており、 子どもの質への投資が子育てコストを大きくし、 子どもの数を減少させる一因となっている。そして、
Becker の考え方をさらに発展させたのが Willis だ。彼は家計内生産や時間配分、市場活動との関係を明示的
に組み込ませたモデルを構築した。さらに、育児コストと子供から得られる効用を比較し、最適な子供の数を
決定する均衡モデルを完成させた。Willisは女性の機会費用の増加に注目しており、機会費用の減少が出生率
増加を促すことができるのではと示唆している。つまり、子どもの質を高めるための費用や女性の機会費用は
出生率と深く関係があることが理解できる。 

2 
 
 
1.3 先行研究 
Willisの理論より、子どもや女性に焦点を当てた変数の採用は、佐々井（2007）や的場（2008）においても
重要視されてきた（10）（1",references/awards/text/2024/university-general/2024U2-yushu.txt,references/awards/notes/2024/university-general/2024U2-yushu.md
2024,paper,大学生・一般の部,統計数理賞,日本における人口集中と経済成長の関係性 ―閾値回帰モデルを用いた都道府県別分析―,北岡 和真、上水 天翔、濟田 翔也、山内 菜月、山田 花帆(南山大学経済学部経済学科) 都道府県別に人口集中が経済成長に与える影響を実証分析し、人口密度が低い地域では一人当たり雇用者所得(労働生産性)の影響が大きいことから人的資本を育成することが重要であり、人口密度が高い地域では知的資本を活用することが重要であることを示唆した。,,https://www.nstac.go.jp/sys/files/sites/3/2024U3-suri.pdf,references/awards/raw/2024/university-general/2024U3-suri.pdf,2026-08-17T07:54:26.205306+00:00,b5aaba31bd0114d38a50143d4ebb62247c1bd0039daa3420dc6d09e6452559c0,461801,2024U3-suri,9,11982,,人口・移住 / 労働・経済,"目的 
 本稿は、日本の都道府県を対象に、人口集中が経済成長に与える影響を実証分析する。人口集中の影響は、
集積の経済の枠組みで議論することが出来る。例えば Marshall (1890) (1) は、人・企業・産業などの集積により
以下の三つの効果が生じると指摘する。 
（1） 専門的な技能を持つ労働者が集まり、その地域の技術力が高度化される。 
（2） 生産に必要な原材料などの中間投入財の需要が 地域内に集まるため、効率的な供給ネットワークが
構築されて、企業の取引費用が削減される。 
（3） 地域内に集まった企業間で高度な専門技術や知識が共有されやすくなり、知識のスピルオーバーが
進む結果、企業の技術革新が促進される。 
 本稿の貢献は、効果 3 の分析に閾値回帰モデルを応用することである。実証分析の焦点は知的財産生産物に
分類される資本ストック（以下、知的資本ストック）であり、研究開発、コンピューターソフトウェア、鉱物
探査・評価という「無形資産」で構成される。企業による毎年の研究開発などの投資額を累積したストックの
データであり、都道府県別に経済産業研究所（Research Institute of Economy, Trade, and Industry: RIETI）によって
公表されている。2018 年の内訳は、研究開発＝62％、コンピューターソフトウェア＝38％、鉱物探査・評価＝
1％未満であり、 研究開発への投資を主に反映している。例えば、集積の経済によって企","結論等は明解で今後の政策等への⽰唆にも富んでいる。今後の課題についても丁
寧に書かれており評価できる。 

1 
 
日本における人口集中と経済成長の関係性 
―閾値回帰モデルを用いた都道府県別分析― 
 
 
北岡和真*・上水天翔*・濟田翔也*・山内菜月*・山田花帆* 
*: 南山大学 経済学部 経済学科 
 
 
1．研究のテーマと目的 
 本稿は、日本の都道府県を対象に、人口集中が経済成長に与える影響を実証分析する。人口集中の影響は、
集積の経済の枠組みで議論することが出来る。例えば Marshall (1890) (1) は、人・企業・産業などの集積により
以下の三つの効果が生じると指摘する。 
（1） 専門的な技能を持つ労働者が集まり、その地域の技術力が高度化される。 
（2） 生産に必要な原材料などの中間投入財の需要が 地域内に集まるため、効率的な供給ネットワークが
構築されて、企業の取引費用が削減される。 
（3） 地域内に集まった企業間で高度な専門技術や知識が共有されやすくなり、知識のスピルオーバーが
進む結果、企業の技術革新が促進される。 
 本稿の貢献は、効果 3 の分析に閾値回帰モデルを応用することである。実証分析の焦点は知的財産生産物に
分類される資本ストック（以下、知的資本ストック）であり、研究開発、コンピューターソフトウェア、鉱物
探査・評価という「無形資産」で構成される。企業による毎年の研究開発などの投資額を累積したストックの
データであり、都道府県",references/awards/text/2024/university-general/2024U3-suri.txt,references/awards/notes/2024/university-general/2024U3-suri.md
2024,paper,大学生・一般の部,統計活用奨励賞,金融資産購入経験の要因分析 ―金融教育、損失回避傾向、Digital Capability Index に注目して―,NGUYEN THI NGOC ANH、NGUYEN THI MINH QUY (青森中央学院大学経営法学部経営法学科) 都道府県別に人々の金融に関連する行動の違いを、金融に関する教育や理解度により説明するモデルにより推定し、金融教育の経験の有無よりも、実際に金融に関する知識の深さや判断力の高さが、金融資産の購入経験者割合を高めることを示すとともに、デジタル機器の利用可能性の高さが、株式購入等の経験者割合を高める可能性があることを示した。,,https://www.nstac.go.jp/sys/files/sites/3/2024U4-katsuyo.pdf,references/awards/raw/2024/university-general/2024U4-katsuyo.pdf,2026-08-17T07:54:26.205306+00:00,6ee75d7945fbcd4c304a2a76ee6c1c3f82cb5fcc068c236a1dcc4681bcfeddf1,531233,2024U4-katsuyo,8,11973,記述統計・可視化 / 相関分析 / 重回帰 / パネルデータ / 時系列,教育,"はじめに 2022年4月、民 法 の 一 部 が 改 正 さ れ 、成 年 年 齢 が20歳から18歳に引き下げられたことで、18歳及び19歳の者であっても、 親権者の同意を得ることなく、 金融商品の売買を含む契約を結べるようになった。 こうした改正と同時に、 学習指導要領が改訂され、資産形成に関する内容を中心に、高等学校での金融教育が必修化された。これらは資産形成における重要な要素である 「長期運用」 の可能性を高めつつ、 資産運用の経験に乏しい若年者が金融リテラシー1を高めることで、金融トラブルを抱える可能性の抑制にも期待される。 資産形成の重要性は、2019年6月に金融庁の金融審議会市場ワーキング・グループが公表した 「高齢社会における資産形成・管理」 においても指摘されており、 高齢夫婦無職世帯の平均的な姿として、 毎月5万円の支出超過を考え、これが30年間続くとすることで、約2,000万円の資産が必要になるとしている。こうした指摘は、 現役世代にも身近な教育資金、 住宅購入資金だけでなく、 老後に向けた資産形成の重要性を認識させたという点で意義深く、今後も当面は高齢化が進むと考えれば、 この意義はより大きくなると考えることができる。実際、政府もまた、個人の資産形成を支援する施策を進めており、2022年には、新たな個人型確定拠出年金制度（新iDeCo）が開始され、それまでよりも加入条件が緩やかになったことで、より多くの人々が老後に向けた資産形成に活用できるようになった。","結論である。 ２．先行研究 ここでは、本稿に関連する先行研究を紹介する。西出・宮本（2023）で は 、野 村 総 合 研 究 所(NRI)が2019年に実施した「NRI生活者1万人アンケート調査（金融編） 」から入手した約6,400の個票データをもとに、金融リテラシーが高い人ほど金融に関するアドバイスを受けたいという希望を持ちやすく、 また、アドバイスを利用しやすいということを指摘している。 よって、 金融リテラシーの高さは、アドバイスを活かした資産形成を促すと考えることができる。Sekita（2011）で は 、大阪大 学 社 会 経済 研 究 所が2003年から実施している 「くらしの好みと満足度についてのアンケート」のうち、2010年調査の個票データ約5,400をもとにした分析によって、 若者や低所得者、低教育レベルの人々が金融リテラシーに関する質問に正しく答える可能性が低いことや、 金融リテラシーが高いほど、退職後に貯蓄計画を立てる可能性が高くなることを指摘している。伊藤他（2017）で は 、大阪大学社会経済研究所が実施している 「くらしの好みと満足度についてのアンケート」 のうち、2003年から2013年までの個票ベースのパネルデータ（日本：約4,300）をもとにした分析から、分散投資や債券価格に関する金融知識の高さがリスクのある金融資産の保有確率を高めることを指摘している。Kadoya et al.(2017)もまた、Sekita(2011)や伊藤他(2017)と",references/awards/text/2024/university-general/2024U4-katsuyo.txt,references/awards/notes/2024/university-general/2024U4-katsuyo.md
2024,paper,大学生・一般の部,審査員奨励賞,ごみの削減とリサイクルを推進する要因 ―環境ボランティアは、ごみ削減の効果を持つのか―,市村 遼、甲斐 千尋、松尾 倫太郎、柳内 怜子(中央大学商学部) 黒岩 陸、齋藤 来未(中央大学文学部),,https://www.nstac.go.jp/sys/files/sites/3/2024U5-shorei-01.pdf,references/awards/raw/2024/university-general/2024U5-shorei-01.pdf,2026-08-17T07:54:26.205306+00:00,efce7b83361db10dd98e90ae0b7bf3061bb9664be81f39d846b1ff89296a4165,501822,2024U5-shorei-01,8,10148,記述統計・可視化 / 相関分析 / 重回帰 / パネルデータ / 主成分分析 / クラスタリング,環境・エネルギー,"目的 
現代社会において、ごみをどのように処理するかは環境保護や持続可能な発展を考える上で重要な課題とな
っている。都市化の進展や人口の増加に伴い、ごみの量は増加の一途をたどっており、リサイクルを行うこと
が求められている。リサイクルを適切に行うことができないと土壌や水質の汚染、温室効果ガスの発生、さら
には生態系への悪影響等につながる可能性があり、持続可能性の観点からも、ごみの削減とリサイクルへの取
り組みに同時に取り組む必要がある。 
ごみのリサイクルについては、さまざまな啓発活動が行われ、環境保護団体も数多く存在する。国立環境研
究所・グリーン連合（2021）による報告書(1)では、公表されている環境 NPO/NGO の数は 2020 年の段階で 3989 団
体が確認されている。このような NPO/NGO を通じたボランティア活動は、実際にごみの削減などの環境保全に
どれほど役立っているのだろうか。 
環境ボランティアの活動が地域の住民に与える影響を検討した研究の例として、杉浦・大沼・野波・広瀬
(1998)(2)が挙げられる。彼らは、愛知県日進市における住民の意識調査から、ボランティアによるリサイクル
活動が活発なエリアでは、リサイクルの実行可能性が高く認知されていることを報告している。この結果は、
ボランティアの存在が、実際にリサイクル行動も促進することを示唆している。 
一方、ごみの排出量の規定要因を検討した先行研究では、１人あたり所得や１人あたり床面積、世帯人員数","考察に至らなかった。 
なお、図１は、自然環境保護ボランティアの参加率と1人1日あたり生活系ごみ排出量（対数）の散布図で
ある。生活系ごみは群馬県、福島県、徳島県、茨城県、山梨県などで多いが、環境庁2によると、これらの都
道府県はごみ収集の有料化が進んでいないことが考えられる。また、福島県、茨城県、宮城県など東日本大震
災の被災地では相対的に生活系ごみが多く、その影響がある可能性もある3。 
 
図１．自然環境保護ボランティアの参加率×1人1日あたり生活系ごみ 
 
 
2 家庭ごみ（粗大ごみを除く）の有料化実施状況について 
（令和５年度一般廃棄物処理事業実態調査結果（令和４年度実績） ）
https://www.env.go.jp/content/000223957.pdf 
3 テレビュー福島、https://newsdig.tbs.co.jp/articles/-/322226?display=1 (2023年2月10日) 
B S.E. β p B S.E. β p
一人当たり県民所得log0.142 0.091 0.240 0.127 -0.699 0.177 -0.552 <.001
一般世帯平均人数 0.056 0.140 0.100 0.690 -0.607 0.272 -0.506 0.031
一住宅当たり延べ面積log 0.045 0.132 0.095 0.738 0.713 0.258 0.702 0.009
自然や環境を守るための活動 -0.040 0",references/awards/text/2024/university-general/2024U5-shorei-01.txt,references/awards/notes/2024/university-general/2024U5-shorei-01.md
2024,paper,大学生・一般の部,審査員奨励賞,地方創生を推進する多角的複合指標の提案 ―SVM に基づく主観的でない変数選択と重み付け手法の検討―,衣川 凌太(神戸大学国際人間科学部環境共生学科),,https://www.nstac.go.jp/sys/files/sites/3/2024U5-shorei-02.pdf,references/awards/raw/2024/university-general/2024U5-shorei-02.pdf,2026-08-17T07:54:26.205306+00:00,c3aad44ff4c4815d817054477900f7f54f2236b1b5d659d9f6c2aa4e64596560,2152210,2024U5-shorei-02,9,16425,記述統計・可視化 / 相関分析 / 重回帰 / 時系列 / 主成分分析 / 因子分析 / クラスタリング,人口・移住,"はじめに 
1.1. 研究の動機と目的 
 本研究は、筆者らが執筆した「独自指標作成による地方創生の方法論と兵庫県活性化の提案」を改良
した研究である。過去の研究では、兵庫県が抱える複雑な課題をデータサイエンスの手法を用いて読み
解き、分析結果より活性化のために必要な施策を提案することを目的としていた。今後の課題として独
自指標の信憑性の評価を挙げていたが、執筆時点より改良を加えた後、実際に兵庫県統計課の課員の方
から信憑性の評価を頂けた。しかし、筆者は、複合指標を作成する過程で複合指標を構成する指標（サ
ブ指標）の選択やそれらを集約する際の重み付けにおいて主観的な判断が必要であることに、統計的な
信憑性が欠けるのではないかと感じていた。これを踏まえ、統計技法に基づく複合指標のサブ指標選択
と重み付けの手法について検討する共に、地方創生とデータサイエンスを組み合わせる際の主観性のあ
り方についても考えることを本研究の目的とする。 
1.2. 複合指標に関する先行研究 
 筆者ら(2024)[1]は、サブ指標選択の主観性排除のために、国・地方自治体が公開する資料を元にテキ
ストマイニングを行うことで、地域課題や地方創生に関するキーワードを抽出し、サブ指標選択の参考
とした。また、複合指標化する際に似た意味合いを持つサブ指標は除くべきだと一般的には考えられる
ため、主に重回帰分析の多重共線性の確認に用いられる VIF1を活用して、サブ指標の削減を行った。
これらの手法は主観性排除に寄","結論付けており、複合指標とレーダーチ
ャート等の多次元的な表現を組み合わせて使用することを推奨している。 
 複合指標の中でも、EU の IUS2で用いられる複合指標 SII が議論の対象として多く取り上げられ、サ
ブ指標の選び方や重みを変更すると、SII のサマリースコアや国の順位が大きく変動することを示して
いる。また、順位付けすること自体が不適切だと言及しているものもある。(Grupp, Mogee (2004)[4], 
Edquist, Zabala-Iturriagagoitia, Barbero, Zofío (2018)[5]) 
 
1 Variance Inflation Factorの略。一般的に、VIF≧10(R^2≧0.95)が多重共線性の目安とされる。 
2 Innovation Union Scoreboard の略。EU メンバー国の研究・イノベーション能力を評価するスコアボード。SII は、Summary Innovation Index の略。 

2 
次に、複合指標作成の注意点について明らかにする。Cherchye, Moesen, Puyenbroeck (2004)[6]は、
複合指標を作成する過程で解決しなくてはならない主な問題を挙げており、指標を選ぶこと、どのよう
な前処理（スケーリング 、外れ値処理等）を適応するか決めること、複数の指標をどのように集約する
かの 3 つだとしている。Gruupp ら(2004)[4]は、格差の大き",references/awards/text/2024/university-general/2024U5-shorei-02.txt,references/awards/notes/2024/university-general/2024U5-shorei-02.md
2024,paper,大学生・一般の部,審査員奨励賞,中学生の言語による表現を巡る規定要因分析 ―潜在意味解析と Elastic Net 回帰を用いた分析―,陣内 未来(九州大学大学院人間環境学府)、立山 皓基(九州大学教育学部),,https://www.nstac.go.jp/sys/files/sites/3/2024U5-shorei-03.pdf,references/awards/raw/2024/university-general/2024U5-shorei-03.pdf,2026-08-17T07:54:26.205306+00:00,4e249980bc1bf55e4aabee14c48f51018f730470e09b41392ae5b221e103a52b,731395,2024U5-shorei-03,9,15327,相関分析 / 重回帰 / 時系列,,"目的として分析を展開してきた。 
 以上の分析から本稿の知見は以下のように整理できる。 
 第一に、本研究対象である「水の作文」における表現は、生徒が日々経験する地域の自然環境に基づいて書
かれていることが示唆された。ここでもう一度、渡邉雅子の議論を振り返れば、日本の作文教育の特徴は児童
の体験を基にした共感型の作文を書くことにあった(渡邉, 2023)[14]。この指摘を踏まえれば、Elastic Net回
帰において、 各トピックに対して自然環境変数が影響を示していたことも納得ができよう。 この渡邉の指摘は
我々の経験を顧みても納得がいくものであるが、これまで児童生徒の作文データを基に統計的に検討したも
のではなかった。そのため、本研究の知見の一つはこの渡邉の指摘を統計的に実証したことにある。 
重要なのは第二の知見であり、生徒の作文における表現が地域の人的環境によってもたらされる可能性が
あり、 かつその影響の大きさは社会経済環境や自然環境よりも大きいことを示唆した点にある。 地域の財政規
模や自然環境は個人にとっては所与の条件であり、 これらを個人の力で変えることは困難である。 そのため、
これらの条件が作文のような個人の成果物に影響を与える場合、場合よっては「格差」を孕んでいるとも解釈
できる。一方で、人的環境はより個人の主体性を発揮しやすく、個人が様々な人と関わろうとすることで成果
物に対して正の影響を与えるのであれば、社会経済環境などの所与の条件を乗り越える変数とし","結論として書き手の精神的な成長がうかがえる今後の行為の指
針や心構えが書けている」(渡邉, 2023, p.227)[15]ことが求められ、日本の特徴であるという。この渡邉の指摘を
踏まえるならば、当然、児童生徒がどのような日常生活を送っているか、すなわち児童生徒を取り巻く社会経
済環境や自然環境、人的環境が彼らの表現に大きな影響を与えると考えられる。この指摘は渡邉によって度々
なされてきた(渡邉, 2001[13]; 渡邉, 2007[14]など)が、生の作文データと書き手を取り巻く様々な環境変数を結び
付けた分析が求められる分析上の困難さも相まってか、 これまで統計的な実証研究に裏付けられてこなかった。 
以上を踏まえて、本研究では子どもの「言語力」の内、その表現に着目し、彼らの繰り出す表現の規定要因
分析を行う。具体的には、中学生が言語によって繰り出す表現が何によってもたらされるのかを、地域の社会
経済環境や自然環境、人的環境に着目して明らかにする。 

2 
 
２．分析の枠組み：潜在意味解析とElastic Net回帰を用いた表現の規定要因分析の試み 
本研究では、後述する作文データにおける表現を従属変数にし、個人が顕在的・潜在的に接触しうる地域の
社会経済環境、自然環境、人的環境を独立変数とする。そのため、まず各作文の表現の抽出法として、本研究
では潜在意味解析(LSA: Latent Semantic Analysis)を用いる。潜在意味解析はテキストデータの解析に",references/awards/text/2024/university-general/2024U5-shorei-03.txt,references/awards/notes/2024/university-general/2024U5-shorei-03.md
2024,paper,大学生・一般の部,審査員奨励賞,データ駆動型因果探索による投票率変動要因の解明 ―全1639市区町村の投票率データを使用して―,関屋 百々花(一橋大学社会学部社会学科) 上原 颯馬、橋口 裕平、馬場 健生(一橋大学商学部経営学科),,https://www.nstac.go.jp/sys/files/sites/3/2024U5-shorei-04.pdf,references/awards/raw/2024/university-general/2024U5-shorei-04.pdf,2026-08-17T07:54:26.205306+00:00,82aa4c7f286a5cdb983c47c5f8d8df7d8866ff8621680da8dbc55207e5b8dba6,424805,2024U5-shorei-04,5,5036,相関分析 / 機械学習,政治・行政,"目的 
1.1 背景と研究の目的 
日本の国政選挙の投票率は、令和3年 10月に行われた第49回衆議院議員総選挙で55.93％、令和4年 7月
に行われた第 26回参議院議員通常選挙では52.05％となっている。衆議院選挙では昭和33年の 76.99％、参
議院選挙では昭和 55 年の 74.54％を最後に国政選挙の投票率は減少傾向である。国政選挙の投票率の低下は
国民の意思が適切に政治につながらず、 政治が持つ代表性の低下をもたらす。 投票率の低下に起因する代表性
の低下は、 日本という民主主義国家の根幹を揺るがす問題であり、 早急な是正が求められる喫緊の課題である
と言える。 本研究は投票率の変化の要因となりうる変数を特定し分析することで、 投票率を上げるための取り
組みに貢献し、延いては日本の国政選挙の投票率向上に資するものである。 
 
1.2 先行研究 
投票率の要因に関する研究は十分とは言えないものの、 いくつか行われている。 例えば、柿本ら（2004） （1）
では、投票率に対する期待効用モデルである Riker モデルをもとに、投票行動に影響を与える変数を明らか
にしており、接戦度、一人当たり行政投資額、若者率が強く影響を与え、一票の格差、完全失業率も若干の影
響を与えていることを明らかにしている。この事実をもとに、一票の格差是正、情報公開の推進、教育の充実
を提言している。 
 
２．研究の方法と手順 
2.1 分析対象変数の選定 
先行する柿元ら（2004）（","考察される。 
現行の施策の重点は、 期日前投票所の設置や投票所への移動支援等の投票環境の整備と、 主権者教育や選挙
日程の周知等の啓発運動の二点に置かれている。 本研究の分析の政策的含意は、 投票率と地域文化の不可分な
関係を指摘し、投票率向上施策の新たな方向性を示したことにある。例えば、家族や地域で選挙について話す
機会を設けたり、祭り等の地域行事の振興を通して地域内コミュニティを支援 したりする等の施策の実行余
地があると考えられる。 
本研究の分析の限界は二点ある。一点目は、本分析では選挙への関心や支持政党、地域への愛着などの心理
学的変数を使用できなかったことだ。二点目は、データの制約から投票者人口の実測値を使用できず、推測値
で代用したことだ。 
 
参考文献 
 （1） 柿元裕子、小柳昌子、西口香織里、今北恭平：“投票率の要因分析 ── 投票率上昇による民意反 
映を目指して”、ISFJ政策フォーラム2004研究報告 （2004）． 
 （2） Xun Zheng, Bryon Aragam, Pradeep Ravikumar, Eric P. Xing,：“DAGs with NO TEARS: Continuous 
Optimization for Structure Learning” 、NIPS'18: Proceedings of the 32nd International 
Conference on Neural Information Proc",references/awards/text/2024/university-general/2024U5-shorei-04.txt,references/awards/notes/2024/university-general/2024U5-shorei-04.md
2024,paper,大学生・一般の部,審査員奨励賞,小学生の運動能力についての要因分析,中原 智哉、山崎 柊丞(早稲田大学基幹理工学部応用数理学科),,https://www.nstac.go.jp/sys/files/sites/3/2024U5-shorei-05.pdf,references/awards/raw/2024/university-general/2024U5-shorei-05.pdf,2026-08-17T07:54:26.205306+00:00,132108fe999679dd9e4f4393670bf986acb86d5cf487fff1b9fa109bf76878f5,639650,2024U5-shorei-05,8,12054,相関分析 / 重回帰 / パネルデータ / クラスタリング / 検定,,"目的 
平成 11 年の体力・運動能力調査から導入された新体力テスト結果は、平成 24 年から 30 年にかけて、横
ばい、または緩やかな上昇が見られたが、昭和 60 年代水準には達していない(1)。また、令和元年の体力テ
ストにおいて大幅な低下が見られ、新型コロナウイルスの活動自粛後にはさらに低下している(2)。中央教育
審議会(2002)(3)は、体力の低下は，子どもが豊かな人間性や自ら学び自ら考える力といった「生きる力」を
身に付ける上で悪影響を及ぼし，創造性，人間性豊かな人材の育成を妨げるなど，社会全体にとっても無視
できない問題である、としている。子供の体力低下は、将来的に国民全体の体力低下につながり、社会全体
の活力が失われるほか、医療費コストの増加にもつながる重要な課題である。 
そこでまず 、体力低下の要因を考えてみる。村瀬ら(2007)(4)によると、子供の体力低下の要因は、テレビ
やネットの普及、外遊びできる広場の減少、スポーツクラブに通う子供の増加による、運動する子供としな
い子供の二極化であり、大人の関与の必要性を指摘している。現在、10 年前と比べてインターネットは急
速に発達しており、外遊びの機会はさらに減少していると考えられる。また、多くの研究で運動頻度が多い
ほど体力テストの合計点が高いことが示されているほか、中岡加奈絵ら(2019)(5)は、牛乳、乳製品の摂取量
と体力テストの合計点に正の相関がみられることを示した。石原ら(2015)(6)では、","考察から、我々は雇用環境の改善、扶養控除の対象年齢の緩和、体育での他クラスとの合同授業の
実施を提案する。雇用環境の改善については、具体的に政府が非正規雇用者の待遇改善と正規雇用枠の増加
を企業に促すべきである。扶養控除については、子供手当の創設に伴って、現在 16 歳未満の子供が対象と
なっていない(9)。また、扶養控除の金額が年間 38 万円であるのに対して、子供手当は年間 12 万円の支給に
とどまっている(10)。子供手当の支給が拡大されることが決まったが、それに追加して、扶養控除の対象年齢
を拡大することで、さらなる所得の増加が可能となる。それによって、運動機会と食事の量、質の向上が期
待できる。また、体育にて他クラスと合同で授業を行うことで競争相手が増え、運動促進効果が期待でき
る。また、体育の専科教師がいる学校では、合同授業によって、体育の総授業数が減り、一つ一つの授業の

7 
 
質が上がることが期待できるだろう。経済の観点からと運動の質の観点から対策をすることで新型コロナウ
イルスでの活動自粛によって失われた体力を戻すことができるのではないだろうか。 
 
第６節 終わりに 
 本研究では子供の体力を作る要因を家庭環境、地域環境、学校環境の 3 つの観点から分析を行った。小学
5 年生の体力テストの結果に対して、時間効果、個別効果をそれぞれ考慮に入れたモデルと考慮に入れてい
ないモデルを比較して、時間効果、個別効果が存在することを示したうえでそれらを分けて分析",references/awards/text/2024/university-general/2024U5-shorei-05.txt,references/awards/notes/2024/university-general/2024U5-shorei-05.md
2024,paper,大学生・一般の部,審査員奨励賞,XAI を用いた介護業界における地域別の従業者数の就業要因に関する 一考察,宮内 弘太(一般財団法人計量計画研究所研究本部),,https://www.nstac.go.jp/sys/files/sites/3/2024U5-shorei-06.pdf,references/awards/raw/2024/university-general/2024U5-shorei-06.pdf,2026-08-17T07:54:26.205306+00:00,8b5fc96375d2468ca3e899800f8cc073cfbe230040d4d5d49d20f68c74b667a8,2975738,2024U5-shorei-06,9,8856,記述統計・可視化 / 相関分析 / 機械学習,福祉・子育て,"目的 
近年、わが国では医療技術の目覚ましい発展による死亡率の低下や、少子化の進行による若年人口の減少な
どにより超高齢化社会が深刻化している。超高齢化社会とは、65 歳以上の割合が全体の 21％を超える場合を指
し、2025 年には全体の 30％に達すると言われている (1)。高齢化に伴う働き手となる労働人口の減少は介護業界
をはじめ、社会全体に大きな影響を及ぼしている。 
介護業界では昨今、介護サービスを担う人材が不足し、介護を必要とする高齢者が適切なサービスが受けら
れない介護難民や、高齢者が高齢者を介護する老々介護が顕在化している。厚生労働省の報告によると (2)、介
護保険を利用する被保険者数は年々増加しており、近年そのペースは急激に拡大している。介護業界に従事す
る従業者数も年々増加しているが、被保険者数の増加度合いに追いついていないのが現状である。我が国では、
この解決策として外国人介護人材の受け入れ施策を実施 (3)しており、2025 年からは、これまで外国人労働者は
施設系介護業務しか従事できなかったのが、訪問介護業務への従事も可能になるように検討されている (4)。 
積極的な人材確保や育成の検討はされている一方、介護業界における地域の従業者数がどのような要因で決
定されているのかを定量的に検討した事例は未だないことを踏まえ、本研究では介護業界の地域別の従業者数
に着目し、従業者数を予測するモデルの構築を試みる。モデルを構築する際は、今日様々な分野で活用されて","考察 
 
 
宮内 弘太 
（⼀般財団法⼈計量計画研究所研究本部） 
 
 
 
 
 
 
 

1 
 
 
XAI を用いた介護業界における地域別の従業者数 
の就業要因に関する一考察 
 
宮内弘太*1 
 
*1: 一般財団法人 計量計画研究所 研究本部 
 
 
１．背景と目的 
近年、わが国では医療技術の目覚ましい発展による死亡率の低下や、少子化の進行による若年人口の減少な
どにより超高齢化社会が深刻化している。超高齢化社会とは、65 歳以上の割合が全体の 21％を超える場合を指
し、2025 年には全体の 30％に達すると言われている (1)。高齢化に伴う働き手となる労働人口の減少は介護業界
をはじめ、社会全体に大きな影響を及ぼしている。 
介護業界では昨今、介護サービスを担う人材が不足し、介護を必要とする高齢者が適切なサービスが受けら
れない介護難民や、高齢者が高齢者を介護する老々介護が顕在化している。厚生労働省の報告によると (2)、介
護保険を利用する被保険者数は年々増加しており、近年そのペースは急激に拡大している。介護業界に従事す
る従業者数も年々増加しているが、被保険者数の増加度合いに追いついていないのが現状である。我が国では、
この解決策として外国人介護人材の受け入れ施策を実施 (3)しており、2025 年からは、これまで外国人労働者は
施設系介護業務しか従事できなかったのが、訪問介護業務への従事も可能になるように検討されている (4)。 
積極的な",references/awards/text/2024/university-general/2024U5-shorei-06.txt,references/awards/notes/2024/university-general/2024U5-shorei-06.md
2025,paper,高校生の部,総務大臣賞,医師数偏在の要因と医師数偏在の診療科偏在への影響,加藤 篤(名古屋大学教育学部附属高等学校) 医師数偏在と診療科偏在の関係性について相関分析を行い、主な診療科の全診療科に対する医師数比率をKruskal–Wallis検定及びDunn検定を用いて分析する事で医師数偏在が診療科偏在にもたらす影響を明らかにしている。,,https://www.nstac.go.jp/sys/files/sites/3/2025H1-daijin.pdf,references/awards/raw/2025/high-school/2025H1-daijin.pdf,2026-08-17T07:54:32.318075+00:00,1e4963617026caea7f1834149bb496e72ac8ce334427676c9bcca5561d6a3bd7,1029019,2025H1-daijin,9,15813,記述統計・可視化 / 相関分析 / 重回帰 / 検定,健康・医療,"目的 
現在 , 報道でもよく取り上げられるように 日本では 医療偏在が 深刻な問題 となっている . 
医療偏在の深刻な例としてへき地医療をあげよう. 日本では , へき地医療支援機構, へき地医療拠点病院, 
へき地診療所が連携して, へき地医療を担っている. 厚生労働省(1 )によると, 平成 6 年は 997地区あった無医
地区数は令和4年で577地区に減少している. しかしこれは, かなりの無医地区が無医地区の定義である 「医
療機関のない地域で, 当該地区の中心的な場所を起点として, おおむね半径４㎞の区域内に50人以上が居住
している地区であって, かつ容易に医療機関を利用することができない地区」における人口の条件を人口減
少により満たされなくなったからに過ぎない. 実際, 「無医地区には該当しないが, 無医地区に準じた医療の
確保が必要な地区と各都道府県知事が判断し, 厚生労働大臣が適当と認めた地区」である準無医地区数は平
成 6 年に 310地区, 令和 4年で 549地区と増加しているため, 問題の根本的な解決に至っていない. へき地以
外でも, 特に地方では医療偏在が深刻化している. 医療偏在は大きく 2 つに分類される. 1 つ目は, 全診療科
を合わせた医師の絶対数が地域間で偏っている事を意味する医師数偏在である. 一般に医療偏在はこれを指
し, マクロな視点で医療偏在を語る上で重要である. 各地域の医師数偏在の度合いを表す指数として医師偏
在指標が知ら","考察を行っている。 都道府県単位を基本として分析しているが、
同一県内でのばらつきも意識した分析となっている点はよい。 地域偏在だけでなく診療
科偏在にまで踏み込み、二次医療圏レベルの解析も実施し詳細な分析が行われている。
気候要因の解釈や経済的要因の検討が浅い面はあるものの、 分析の枠組みや論理展開も
明快で、政策的提言も具体的である。 
 
 

2 
 
医師数偏在の要因と医師数偏在の診療科偏在への影響 
 
１. 研究のテーマと目的 
現在 , 報道でもよく取り上げられるように 日本では 医療偏在が 深刻な問題 となっている . 
医療偏在の深刻な例としてへき地医療をあげよう. 日本では , へき地医療支援機構, へき地医療拠点病院, 
へき地診療所が連携して, へき地医療を担っている. 厚生労働省(1 )によると, 平成 6 年は 997地区あった無医
地区数は令和4年で577地区に減少している. しかしこれは, かなりの無医地区が無医地区の定義である 「医
療機関のない地域で, 当該地区の中心的な場所を起点として, おおむね半径４㎞の区域内に50人以上が居住
している地区であって, かつ容易に医療機関を利用することができない地区」における人口の条件を人口減
少により満たされなくなったからに過ぎない. 実際, 「無医地区には該当しないが, 無医地区に準じた医療の
確保が必要な地区と各都道府県知事が判断し, 厚生労働大臣が適当と認めた地区」である準無医地区数は平
成 6",references/awards/text/2025/high-school/2025H1-daijin.txt,references/awards/notes/2025/high-school/2025H1-daijin.md
2025,paper,高校生の部,優秀賞,都市類型別にみる所得格差のメカニズム -主成分分析とクラスター分析による都市分析,杉野 瑠美(雲雀丘学園高等学校) 日本全体では高齢化の様相が所得に二面的な影響を与える一方、都市の類型別に分析すると所得の決定構造が質的に異なることを見出している。特に「都市規模」を示す主成分の軸は、全体分析では所得に負の影響を与えるが「単身世帯型大都市」内では正に転じるなど、所得決定要因が都市類型に依存する構造となっていることを実証している。,,https://www.nstac.go.jp/sys/files/sites/3/2025H2-yushu.pdf,references/awards/raw/2025/high-school/2025H2-yushu.pdf,2026-08-17T07:54:32.318075+00:00,0cffea77a0bef1054c34f629d160e5a7a8660fdb5d1643f680c6db09109ac2b7,776756,2025H2-yushu,9,12850,記述統計・可視化 / 相関分析 / 重回帰 / パネルデータ / 時系列 / 主成分分析 / クラスタリング,労働・経済,"目的 
1.1 研究の背景と問題意識 
近年、日本の都道府県間における経済的格差は重要な政策課題として認識されている。国土交通省の報告[1]
によれば、 大都市圏の名目的な可処分所得は全国でも高水準にある一方で、 地域間には著しい隔たりが存在す
る。しかし、この指標は必ずしも住民の実質的な豊かさを反映するものではない。生活コストなどを考慮した
場合、むしろ都市部において「豊かさが実感しにくい」という逆転現象も指摘されており[2]、これは所得格差
の問題を、生活環境や支出構造といった多面的な視点から捉える必要性を 示唆している 。 
可処分所得の地域間格差に関する先行研究は、 その要因として多様な側面を明らかにしてきた。 格差は時代
と共に変動し、所得水準の高い地域への人口集中が格差拡大の一因となることが報告されている[3]。また、税
や社会保障による所得再分配機能は、一次所得の格差を一定程度緩和する効果を持つ。一方で、田辺ら[4]は、
相対的貧困率の規定要因として失業率や最低賃金といった雇用関連指標の重要性を実証しており、所得格差
が単なる経済現象ではなく、社会構造に根差した問題であることを示している。 
これらの人口動態や産業構造といった要因は、各都市の発展経緯や地理的条件によってその様相を大きく
異なる。したがって、全国一律の平均的な議論では、有効な政策的示唆を得ることは困難であり、所得格差を
生み出す構造を解明するためには、各都市の社会経済的な特性に基づいた類型化という視点","まとめる。分析の結果、統計的に有
意なモデルが構築できたのは、クラスター1「単身世帯型大都市」 （13 都市）のみであった。他のクラスター
では、サンプルサイズが僅少であることや、モデルの適合度が低いことから、所得変動を説明する有意な構造
を見出すことはできなかった。 
クラスター1「単身世帯型大都市」のモデルでは、自由度調整済み決定係数は0.52と、全体モデルを上回る
説明力を示した。このモデルで有意な説明変数として採択されたのはPC1と PC3であり、その関係は以下の
回帰式で示される。 
 
「単身世帯型大都市」 の回帰モデル： 
y = 17847.40 × PC1 + 28004.51 × PC3 + 396103.93 
 
ここで注目すべきは、PC1（単独世帯・都市規模軸）の係数が、全体モデルの負の値から正の値へと転じて
いる点である。この結果は、所得の決定構造が都市の類型によって質的に異なる可能性を示唆している。 
 
表 6 クラスタごとの回帰分析の結果 
クラスタ名 寄与率 自由度修正済み決定係数 有意な変数 
単身世帯型大都市（13 都市） 0.80 0.52 PC1（p=0.044<0.05 ） 
PC3（p=0.051<0.10 ） 
高齢化・資源不足地方都市（2 都市） データ数が少ないため実施せず 
高齢者を含む家族構成中核都市 （7都市） データ数が少ないため実施せず 
教育・医療資源整備都市（9 都市） 0.78 －0.76 有意な変数はなし",references/awards/text/2025/high-school/2025H2-yushu.txt,references/awards/notes/2025/high-school/2025H2-yushu.md
2025,paper,高校生の部,統計数理賞,地方移住の決定要因に関するパネルデータ分析 ーラグ効果の検証を通じてー,水本 優希(鳥取県立鳥取湖陵高等学校)、山口 晃(角川ドワンゴ学園 S高等学校) 被説明変数として都道府県ごとの転入者数を設定し、説明変数として2011年から12年分の一般病院数、老人福祉施設数、完全失業率等を用いている。説明変数が短期的効果では負に有意であるが中期的効果では正に有意であり、影響が反転することを明らかにしている。また男女別転入者数を被説明変数に設定した結果、性差による違いがあることを示している。,,https://www.nstac.go.jp/sys/files/sites/3/2025H3-suri.pdf,references/awards/raw/2025/high-school/2025H3-suri.pdf,2026-08-17T07:54:32.318075+00:00,ce62b56f4936dc98967cef6070d33a2a3306a6baa44fc0466d917d37cca21ac9,687216,2025H3-suri,9,16042,記述統計・可視化 / 相関分析 / 重回帰 / パネルデータ / クラスタリング,人口・移住,"目的 
現在日本では、総人口が減少する中で都市部への人口過密が進み、一方で地方の過疎化が深刻な問題と
なっている。特に地方の過疎化は、地域経済の縮小や地方の文化芸術の損失を招く可能性があるため解決
が急務である。私たち自身も、日本で最も人口の少ない県に暮らす県民として過疎化の現状を間近に見て
きた経験から、地域社会の活性化や人口流入の方策に強い課題意識を抱いている。そのため、本研究はそ
の課題意識が出発点である。このような状況を打開するために国は閣議決定（2014）:「まち・ひと・しご
と創生総合戦略」⁽⁷⁾を策定し、地方への人口移動を促している。私たちの住む鳥取県の鳥取市でも鳥取市
過疎地域持続的発展計画（2021）⁽⁸⁾を策定し、法的基盤に基づき、雇用機会の創出、住民福祉の向上なら
びに地方移住者の獲得に向けた生活環境の整備など包括的な対策をしている。 
これまで地方移住に主眼を置いた研究として、いくつかの調査が行われている。作野（2016）⁽¹⁾は島根
県の移住者を対象に移住者属性や移住先の地域特性を明らかにすることを目的としたアンケートを実施し、
移住の直接的なきっかけを定性的に調査した。その結果から、大都市圏から地方圏への移住で起きる「田
園回帰」と言われる現象の確認、移住者である若者の移動傾向などを示した。大橋ら（2011）⁽²⁾は対象と
した地域の移住者の価値観を国民生活選好度調査と比較することで分析し、年齢に沿った職種の変更なら
びに生活環境の情報提供を重視をする","おわりに 
 
6.1 学術的貢献 
本研究の貢献は以下の 3 点である。 
第 1 に、荒川（2024）で有意な影響を及ぼしていると示された説明変数の因果関係をより細かく推定
した点である。既存研究において使用した年次データの年数が不足しており、年数データを十分に蓄積
した定量的な分析ができていないという課題を抱えていた。 本研究で過去12年分のデータを使用しパネ
ルデータ分析を行った結果、既存研究と異なる知見を見出した点は本研究の大きな貢献であろう。 
第 2 の貢献は、本研究では、ラグ効果を用いて既存研究で十分に検討されていなかった説明変数の中
期的効果を示した点である。荒川 (2024)の研究は同時点での変数間の関係を主に検討してきたが、本研
究では変数が転入者数に与える影響が時間をかけて顕在化する可能性を重視し、1年、2年といったラグ
を設定して分析を行った。 これにより、 短期的な影響だけでは捉えきれない中期的な影響を明らかにし、
先行研究とは異なる知見を提示することができた。 
第 3 に、既存研究では検討されていなかった男女別の転入者数に有意な変数を示した点である。既存
研究では男女別の転入者数を被説明変数にしたパネルデータ分析を行った研究がないため、人口移動の
研究に進展を寄与したと いえるであろう。本研究では男女別の転入者数を被説明変数とすることで、説
明変数が男性と女性に及ぼす影響の違いを明確化した。この分析により、人口動態における性差を考慮
した新たな知見",references/awards/text/2025/high-school/2025H3-suri.txt,references/awards/notes/2025/high-school/2025H3-suri.md
2025,paper,高校生の部,統計活用奨励賞,介護職の離職率に影響する地域要因の分析と介護人材確保策の推進,勝田 花梨(江戸川学園取手高等学校) 高齢者割合は介護職の離職率に対して有意に負の影響、従業者密度は有意に正の影響があることを示すことで、高齢化が介護職の定着を促進する一方で業務負担の集中が離職を助長する可能性があることを明らかにしている。,,https://www.nstac.go.jp/sys/files/sites/3/2025H4-katsuyo.pdf,references/awards/raw/2025/high-school/2025H4-katsuyo.pdf,2026-08-17T07:54:32.318075+00:00,876da5983e2785351d90343e8dca27ab5f898ba4374c1614c9df05234c9945d8,939844,2025H4-katsuyo,8,9169,記述統計・可視化 / 相関分析 / 重回帰 / クラスタリング,福祉・子育て,"の目的と問題意識の背景 
 
1.1 背景 
2040年には85歳以上の高齢者が急増し、介護職員の必要数は2022年度の約215万人から2040年度に
は約 272 万人に増加すると予測されている。 (1) 
これにより介護サービスの需要が高まり、医療・福祉分野での人材確保が重要な課題となっている。一
方、介護職の離職率は高く、主な理由は職場の人間関係や身体的・精神的負担である。さらに、地域によっ
て高齢者の割合や介護の働き方、事業所の規模、住民の介護経験が異なるため、 離職率にも地域差があると
考えられる。 (2) 
 
1.2 課題の提示 
これまでの介護人材に関する政策では、給料や待遇の改善、人材の確保などが進められてきた。 しかし、
地域ごとの実情に合わせた対策は十分に整っていない。特に、地域の特性に応じた介護人材の計画を立て
る際、現状や将来の見通しを正しく把握できていないケースが多く、必要な対策が整理されないまま話が
進んでしまうこともある。 その結果、地域差に対応した施策が不十分となり、介護現場での人材不足が深刻
化している。 
また、介護職職員の年齢構成、通勤時間、地域の支援制度など、どのような情報を集めるべきか、集めた
情報をどう使うかといった分析の枠組みがはっきりしていなかったことから、地域ごとの介護人材の課題
を構造的に理解するのが難しくなっている。加えて、多くの自治体では働ける年齢の人（生産年齢人口） が
減ってきており、これまでのような人材確保策だけでは","考察を進めており、 クラスター毎に政策を提
案したのも良い。 具体的な社会問題に高校生が限られたデータで迫っていることに好感
が持てる。介護職の「従業者密度」については解釈の検討が課題となる。 

2 
 
 
介護職の離職率に影響する地域要因の分析と介護人材確保策の推進 
 
1． 研究 の目的と問題意識の背景 
 
1.1 背景 
2040年には85歳以上の高齢者が急増し、介護職員の必要数は2022年度の約215万人から2040年度に
は約 272 万人に増加すると予測されている。 (1) 
これにより介護サービスの需要が高まり、医療・福祉分野での人材確保が重要な課題となっている。一
方、介護職の離職率は高く、主な理由は職場の人間関係や身体的・精神的負担である。さらに、地域によっ
て高齢者の割合や介護の働き方、事業所の規模、住民の介護経験が異なるため、 離職率にも地域差があると
考えられる。 (2) 
 
1.2 課題の提示 
これまでの介護人材に関する政策では、給料や待遇の改善、人材の確保などが進められてきた。 しかし、
地域ごとの実情に合わせた対策は十分に整っていない。特に、地域の特性に応じた介護人材の計画を立て
る際、現状や将来の見通しを正しく把握できていないケースが多く、必要な対策が整理されないまま話が
進んでしまうこともある。 その結果、地域差に対応した施策が不十分となり、介護現場での人材不足が深刻
化している。 
また、介護職職員の年齢構成、通勤時間、地域の支援制",references/awards/text/2025/high-school/2025H4-katsuyo.txt,references/awards/notes/2025/high-school/2025H4-katsuyo.md
2025,paper,高校生の部,審査員奨励賞,小中高生の自殺要因についての統計的検討 ー地域差に着目したパネルデータ分析ー,佐々木 雄規(開成高等学校),,https://www.nstac.go.jp/sys/files/sites/3/2025H5-shorei-01.pdf,references/awards/raw/2025/high-school/2025H5-shorei-01.pdf,2026-08-17T07:54:32.318075+00:00,b58451111095a3b32f79fcea0502cbb2c5f34965210314d72e354b086fbfa240,728190,2025H5-shorei-01,9,12474,記述統計・可視化 / 相関分析 / 重回帰 / パネルデータ / 時系列 / 主成分分析 / 検定,,"目的 
 
1-1.問題意識の背景 
令和6年、国内の自殺者数は21,837人を記録した。これは前年度の同水準である。しかし、小学生中学生高
校生(以後、「学生」という。)の自殺者数は529人であり、平成元年から増加傾向にある。先進国と比べて
日本の学生の自殺率は高く、国際的に見ても日本の自殺率は高いといえる。話は戻るが、我が国の自殺者数
は平成10年に3万人を超えて以降、平成15年には統計を取り始めてから最多の34,427人を超えた。これを受
けて、平成18年に「自殺対策基本法」が成立し、翌年には政府が推進すべき自殺総合対策の指針として、「自
殺総合対策要綱」を定めた。しかし、自殺総合対策要綱では「自殺は、追い込まれた末の死であるという基
本的な認識を示すとともに、自殺対策を進める上では、失業、倒産、多重債務、長時間労働等の社会的要因
も踏まえて総合的に取り組む」とあるように、挙げられる言葉には学生にはほとんど無縁といっても過言で
はないものが多い。(平成28年8月に閣議決定された第3次自殺総合対策要綱において若年層向けの対策が明
言された。）そのうえ、令和5年文部科学省の調査によると、学生の自殺件数397人のうち詳細調査(発生後
速やかに着手する、原因などの基礎調査を踏まえて行われる、専門家を加えた調査組織において行う詳細な
調査を指す)の実施は32件と、全体の1割にも満たない状況である。また、文部科学省による統計と警察庁に
よる統計で自殺件数の定義の差がある状況を踏まえると","考察を与え、自殺対策に必要な施策を導くことを目的とする。 
1.2.先行研究等 
文部科学省は、令和5年度の学生の自殺時に置かれていた状況として多い順に家庭不和、精神障害、父母
等の叱責、進路問題、友人関係を挙げた。厚生労働省・警察庁は令和6年度の学生の自殺の原因として多い
順に学校問題、健康問題、家庭問題を挙げた。学校問題の構成要素として大きい順に学友との不和(いじめ
以外)、学業不振、進路に関する悩み（入試以外）を挙げた。また、中村 勇，長谷川有紀，堀江昭好ら(2014)
の研究は、スクールカウンセラーが自殺企図を防止できたと報告した。しかし、そもそも前２つについては
その項目の有意性を示すものですらなく、これらを統合して要因の有意性を判断する必要がある。以上の先
行研究を鑑み、学生の自殺に影響を与えるであろう説明変数を家庭環境要因、学校環境要因、公的制度要
因、その他の要因に選別する。 
 
2.研究の手法と手段 
2.1.変数と仮説 
目的変数の自殺発生率には、「学生100,000人あたりの自殺発生件数」を使用する。自殺未遂を含めた方
が実情を反映しているが、如何せん未遂に終わった自殺行為を集計するのは困難であるから、発生件数のみ
を対象とした。説明変数については1.2.をふまえ、学生の自殺に影響を与えるであろう説明変数を家庭環境
要因、学校環境要因、公的制度要因、その他の要因に選別する。片親率、一人当たり県民所得、虐待相談件
数を家庭環境要因、不登校件数、スクールカウン",references/awards/text/2025/high-school/2025H5-shorei-01.txt,references/awards/notes/2025/high-school/2025H5-shorei-01.md
2025,paper,高校生の部,審査員奨励賞,自己肯定感を高める要因となる共通特徴の探求,椎名 惇気(慶應義塾湘南藤沢高等部),,https://www.nstac.go.jp/sys/files/sites/3/2025H5-shorei-02.pdf,references/awards/raw/2025/high-school/2025H5-shorei-02.pdf,2026-08-17T07:54:32.318075+00:00,b1eb1b415196faaf74161659dd34222f5cc34dc45140505f057325f03d6a7998,2514794,2025H5-shorei-02,9,11941,記述統計・可視化 / 相関分析 / 重回帰,,,"考察した。 2-2.説明変数の作成について 本分析に⽤いる変数は、全国学⼒・学習状況調査のアンケート結果からも抽出した。その選択肢は （1.当てはまる 2.どちらかといえば当てはまる 3.どちらかといえば当てはまらない 4.当てはまらない） で構成されるが、本分析では1・3・4のみを採⽤した。理由は、1や3・4は回答者が明確な意識を持って選ぶのに対し、2は「なんとなく」で選ばれることが多く、信頼性が低いと考えられるからである。 
図１ 各国との⾃⼰肯定感の⽐較 
図2 ⾃⼰肯定感がある割合 図3 ⾃⼰肯定感がない割合 〔出典〕図1:こども家庭庁「わが国と諸外国のこどもと若者の意識に関する調査（令和5年度）」 より引⽤ 

 2 
2-3. ジャンルの細分化と仮説 2-1章で前述した3つのジャンルについて以下の特性要因図のように細分化し、相関の仮説を⽴てた。 
 3. データの加⼯ 3-1. 使⽤したデータと作成した指標 使⽤した変数 出典 ⼩中学⽣の⾃⼰肯定感（⾃分には良いところがあると思うか） ⼩中学⽣の・勉強時間 ・SNS動画視聴時間、スマートフォンの不所持率 ・ゲーム時間 ・放課後、週末の過ごし⽅ ・夢·⽬標の有無 ・⼈間関係の⾃⼰評価 
教育課程研究センター「全国学⼒・学習状況調査」令和6年度調査結果資料 問9 ・問21,22 ・問6 ・問5 ・問26 ・問11 ・問18 
総⼈⼝(2023)、可住地⾯積(2023)、外国⼈⼈⼝(2020)、1⼈当たり県⺠所得(2020)",references/awards/text/2025/high-school/2025H5-shorei-02.txt,references/awards/notes/2025/high-school/2025H5-shorei-02.md
2025,paper,高校生の部,審査員奨励賞,消滅可能性自治体を救うには,関根 悠大(早稲田大学系属早稲田実業学校高等部),,https://www.nstac.go.jp/sys/files/sites/3/2025H5-shorei-03.pdf,references/awards/raw/2025/high-school/2025H5-shorei-03.pdf,2026-08-17T07:54:32.318075+00:00,f85df3aad54646f14f6a31056093ebf767b87d0852ebc4992d7c8b83f5f0d4d5,1293917,2025H5-shorei-03,8,5368,記述統計・可視化 / 相関分析 / 重回帰 / 検定,,"目的 
1.1 先行研究 
2024 年人口戦略会議((2 )は、2020-2050年ま
での 30 年間で 20-39 歳の若年女性人口が
50％以上減少する地域を 744自治体とし、「消
滅可能性自治体」として発表した。このよう
な地域では若年女性人口が100年後には1割
程度にまで減少してしまい、最終的には消滅
する可能性が高いとされている 。 
また総務省 (3)によると、日本の総人口は
2050年には 9515万人と予想されており、約
25.5%も減少してしまう。高齢化率は約 20%
から約 40%に増加してしまう 。 
1.2 研究の目的 
本研究では、消滅可能性自治体とされた埼
玉県川島町の人口減少を防ぐための方策を
検討するため、若年女性人口増加へとつなが
る要因を明らかにしていくことが目的であ
る。また、川島町 への提言をベースに全国の 
消滅可能性自治体を救うためにはどうすれば よいのかを 提示することを目的とする。 
1.3 研究対象 
 本研究では埼玉県川島町を 対象地域とする。 
川島町は埼玉県の中部に位置する自治体である。分析をする際には、SSDSE-A(教育用標準データセット)の
中の 1728自治体の中から、人口が0.5万人～2万人と川島町と同程度である521自治体のデータを抽出し、
使用する こととする 。 
表 1：川島町の基本情報 (2025 年 8 月 1 日現在 ) 出典：川島町役 場(4) 
人口 男性 女性 世帯数 
18562 人","考察・提言 
③～⑥の結果をもとに消滅可能性自治体から川島町が脱するための提
言をする。 
３．データセットの加工 
3.1 若年女性の 人口 に影響する要因の特定 
 フィッシュボーン図を用い、 若年女性人口の増減 にかかわる 具体的な 要因を整理した。 
 
図 3：若年女性人口の増減 にかかわる要因 
図 2：本研究の手順 

4 
 
3.2 データの抽出、加工 
 表 3 のようにデータを抽出、加工した。 各要因に相関関係がないように気を付けた。 
表 3：データの出典、加工方法 
 
3.3 外れ値の除去 
521自治体のデータを対象に四分位範囲から上内境界点と下内境界点を求め、その範囲に入らない値を外れ
値として除去し、データを使用する。外れ値を除去した個数は表 4のとおりである。また、外れ値を除去する
前の若年女性人口 増加率の箱ひげ図を図 3 に挙げた。 
表 4 変数ごとの外れ値の個数 
 
 
 
 
 
 
 
４．データ分析の結果 
4.1 相関分析 、単回帰分析 
若年女性人口増加率と各変数の間の相関関係の有無を調べた。有意水準は0.05
とした。また、相関の強弱を示す基準は表5のようにした。結果は表6のように
なった。 
 表 5：相関係数と相関の強弱の基準 
相関係数 相関関係 
0.7 ≤ |𝑟| ≤ 1.0 強い相関 
0.4 ≤ |𝑟| < 0.7 やや強い 相関 
0.2 ≤ |𝑟| < 0.4 弱い相関 
0 ≤ |𝑟| < 0.2 無相",references/awards/text/2025/high-school/2025H5-shorei-03.txt,references/awards/notes/2025/high-school/2025H5-shorei-03.md
2025,paper,高校生の部,審査員奨励賞,5つの視点に基づく不登校の原因究明と対策,竹内 稜(早稲田大学系属早稲田実業学校高等部),,https://www.nstac.go.jp/sys/files/sites/3/2025H5-shorei-04.pdf,references/awards/raw/2025/high-school/2025H5-shorei-04.pdf,2026-08-17T07:54:32.318075+00:00,2c4026f6ff94dc586c373cbd3c25e6daba5207bb1dbc431d04dbfbb27769bc7c,820632,2025H5-shorei-04,9,9750,記述統計・可視化 / 相関分析 / 重回帰,教育,"目的 
 近年、不登校は社会問題となってきてい
る。特に、コロナ渦の影響でその数が大き
く増えている。右のグラフは平成26年度か
ら令和 5年度までの不登校児童生徒数の推
移を表す。これによると特にコロナ渦が本
格化した2020年度を境に不登校の生徒数が
年々増えていることがわかる。不登校は勉
強の遅れ、生活習慣の乱れ、体力の低下、
集団活動への適応力低下など様々なリスク
をはらんでいるため、不登校の解消は喫緊
の課題だ。本研究では解決のための取り組
みを提示する。 
 
1.2 各都道府県の現状 
 表 1 はe-Statの2017年度の統計から作成した都道府県別の不登校率ランキングである(古いデー
タのため現在と違う可能性もある)。表の中で、特に宮城県は小中の不登校率が全国1位、高校が同
2 位となっている（ここでの不登校率は不登校者数/在籍生徒数を表す)。この表に存在する5 府県
(宮城県、沖縄県、長野県、大阪府、石川県)について、なぜ多くの不登校の生徒を出してしまって
いるのか原因を探り、その解決策を提示することが本研究の命題である。 
表1 都道府県別不登校率上位3 県 2) 
 小・中学校 高等学校 
1 位 宮城県 4.672% 大阪府 3.832% 
2 位 沖縄県 4.646% 宮城県 3.579% 
3 位 長野県 4.634% 石川県 3.421% 
 
2. 研究の方法と手順 
 
 まず、不登校の原因に関する先行調査を参考にして仮説を立てる(正負の相関も","まとめた。(正の相関
を太字・ゴシック体 、負の相関を 下線・斜体字 で表している。 )3) 
[フィッシュボーンチャート ] 
 
3.2 使用するデータの出典等 
 説明変数 データの加工 出典/年度/データの範囲 
a.子ども(生
活習慣)※ 
睡眠(一日に行動した平均時間/
単位「分」) 
 SSDSE-D-2025 2021 年度 
都道府県 10 歳以上 
就寝(平均時刻/平日) SSDSE-D-2025 2021 年度 
都道府県 10 歳以上 
起床(平均時刻/平日) SSDSE-D-2025 2021 年度 
都道府県 10 歳以上 
旅行・行楽の総数(過去１年間
に活動した人の割合) 
 SSDSE-D-2025 2021 年度 
都道府県 10 歳以上 

3 
スポーツの総数(過去１年間に
活動した人の割合) 
 SSDSE-D-2025 2021 年度 
都道府県 10 歳以上 
趣味・娯楽(総数) 
(過去１年間に活動した人の割
合) 
 SSDSE-D-2025 2021 年度 
都道府県 10 歳以上 
インターネット利用時間(単位
「分」) 
 e-Stat 2024 年度 
都道府県 小学生～高校生 
b.親 仕事(一日に行動した平均時間/
単位「分」) 
 SSDSE-D-2025 2021 年度 
都道府県 
15 歳以上の有業者 週全体 
完全失業者数(1 年間あたり) SSDSE-A-2025 2020 年度 
県庁所在地 
合計特殊",references/awards/text/2025/high-school/2025H5-shorei-04.txt,references/awards/notes/2025/high-school/2025H5-shorei-04.md
2025,paper,高校生の部,審査員奨励賞,都市性と医師密度・年齢調整死亡率の関連性の解析,成清 嵩憲、安部 航平、岩本 瀬璃、矢方 大獅(大分工業高等専門学校),,https://www.nstac.go.jp/sys/files/sites/3/2025H5-shorei-05.pdf,references/awards/raw/2025/high-school/2025H5-shorei-05.pdf,2026-08-17T07:54:32.318075+00:00,a2a7ced51df138035bee80af5633e1702ee427d6e62068e242a5383d5b78c8b2,869294,2025H5-shorei-05,8,6953,記述統計・可視化 / 相関分析,健康・医療,"目的 
 福岡県を対象とした研究では，人口あたりの医師数が多い地域ほど急性心筋梗 塞の 死 亡
率が低い傾向が認められ，医師数の充実が健康アウトカムに寄与する可能性が示 唆さ れ た
(1)．このこと から ， 人口 当 たり の 医師 数 （あ ら ゆる 診 療科 の 医師 を 含め た 総数 を 人 口 で 割
った指標）は，住民が受けられる医療サービスの量や質に影響し，健康アウトカ ム（ 死 亡
率，罹患率， QOL など ）にも 関 与す る と考 えら れ る ．さ らに ，日本 で は医 師 の地 域 分 布 に
偏りが存在し，都市部と地方部で医療資源の格差が指摘されている．兵庫県の医 師偏 在 指
標によると，最も 医師 偏 在指 標が 高 い都 道 府県（ 東京 都： 324.0 ）と 最 も低 い都 道 府 県 （ 新
潟県：171.9 ）で は約 1.88 倍の 格差 が ある (2 )．特 に 地方 部で は，専門 医 への ア クセ ス が 困 難
なことや救急医療体制の脆弱であることから，予防可能な死亡の増加や救命率の 低下 が 懸
念される．また， 2025 年 には 団塊 世 代が 後 期高 齢者 と なり ，近 い将 来 医療 需 要が 急 激 に 増
加することが予想されており，地方部では高齢化の進行も加速することから，医 療格 差 の
拡大は社会問題としてさらに深刻化する可能性がある． 
限られた医療資源を効果的に配置するためには，データ分析","結論 へ と発 展さ せ るこ と がで き る と考
える ． 
 
参考文献 
(1) 大坪浩一 , 山岡和枝 , 横山徹爾，高橋邦彦，丹後俊郎．標準化死亡比の経験的 ベ イズ
推定による 医療資 源 の死 亡 に及 ぼ す影 響 に関 す る研 究 ─福 岡 県に お ける 事 例 ─ ． 日本
公衛誌， 第 51 巻第 5 号， 2004 ． 
(2) 兵庫県． 「 医療 偏 在指 標（ 都 道府 県 別） 」 ． 
https://web.pref.hyogo.lg.jp/kf15/tiikibukai/documents/siryou3 -6-2.pdf ， （参照 2025 -09-02 ） 
(3) 厚生労働省 ． 「年齢調整死亡 率に つい て 」． 
https://www.mhlw .go .jp/touk ei/ saikin /h w/jinkou/ot he r/20 sibou/ind ex.h tml ，(参照 202
5-08 -16)",references/awards/text/2025/high-school/2025H5-shorei-05.txt,references/awards/notes/2025/high-school/2025H5-shorei-05.md
2025,paper,高校生の部,審査員奨励賞,合計特殊出生率の変動要因分析,松本 春飛(京華高等学校),,https://www.nstac.go.jp/sys/files/sites/3/2025H5-shorei-06.pdf,references/awards/raw/2025/high-school/2025H5-shorei-06.pdf,2026-08-17T07:54:32.318075+00:00,29b3f700609a7f9a5589bade3badc869d3e3254ee4525f9f64e7fa1c2be76050,1601312,2025H5-shorei-06,9,7743,記述統計・可視化 / 相関分析 / 重回帰,,目的 日本の少子化は、社会経済の持続可能性を揺るがす構造的課題として長年議論されてきた。その核心的指標である合計特殊出生率 （以下、TFR）は 、人 口 置 換 水 準 を 大 幅 に 下 回 り 続 け 、か つ そ の 値 に は 顕 著 な 地域差が存在する。例えば、2022年において沖縄県のTFRが1.70である一方、東京都は1.04と大きな隔たりがある1。本研究の目的は、都道府県別の公表統計データを用い、TFRの変動を説明する社会・経済・人口構造的要因を多角的に分析することにある。特に、複数の要因が相互に影響し合う現実を考慮し、重回帰分析を主たる分析手法として採用する。 少子化の要因に関する研究は数多く蓄積されている。 山田 （1999）2 は若年層の経済的基盤の脆弱性を指摘し、 武田 （2005）3 は女性の就労と育児の両立の困難さに焦点を当てた。 これらの研究は、 個人や世帯レベルのミクロな視点から問題を分析した点で重要である。一方、マクロな地域レベルの分析として、稲葉（2024）4 は都道府県データを用いた重回帰分析を行い、核家族世帯割合や保育所数がTFRや婚姻率に正の影響を与えうることを示した。 この研究は、 本稿と同様のアプローチを取る先行事例として重要である。本研究は、 稲葉 （2024）の 分 析 を 発 展 さ せ 、所 得 や 人 口 密 度 と い っ た マ ク ロ 経 済・人 口 構 造 変 数 に 加 え 、新たに大学進学率（高学歴化の代理変数,,references/awards/text/2025/high-school/2025H5-shorei-06.txt,references/awards/notes/2025/high-school/2025H5-shorei-06.md
2025,paper,大学生・一般の部,総務大臣賞,何が女性議員比率を左右するのか ―東京特別区議会を対象にしたパネルデータ分析―,永渕 真緒(津田塾大学総合政策学部総合政策学科) 女性の投票率が男性よりも高い地域では女性議員が増加する傾向にあり、投票率の性差が有意な正の効果を示すこと、また、Hausman 検定により女性議員比率を説明する変数と個別効果との間に相関関係があることを明らかにしている。,,https://www.nstac.go.jp/sys/files/sites/3/2025U1-daijin.pdf,references/awards/raw/2025/university-general/2025U1-daijin.pdf,2026-08-17T07:54:32.318075+00:00,54e66dcbb6ebc8fbb5324c3f5531427fa8350de322998c89133d5b7b8d39ff82,999281,2025U1-daijin,9,15168,記述統計・可視化 / 相関分析 / 重回帰 / パネルデータ / 検定 / 因果推論,政治・行政,"目的に適した分析展開を行ってお
り、 政策的関心に応える研究内容となっている。 モデル比較も丁寧に行っていて固定効
果モデルの採用に説得力があり、 先行研究に基づく仮説形成、 課題設定、 分析アプロー
チ、結果の解釈など上手に組み立てられていて文章も大変明快である。 
 
 
 

2 
 
何が女性議員比率を左右するのか 
―東京特別区議会を対象にしたパネルデータ分析― 
 
1. 研究のテーマと目的 
 
1-1. はじめに 
 2025 年6 月11 日に世界経済フォーラムが発表した“Global Gender Gap Report 2025”によると、日本のジ
ェンダーギャップ指数は148 カ国中118 位、政治分野では148 カ国中125 位であった。日本は女性の政治
参加において世界的な遅れをとっており、これを促進することは喫緊の課題であると言える1)。 
 ジェンダーギャップ指数の指標の一つとなっているのが、議会における女性比率である。地方議会に目を
向けると、2023 年の統一地方選挙では、改選の対象となった計746 議会のうち28.8%が、女性が1 人もし
くは1 人もいない「女性ゼロワン議会」となった2)。地方議会の女性比率は「地域格差が極めて大きいこと
が日本の特色」であり（三浦、2023、pp.31-33）3）、実際、日本の首都である東京都では、杉並区議会が同
選挙で女性議員数を1.7 倍増加させ「女性過半数」を達成した4）。一方、特別区で女性議員比率が最",,references/awards/text/2025/university-general/2025U1-daijin.txt,references/awards/notes/2025/university-general/2025U1-daijin.md
2025,paper,大学生・一般の部,優秀賞,教員の精神疾患休職の要因と教育政策への示唆,大野 恒平(新潟大学経済科学部総合経済学科) 時系列分析では不登校と休職にグレンジャー因果性、インパルス応答関数から休職への影響を確認することで、児童や家庭側の意識や取り組みが向上すれば教員の負担が減り、休職も減る可能性を示唆する結果を得ている。,,https://www.nstac.go.jp/sys/files/sites/3/2025U2-yushu.pdf,references/awards/raw/2025/university-general/2025U2-yushu.pdf,2026-08-17T07:54:32.318075+00:00,19251d8c7460263695033cb7e307a892630eaf5509a53626872e3e6374038cae,1679526,2025U2-yushu,9,10951,記述統計・可視化 / 相関分析 / 重回帰 / 時系列 / 検定,教育 / 健康・医療 / 政治・行政,"目的 
学校教員を取り巻く環境は年々厳しさを増している。その実態を端的に示すのが精神疾患による休職者の増
加である。図 1 は公立学校の精神疾患による教員の休職率に加え、児童生徒における不登校率、暴力発生率、
いじめ発生率の推移を校種別に示したものだ。休職率はコロナ禍で一時的に減少したものの、近年は小・中・
高いずれの校種でも急激な増加傾向が確認できる。特に小学校は2019 年に中学校を上回り、現在では最も休職
率が高い校種となっている。不登校率に関しても、どの校種においても増加傾向にあることが確認できる。た
だ、グラフからは分かりづらいが、2011 年から 2023 年までの増加率は小学校が約 7 倍と抜きんでている。暴
力、いじめに関しては校種によって傾向が異なる。暴力発生率は中学校や高校では減少傾向にあるのに対し、
小学校のみ一貫して増加していることが確認できる。いじめ発生率においても小学校における増加率が異常に
高い。教員の休職、児童生徒の不登校、暴力、いじめといった問題は全体的に深刻化していると思われがちだ
が、特に小学校においてより悪化している事実が取り上げられることは少ない。 
 
図 1 教育関連指標の時系列推移 
さらに、教員採用試験の倍率低下も深刻な課題である。2024 年度の小学校教員採用試験の倍率は過去最低の
2.2 倍となり、2000 年度の 12.5 倍をピークに一貫して低下傾向にある（図2）。倍率低下の背景には、昭和の
大量採用世代が退職を迎えたこと","考察
がなされている。時系列分析と横断面分析で要因変数の整合性が課題となる。 
 
 
 

2 
 
教員の精神疾患休職の要因と教育政策への示唆 
 
第 1 章 研究のテーマと目的 
学校教員を取り巻く環境は年々厳しさを増している。その実態を端的に示すのが精神疾患による休職者の増
加である。図 1 は公立学校の精神疾患による教員の休職率に加え、児童生徒における不登校率、暴力発生率、
いじめ発生率の推移を校種別に示したものだ。休職率はコロナ禍で一時的に減少したものの、近年は小・中・
高いずれの校種でも急激な増加傾向が確認できる。特に小学校は2019 年に中学校を上回り、現在では最も休職
率が高い校種となっている。不登校率に関しても、どの校種においても増加傾向にあることが確認できる。た
だ、グラフからは分かりづらいが、2011 年から 2023 年までの増加率は小学校が約 7 倍と抜きんでている。暴
力、いじめに関しては校種によって傾向が異なる。暴力発生率は中学校や高校では減少傾向にあるのに対し、
小学校のみ一貫して増加していることが確認できる。いじめ発生率においても小学校における増加率が異常に
高い。教員の休職、児童生徒の不登校、暴力、いじめといった問題は全体的に深刻化していると思われがちだ
が、特に小学校においてより悪化している事実が取り上げられることは少ない。 
 
図 1 教育関連指標の時系列推移 
さらに、教員採用試験の倍率低下も深刻な課題である。2024 年度の小学校",references/awards/text/2025/university-general/2025U2-yushu.txt,references/awards/notes/2025/university-general/2025U2-yushu.md
2025,paper,大学生・一般の部,統計数理賞,クラスタリングを用いた男子中学生の持久力低下の要因特定,新井 陽登、陸 家傑、宮下 真翔(上智大学大学院理工学研究科) 岡田 蒼未、柴田 悠生(上智大学理工学部情報理工学科) 生徒の肥満率、運動部の加入率、朝食を毎日食べるという生活習慣が持久力に有意な影響を与える主要因であること、クラスタリングにより都道府県が「標準型」「生活習慣課題型」「食文化・環境要因型」に分類できることを明らかにしている。,,https://www.nstac.go.jp/sys/files/sites/3/2025U3-suri.pdf,references/awards/raw/2025/university-general/2025U3-suri.pdf,2026-08-17T07:54:32.318075+00:00,a856953d263f01ce7c43ca5472ec7a609b60bb07ffb499bb0ba8a0c916a3771b,796398,2025U3-suri,9,12832,相関分析 / 重回帰 / パネルデータ / 時系列 / クラスタリング / 検定,,"目的は明確であり、 男子中学
生の持久力テストの分析モデルを２つの検定を経て適切に選択している。 また有意な説
明変数を用いたクラスタリングに基づく類型別の施策の提言も有益である。 モデル選定
の検討を丁寧に行っており、 各クラスターにおける特徴を踏まえて具体的な提案を提示
している点は評価できるが、 パネル年次が短いため時間的因果関係を裏付けるには限界
がある。 

2 
 
 
 
 
 
 
クラスタリングを用いた男子中学生の持久力低下の要因特定 
 
 
１．研究のテーマと目的 
 近年、コロナ禍を経て、我々の体力や運動能力の低下が問題となっている。スポーツ庁健康スポーツ課は、
コロナ禍における運動不足が子どもたちの体力低下のみならず、将来的な生活習慣病のリスク増大や健全な
育成の阻害に繋がるとして警鐘を鳴らしており [1]、その対策は急務である。 
子どもたちの体力低下に関して、スポーツ庁の「全国体力・運動能力、運動習慣等調査」の結果[2]によると、
中学校男子において、20mシャトルランや持久走といった持久力関連種目の平均値が、令和元年度（コロナ禍
以前）と比較して悪化している。 （図 1・2） 
 
図 1 中学生 20m シャトルランの結果の推移 図 2 中学生男子 持久走(1500m) 結果の推移 
 ([3]より作成) 
 
 これら 2 種目はどちらも持久力を測る種目であり、コロナ禍を経た今、特に中学生男子の持久力の低下が
喫緊の課題であることが示唆される。","まとめと今後の展望 
 本研究では、 コロナ禍を背景とした中学生男子の持久力低下という課題に対し、 その要因を特定するため、
都道府県別のパネルデータ分析を行った。分析の結果、生徒の肥満率、運動部の加入率、そして朝食を毎日食
べるという生活習慣が、 持久力に有意な影響を与える主要因であることが明らかになった。 これらの要因に基
づき都道府県をクラスタリングした結果、 全国は 「標準型」 「生活習慣課題型」 「食文化・環境要因型」 という、
それぞれ特性の異なる3 つの類型に分類できることが示された。この分析から導かれる最も重要な結論は、
中学生男子の持久力低下という問題は、 全国一律の課題ではなく、 その背景にある要因が地域によって大きく
異なるという点である。したがって、画一的な体力向上策を全国で展開するのではなく、各地域の特性に応じ
た、最適化された施策を立案・実施することが不可欠である。例えば、 「生活習慣課題型」の地域では運動と
食事の両面からの基本的な生活習慣の改善が求められる一方、 「食文化・環境要因型」の地域では、塩分摂取
量や気候といった、より地域に根差した要因へのア プローチが必要となる。 
 本研究の課題としては、主に2点が挙げられる。第一に、都道府県というマクロな単位での分析に留まって
いる点である。この分析方法では、地域全体の平均的な傾向は捉えられるものの、集団の傾向が必ずしも個人
に当てはまるとは限らないため、生徒一人ひとりの多様な実情を見過ごしてしまう",references/awards/text/2025/university-general/2025U3-suri.txt,references/awards/notes/2025/university-general/2025U3-suri.md
2025,paper,大学生・一般の部,統計活用奨励賞,日本におけるMRI設置の現状と過剰導入の実証的検証,川村 結愛、磯﨑 結希、鍛治 和香、濱田 侑弥、宮脇 渉多 (大阪経済大学経済学部経済学科) 多くの市町村ではMRIの設置台数が概ね最適であるが、一部地域では大幅な過剰設置が確認されており、過剰導入は都市部に限らず地方都市にも見られることから地域ごとに差異が存在することを明らかにしている。,,https://www.nstac.go.jp/sys/files/sites/3/2025U4-katsuyo.pdf,references/awards/raw/2025/university-general/2025U4-katsuyo.pdf,2026-08-17T07:54:32.318075+00:00,d42b4dbf0588b1b718b8d028870ab9da598d1d2875b4a4cbb5646a2af08a6719,1135300,2025U4-katsuyo,9,9574,記述統計・可視化 / 重回帰 / パネルデータ / 検定,,"問題意識と分析結果の説明が弱いため政策的含意が必ずしも十分に導出 されていな
い点が課題となる。 

1 
日本におけるMRI 設置の現状と過剰導入の実証的検証 
 
第1 節 はじめに 
近年、 日本における国民医療費は少子高齢化に伴い増加の一途を辿っており、 今後もその
傾向が続くと予想されている。 厚生労働省が発表した 「医療費の将来見通し」 によれば、2023
年の国民医療費は約 47.3 兆円であるのに対し、2040 年には約 78.1 兆円に達すると推計さ
れている。 (1)さらに医療費の GDP 比率も同時に増加傾向にあり、この進度で増加した場合、
将来世代の財政負担は一層重くなり、 医療保険制度の持続が困難になる恐れがある。 以上の
ことから、医療費の増加を抑制することは喫緊の課題であるといえる。 
医療費の増加は高齢化だけでなく、 他の要因も大きく寄与している。 総務省統計局のデー
タに基づき 1995 年を基準年として作成した 「医療費公費負担、 高齢化率の推移 （指数化） 」
によれば、国民医療費は 2023 年において 1995 年比で約 2.13 倍に増加している。(2)一方、
高齢化率（ 65 歳以上人口の割合）も 2023 年に約 1.99 倍増加しているが、2010年代以降は
その伸びが緩やかになっている点が確認される。 注目すべきは、 高齢化率の上昇が鈍化する
一方で、 医療費の公費負担額は引き続き高い伸びを示していることである。 これは、 医療","考察する。はじめに、ある市場に存在する病院数を𝑁𝑗、 そのうちMRI を導入
している病院数を 𝑛𝑗 と定義する。 このとき、当該市場で 𝑛𝑗 個の病院が MRI を導入している
場合の「 1 病院あたり」の利潤は 
 
𝜋(𝑛𝑗 ) = 𝑅𝑗( 𝑛𝑗 ) ∙ 𝑆𝑗 − 𝐹 + 𝜀𝑗(1) 
と表される。 
ここで、 
• 𝑅𝑗( 𝑛𝑗)は 1 人あたりの診療報酬収入から平均可変費用を差し引いた「可変利潤」 で
ある。 これは導入病院数 𝑛𝑗 に応じて低下することが想定される 。 
• 𝑆𝑗 は市場規模 (例：人口 ) 
• 𝐹 は MRI 導入にかかる固定費用 
• 𝜀𝑗 は市場ごとの利潤に影響を与える観察不可能な要因 
である。 
次に、式 (1) を推定可能な形 にするため 、可変利潤を 
𝑅𝑗( 𝑛𝑗) = 𝛽1 − ∑ 𝛽𝑗
𝑁
𝑗=2
𝐷𝑗 
と仮定する。 𝐷𝑗 は𝑗個の病院が MRI を導入していた場合に１となるようなダミー変数であ
り、追加的な病院の MRI の導入が既存病院の利潤に与える影響を捉えている。 
また、市場規模 𝑆𝑗には市町村ごとの人口 (百万単位)を用いる。 これらを式(1)に代入する
と、利潤は 
𝜋(𝑛𝑗 ,𝑍𝑗) = (𝛽1 − ∑ 𝛽𝑗
𝑁
𝑗=2
𝐷𝑗 ) ∙ 𝑆𝑗 − 𝐹 + 𝜀𝑗 
の形で表される 。 
次に、 病院が新たにMRI を導入するか否かの意思決定を考える。 もし市場に新たな病院が
参入しようとした際に、利潤が正（すなわち",references/awards/text/2025/university-general/2025U4-katsuyo.txt,references/awards/notes/2025/university-general/2025U4-katsuyo.md
2025,paper,大学生・一般の部,審査員奨励賞,CO 2 排出特性による市区町村の類型化と地域特性の関係に関する研究 ―2017年度と2022年度のCO 2 排出量データを用いた分析,小松原 早貴(独立行政法人国際観光振興機構),,https://www.nstac.go.jp/sys/files/sites/3/2025U5-shorei-01.pdf,references/awards/raw/2025/university-general/2025U5-shorei-01.pdf,2026-08-17T07:54:32.318075+00:00,d227051b008d2fdc30426dfdbf2314ae8a559cf37b76f834cf6486ed2c28543b,505528,2025U5-shorei-01,9,16383,重回帰 / クラスタリング,,"目的 
地球温暖化による気候変動の深刻化に伴い、持続可能な社会の実現に向けて脱炭素の取り組みが世界的
に急務になっている。日本政府も2020年10月に2050年までに温室効果ガスの排出量を全体でゼロにす
る「カーボンニュートラル」を宣言した。 「地球温暖化対策の推進に関する法律」では、 「地方公共団体も
温室効果ガス削減に向けた施策を策定し、実施するよう努める」と明記されており、環境省は「2050年ま
でに二酸化炭素を実質ゼロにする」と宣言した市区町村を「ゼロカーボンシティ」と定義するなど、市区
町村においても積極的な温室効果ガスの削減に向けた取り組みが重要となっている。 
市区町村とカーボンニュートラルに関連する研究はこれまでにもなされているが、CO2 排出量の側面か
ら分析されたものが多い。例えば、中口（2011）は2007年のデータを用いてCO2の排出特性による市区町
村の類型化と地域特性の関係を分析し、1 人あたりCO2排出量は、人口密度が高い、人口規模が大きい等
の特徴を持つ都市的な地域ほど、業務部門で排出量の大きい市区町村にますます集中し、家庭および運輸
部門および全合計で小さくなる傾向があることを指摘した。また、1990～2007年のCO2排出量の増減率か
ら製造業や業務を含む5 類型で増加していることを指摘した。松橋・石河（2018）は、CO2排出量の中で
も家庭と乗用車から生じる排出量に着目し、家庭および乗用車からのCO2排出量は、同じ都道府県の中で
も集合住宅","考察、公益社団法人 日
本都市計画学会 都市計画論文集、53、3、pp.913‐918（2018） 
（2）中口毅博、CO2排出特性による市区町村の類型化と地域特性の関係に関する研究 －2007 年市区町村別 
CO2 排出量に基づく分析－、環境科学会誌24、4、pp.329-340（2011） 
（3）峰岸直輝、地方創生におけるEBPMのためのデータ分析、信金中金月報、24、3、pp.23-24（2025） 
（4）環境省 脱炭素地域づくり支援サイト https://policies.env.go.jp/policy/roadmap/preceding-region/ （最終
閲覧日 2025年8月29日） 
（5）鹿児島県 「屋久島CO2フリーの島づくり」とは https://www.pref.kagoshima.jp/ad02/kurashi-
kankyo/kankyo/sougou/co2free/yakushimaco2free.html（最終閲覧日 2025年8月29日） 
（6）環境省 部門別CO2排出量の現況推計 https://www.env.go.jp/policy/local_keikaku/tools/suikei.html（最終
閲覧日 2025年8月29日）",references/awards/text/2025/university-general/2025U5-shorei-01.txt,references/awards/notes/2025/university-general/2025U5-shorei-01.md
2025,paper,大学生・一般の部,審査員奨励賞,女性の社会進出を支援する環境要因分析と改善案の提言,小村 涼太郎、杉山 航太、伊藤 諒、後藤 隼人(上智大学大学院理工学研究科) 飯泉 匠朗、竹浪 悠人(上智大学理工学部情報理工学科),,https://www.nstac.go.jp/sys/files/sites/3/2025U5-shorei-02.pdf,references/awards/raw/2025/university-general/2025U5-shorei-02.pdf,2026-08-17T07:54:32.318075+00:00,2b336636a360d78693caedc8827aa2038fcfeca6331c6c27578370f29f6b565e,1301057,2025U5-shorei-02,9,11751,記述統計・可視化 / 相関分析 / 重回帰 / パネルデータ / 時系列 / 主成分分析 / 因子分析 / クラスタリング / 検定,環境・エネルギー,目的 現代日本社会において，女性の社会参加の促進は経済成長や社会の多様性確保，さらには持続可能な社会の実現に向けた重要な課題となっている．女性の社会参加が進むことで，労働力人口の増加や経済の活性化が期待されており，特に少子高齢化による労働力不足が深刻化する日本においては，女性の労働市場への参画が不可欠であるとされている．実際，女性の就業率が先進諸国並みに引き上げられれば，日本のGDPは増加するとの試算もあり，女性の活躍は経済成長の大きな推進力として期待されている[1]． また，女性の社会参加は単なる労働力供給の拡大にとどまらず，企業や組織に多様な視点や価値観をもたらし，イノベーションや問題解決力の向上，組織の柔軟性や競争力の強化にも寄与することが明らかになっている[2]．男女双方が意思決定や政策形成に参画することで，より多様なニーズに応じた政策やサービスの創出が可能となり，社会全体の包摂性や公平性も高まる．さらに，女性の経済的エンパワーメントは世帯収入の増加や生活困難リスクの低減にもつながり，成長の恩恵を広く社会に波及させる効果がある[3]． しかしながら，現実には依然として多くの地域で女性の就業率が低迷している[4]．その要因としては，子育てと仕事の両立をめぐる環境整備の遅れや，育児支援の不足，産業構造の特性などが指摘されている．特に， 子育てを担う女性は労働時間が制約されやすく，これがキャリアの中断や就業継続の難しさにつながっている[5]． 女性の社会参加は， 少子高齢化によ,考察を行なう． • 15歳未満人口の割合（係数 = +0.0109） 若年人口の割合が高いほど女性の就業率が高くなることが示された．この解釈として，子供が多い地域では共働き文化が強い，もしくは育児環境が整っているという可能性がある． • 幼稚園教員平均負担（係数 = -0.0053），保育園落選率（係数 = -0.0099） 保育の競争率が高まり，保育園に入りにくいほど女性の就業率が低く，保 育士1人あたりの平均負担人数が少ないほど女性の就業率は高くなることが示された．これは，保育サービスの供給力が女性の就業継続に関係していることを示してる． 4.2 主成分分析に基づく要因となる変数の縮約 続いてこれらの変数を用いて主成分分析を行う．本分析の目的は，変数が複雑に絡み合う関係を整理し，解釈や政策提言に繋げやすい形にすることである．特に「15歳未満人口割合」と「保育関連指標」を統合し，「保育需要と供給バランス」といった新たな指標として扱うことで，考察を行いやすくした．また，変数を整理することでクラスタリングの距離計算が安定し，可視化も容易になる．主成分分析による因子負荷量と累積寄与率を以下の表5に示す． 表5 主成分分析の結果 PC1 PC2 PC3 第3次産業就業率 0.481 -0.478 -0.674 15歳未満の人口_割合 0.465 0.663 0.110 幼稚園教員平均負担人数 0.462 -0.509 0.723 保育所の落選率 0.582 0.269 -0.104 分,references/awards/text/2025/university-general/2025U5-shorei-02.txt,references/awards/notes/2025/university-general/2025U5-shorei-02.md
2025,paper,大学生・一般の部,審査員奨励賞,デジタル教科書は学力にプラスかマイナスか? :機械学習×SHAP解析による検証,立花 れい菜(上智大学大学院応用データサイエンス学位プログラム),,https://www.nstac.go.jp/sys/files/sites/3/2025U5-shorei-03.pdf,references/awards/raw/2025/university-general/2025U5-shorei-03.pdf,2026-08-17T07:54:32.318075+00:00,6618ac88f3839be8fb206fa72f04c68c090736c32796c4ae86f8fa262e550225,1968390,2025U5-shorei-03,9,9681,記述統計・可視化 / 相関分析 / 重回帰 / パネルデータ / 機械学習,教育,"目的
2019年4月1日に「学校教育法等の一部を改正する法律」が施行され、学習者用デジタル教科書の利用が可
能となった(1)。これにより、従来の紙の教科書を主たる教材としつつ、必要に応じて学習者用デジタル教科
書を併用することが制度的に認められた。さらに、中央教育審議会の議論を経て、2024 年度からは全国の小
中学校を対象に段階的に導入が進められている。
一方で、導入の進展に伴い課題も指摘されている。教育先進国であるスウェーデンやフィンランドの一部
都市では、学力低下や学習態度への影響が懸念され、紙の教科書へ回帰する動きも見られる (2,3)。また、単
にデジタル教科書を導入するだけでは十分な効果は得られず、テクノロジーを効率的に操作し、デジタルコ
ンテンツを適切に評価・活用する能力が不可欠であり (4)、教員の情報リテラシー向上に向けた取り組みも求
められる。
本研究では、学習者用デジタル教科書の整備率が学力に与える影響を主たる焦点として明らかにすること
を目的とする。あわせて、指導者用デジタル教科書の整備率や教員のICT研修受講率などの関連要因につい
ても検討し、交互作用の効果を補助的に分析する。具体的には、SSDSE をはじめとするパネルデータを用い
て予測モデルを構築し、機械学習手法により学力との関連を検証する。機械学習モデルは一般にブラックボ
ックス化しやすいが、本研究では説明可能なAI（XAI）の手法である SHAP を適用することで、各要因が学
力に及ぼす寄与度を","考察
5.1 SHAP解析
図3に各モデルの教科ごとのSHAP解析結果を示す。解析結果からは、いくつかの共通傾向に加え、学校段
階や教科ごとの特徴が確認された。
第一に、指導者用デジタル教科書の整備は一貫して学力にプラスに寄与していた。このことは、教員が指
導者用デジタル教材を比較的効果的に活用できている可能性を示唆している。
小学校モデルでは、学習者用デジタル教科書の整備率およびそれに関連する交互作用項が高い重要度を示
しつつ、負の寄与を示すことが明らかとなった。これは、小学生にとってデジタル教材の操作や活用が難し
く、学習効果に結びつきにくい可能性を示している。この結果は「デジタル教科書を読む幼い学習者は、紙
の教科書で物語を読んだ学習者よりもデバイスそのものについて話す傾向があり、集中力が散漫になる」と
いう既存研究(14)とも整合的である。さらに、人口増減率や15歳未満人口割合が低い地域ほど学力にプラスに
寄与する傾向がみられた。これらの変数は直接的な因果関係を示すというよりも、地域の教育環境や進学構
造などを反映する代理変数として作用している可能性が高い。また、消費支出に占める教育費の割合が高い
地域では学力へのプラス寄与がみられ、教育投資の大きさが教育熱心さを反映し、小学生の成績向上に結び
ついていると解釈できる。
中学校モデルでは、教員1人あたりの生徒数が多い地域ほど学力にプラス寄与する結果が得られた。これ
は、都市部のように生徒数が多い環境で学習機会や教育資源が比",references/awards/text/2025/university-general/2025U5-shorei-03.txt,references/awards/notes/2025/university-general/2025U5-shorei-03.md
2025,paper,大学生・一般の部,審査員奨励賞,日本の人口変動の要因分析 (パネルデータ分析とランダムフォレストを用いて),遠山 修生、降籏 直二郎、HOANG THI MY LINH(信州大学経法学部応用経済学科),,https://www.nstac.go.jp/sys/files/sites/3/2025U5-shorei-04.pdf,references/awards/raw/2025/university-general/2025U5-shorei-04.pdf,2026-08-17T07:54:32.318075+00:00,28b6d5f6f427475b88e8015cd018ef52e9ac0df5245a06f30d371cc4dd1bc122,918854,2025U5-shorei-04,8,11964,相関分析 / 重回帰 / パネルデータ / 時系列 / 主成分分析 / 検定 / 機械学習,人口・移住,"研究目的 
今日の日本では、 少子高齢化により人口減少が深刻化している。平成30 年度の総務省情報通信白書に
よると、我が国では少子高齢化が進展した結果、2008 年をピークに以降は人口減少に転じ、2050 年に
は日本の総人口が1 億人を下回ることが予測されている。(総務省、2018)さらに、人口減少の進行によ
り多方面に影響を及ぼし、様々な問題が深刻化してしまう。経済面では、生産年齢人口が減少し労働力
不足、国内需要の減少による経済規模の縮小、国際的競争力の低下、財政面では、医療・介護費の増大
など社会保障制度の維持の難化、税収減少による財政状態悪化、社会面では経済の衰退による国民の生
活水準の低下、自治体の過疎化、格差拡大などが挙げられる(総務省、2021)。以上より人口減少の解消
は日本の国力維持には必要不可欠である。 
これまでの人口増減に関するパネルデータ分析において、複数の社会的側面に関する指標を利用した
分析は少なかった。また、多数の変数を用いる分析において、多重共線性があっても安定した結果を得
られるうえ、Lasso 回帰分析や主成分分析を用いた回帰分析よりも解釈性が高い手法の一つとしてラン
ダムフォレストがある。そのランダムフォレストを使った分析として、三木(2020)では、人口増減に関
して全国 1720 市町村のデータを用いて、都市の人口規模別の分析がなされたが、社会増減と自然増減
に分解しての要因分析は行われなかった。社会増減に関しては、ある自治体の転出","まとめたパネルデータとランダムフォレストを組み合わせた分析から得られる
知見に基づいて考察していく。 
 
2.分析手法 
 本研究では、全国47 都道府県の2012 年から 2022 年までのデータを用いて、1000 人当たり人口増
減率を被説明変数、医療、教育、物価面など様々な社会的側面から抽出した計18 個の指標を説明変数に
して、パネルデータ分析を行った。説明変数は、医療面では、10 万人当たり医療施設数(診療所数と病院
数の和)、教育面では、保育所等数、幼稚園数、小学校数、中学校数、高校数、大学数、物価面では交通
費、医療費、光熱費、住居費、教育費、食費、住宅地の平均価格、さらに、在留外国人数、有効求人数、
犯罪件数、婚姻数を用いた。 
続いて、パネルデータ分析の概要と手法について説明する。パネルデータとは、時系列データとある
時点の複数の情報を収集した横断面データを合わせ、複数の主体の情報を収集したデータである。パネ
ルデータ分析にはPooledOLS、変量効果モデル、固定効果モデルといった主に3 つの分析手法がある。
PooledOLS はすべての個体において個別効果に差がないとしたもの、変量効果モデルは個別効果と説明
変数に相関がないモデル、 固定効果モデルは個別効果と説明変数に相関があるモデルである(山本、2015)。
また、モデルの判別では、個別効果の有無にはF 検定を、個別効果と説明変数の相関の有無にはハウス
マン検定を実施して固定効果モデルと変量効果モデル",references/awards/text/2025/university-general/2025U5-shorei-04.txt,references/awards/notes/2025/university-general/2025U5-shorei-04.md
2025,paper,大学生・一般の部,審査員奨励賞,人口動態の地域差に着目した基礎的分析,山形 陽生(武蔵精密工業株式会社),,https://www.nstac.go.jp/sys/files/sites/3/2025U5-shorei-05.pdf,references/awards/raw/2025/university-general/2025U5-shorei-05.pdf,2026-08-17T07:54:32.318075+00:00,15d93c49751fe9ead81107a53db0add55663583477ef1df01ba96a3bdc8f282d,1562554,2025U5-shorei-05,9,10507,記述統計・可視化 / 相関分析 / 重回帰 / 時系列 / クラスタリング / 機械学習 / 因果推論,人口・移住,"目的 
日本社会が直面する課題は多岐にわたるが、その中でも人口減少は特に深刻な問題である。出生率の低
下や高齢化が主要な要因とされる一方、都市部への人口集中や過疎地域からの人口流出といった地域間の
人口移動も、各地域の人口構造やバランスに影響を及ぼしている。こうした人口動態の変化は地域ごとに
異なる傾向を示しており、限られた資源の中で有効な政策を立案するには、各地域の特性を正確に把握す
る必要がある。 
本研究では、都道府県ごとの自然増減率と社会増減率に着目し、その関係性を統計的に分析する。自然
増減率と社会増減率はいずれも人口変動の主要な構成要素であるが、地域ごとにその影響の現れ方には違
いが見られる可能性がある。本研究では、都道府県ごとの自然増減率と社会増減率に着目し、その関係性
を統計的に分析する。自然増減率と社会増減率はいずれも人口変動の主要な構成要素であるが、両者の寄
与度や相関の強さは地域によって異なる可能性がある。そのため、地域ごとの特性を捉えるためにクラス
タリングし、それぞれの傾向を把握した上で、地域特性を踏まえた政策検討の基礎となる知見を提示する
ことを目的とする。 
現在の人口対策は全国一律的な傾向が強く、地域ごとの特性まで十分に考慮されていない場合も多い。
本研究は、統計的な分析を通じて、地域ごとの傾向を把握することで、今後の施策検討に資する視点を提
供したい。 
 
 
[図１：日本の人口推移] 
 
２．研究の方法と手順 
本分析では、都道府県別の「自","考察と解決策の提示 
クラスタリングおよびPLSの結果をもとに、地域ごとの人口動態の傾向や特徴を整理する。特に、全国
一律の政策と地域ごとの実情との適合性について検討し、地域特性に応じた対応の必要性を分析の観点か
ら明らかにする。得られた結果を踏まえ、各地域の特徴に即した人口政策の方向性を整理し、今後の検討
に向けた基礎的な視点を示す。 
 
３．データセットの加工 
3.1 目的変数 
日本の自然増減率および社会増減率のデータを取得し、人口動態の指標として用いた。各データの出典
および対象年度については、表1に示す。 
 
表１ 目的変数のデータセット 
 
 
3.2 説明変数 
本研究で使用した説明変数とその出典を表2に示す。説明変数は、目的変数である自然増減率および
目的変数 出典 年度
日本の人口推移 統計ダッシュボード 2015～2024
自然増減率 e-Stat　人口推計 2022.10～2023.09
社会増減率 e-Stat　人口推計 2022.10～2023.09

 
 
3 
社会増減率との関連を考慮し、政策領域ごとに分類して選定した。なお、本研究では都道府県単位でクラ
スタリングを行った上でPLS回帰分析を実施しており、スモールデータの構造にあることから、モデルの
安定性を確保する目的で、各クラスタにおける説明変数の数は最大10個に制限している。 
 
表２ 説明変数のデータセット 
 
４．データ分析の結果 
4.1 外れ値の検討とクラスタリングの結果",references/awards/text/2025/university-general/2025U5-shorei-05.txt,references/awards/notes/2025/university-general/2025U5-shorei-05.md
